Gene,N,Pearson_r,Pearson_P,N_low,N_nonlow,Mean_low,Mean_nonlow,Median_low,Median_nonlow,Delta_mean,Delta_median,Wilcoxon_P,Pearson_FDR,Wilcoxon_FDR,Rank
VPS4A,858,0.483064938982221,2.27550945778848e-51,76,782,-1.07452370787237,-0.3772573208211,-0.87545290935,-0.31471064705,-0.697266387051269,-0.5607422623,1.15337648533155e-22,4.19490168543306e-47,2.10560411162129e-18,276
ZNF407,858,0.235228016374629,2.98740169354847e-12,76,782,-0.938803274853947,-0.711881682503709,-0.8813751372,-0.6954472576,-0.226921592350239,-0.1859278796,6.33968865274602e-10,5.0066136564151e-09,5.78686780222657e-06,277
COPG1,858,0.231379702303948,6.84171347884203e-12,76,782,-1.82477295641447,-1.39991322541535,-1.845574727,-1.45645850065,-0.424859730999128,-0.38911622635,5.58126189788196e-08,9.70207599865021e-09,0.000339638390692444,278
GMNN,858,0.174621306594566,2.64568702007787e-07,76,782,-0.646256738768421,-0.433514547908184,-0.6401837967,-0.39488790455,-0.212742190860237,-0.24529589215,8.21266789328746e-08,3.99780657501111e-05,0.00037482616264964,279
RPL36A,243,-0.306264123027335,1.13289354686667e-06,32,211,-0.932091239021875,-1.45507315217867,-0.87217037345,-1.4374363289,0.522981913156798,0.56526595545,4.65261847220762e-07,0.000134741242170885,0.00169876405657245,280
POLR2I,858,0.182568988744356,7.23353124959363e-08,76,782,-2.22385818064605,-1.95610846251164,-2.21008807035,-1.9609216649,-0.267749718134416,-0.24916640545,2.8857082981965e-06,1.4036857745922e-05,0.00878024844864589,281
BRF2,858,0.152925275603052,6.81482672503151e-06,76,782,-1.88018371959605,-1.6748508283899,-1.8936646487,-1.67346182195,-0.205332891206155,-0.22020282675,6.34854414945424e-06,0.000587062292878298,0.0165570031417767,282
CHMP6,858,0.190257423581742,1.9519960014903e-08,76,782,-2.05397266623947,-1.80467119550409,-2.0036115693,-1.7870238988,-0.249301470735382,-0.2165876705,9.3356033255271e-06,4.7348745115097e-06,0.0213038467888528,283
ABHD3,858,0.237027352170403,2.01759816272605e-12,76,782,-0.123263442815789,-0.0743082184602302,-0.1369938333,-0.0696205984,-0.0489552243555593,-0.0673732349,1.18339483664492e-05,3.71944221298548e-09,0.0240045068197663,284
ZNF236,858,0.192560733310455,1.30440467864117e-08,76,782,-0.431887311782895,-0.298317333649872,-0.41183018365,-0.2896122038,-0.133569978133023,-0.12221797985,1.39743997397422e-05,3.5148903539077e-06,0.0255116641648734,285
CDK1,858,0.113037170496187,0.00091037588404133,76,782,-2.83643918498158,-2.58523893856995,-2.90725600945,-2.5995652978,-0.25120024641163,-0.30769071165,2.19189496384012e-05,0.0201232367173884,0.028095667957919,286
POLR2H,858,0.128737427734546,0.000156088548371367,76,782,-1.67243128411447,-1.49431403353645,-1.64507632755,-1.4868668042,-0.178117250578029,-0.15820952335,2.30847403247581e-05,0.00589650079759457,0.028095667957919,287
HSPA13,858,0.211407838744715,3.99366133237011e-10,76,782,-0.354716050384211,-0.192425295423529,-0.3131539097,-0.15546525145,-0.162290754960681,-0.15768865825,1.79484926562249e-05,2.53219500487477e-07,0.028095667957919,288
RPF2,858,-0.178571247217904,1.39888030143082e-07,76,782,-0.994790256703947,-1.15797231218325,-1.01187745375,-1.1323803053,0.163182055479301,0.12050285155,2.12190222110921e-05,2.3878109589701e-05,0.028095667957919,289
CTDNEP1,858,-0.156602762012783,4.04747931352276e-06,76,782,-0.338889347478947,-0.46500607283376,-0.31036486585,-0.44788724475,0.126116725354812,0.1375223789,2.30350096488426e-05,0.000376844854266626,0.028095667957919,290
PDCD2,858,-0.089098557093074,0.00902164744594594,76,782,-1.13806702263816,-1.41831272574079,-1.0277672146,-1.4376187728,0.280245703102635,0.4098515582,3.22967594002639e-05,0.0899481182617704,0.0368506024757011,291
TEDC1,858,-0.115643622519524,0.000689186289377506,76,782,-0.282874982921053,-0.428113690654092,-0.2525267076,-0.41553946365,0.145238707733039,0.16301275605,4.15912763071421e-05,0.016564731740123,0.0446641376625404,292
RAPGEFL1,858,0.119498121447159,0.000451881203887238,76,782,-0.246449511676316,-0.161893733332225,-0.23029906675,-0.15751132725,-0.0845557783440907,-0.0727877395,5.72678811525231e-05,0.0125566279581186,0.0558241724355573,293
MBP,858,-0.183482742999653,6.20847460583955e-08,76,782,0.227016550461842,0.17927477036087,0.2208691032,0.17976576435,0.0477417801009726,0.04110333885,5.80992153963403e-05,1.28599134110845e-05,0.0558241724355573,294
FAM32A,858,0.124437290156688,0.000258318492897366,76,782,-0.740446021031579,-0.657676388270205,-0.7468504028,-0.6430650008,-0.0827696327613744,-0.103785402,9.0513227829282e-05,0.00859585093242409,0.0752375152850392,295
NARS1,858,0.0851800553904556,0.0125615582475528,76,782,-2.01180276764605,-1.87238098705742,-1.96026053025,-1.86041258775,-0.139421780588636,-0.0998479425000001,9.4598928596828e-05,0.110877716063049,0.0752375152850392,296
CABLES1,858,0.212218075800205,3.41185078811522e-10,76,782,-0.038645903425,0.0144006518856778,-0.0366087383,0.01518881695,-0.0530465553106778,-0.05179755525,9.1610664575109e-05,2.419133433804e-07,0.0752375152850392,297
MMP10,858,-0.0983854720136993,0.00391822440868895,76,782,0.0221023904631579,-0.0338174351828645,0.0206930829,-0.02965683645,0.0559198256460224,0.05034991935,9.47887188626151e-05,0.0533868935507619,0.0752375152850392,298
GPN1,858,0.0986654150922447,0.00381679044325838,76,782,-1.94559066751842,-1.74875171309297,-1.948248686,-1.7475554952,-0.196838954425454,-0.2006931908,0.000108572153139943,0.0526665657346319,0.0779195581277425,299
PPP1R2,858,0.265986313442464,2.3190031194866e-15,76,782,-1.03108806423289,-0.860767310190153,-0.9985028335,-0.854008873,-0.170320754042741,-0.1444939605,0.000102887092770271,8.55016450154709e-12,0.0779195581277425,300
TRAPPC5,858,0.0655098678518661,0.0550914171658059,76,782,-0.963108568905263,-0.854096233567391,-0.9825490051,-0.8474154909,-0.109012335337872,-0.1351335142,0.000110972201540387,0.259041280023244,0.0779195581277425,301
GJB6,858,-0.111447370257978,0.00107582354489819,76,782,-0.038959111656579,-0.0950436837795396,-0.04617316405,-0.09503336335,0.0560845721229607,0.0488601993,0.000128973470947337,0.0222840528653911,0.0855937660206507,302
AURKB,858,-0.182357808736745,7.49274050802473e-08,76,782,-2.041191843625,-2.22302128668529,-2.01180945445,-2.2105641226,0.181829443060294,0.19875466815,0.000131278782240262,1.43884032568162e-05,0.0855937660206507,303
CDCA5,858,0.172050322030939,3.97518763616342e-07,76,782,-1.17114917527368,-1.01274792105537,-1.1494884698,-0.97686284555,-0.158401254218313,-0.17262562425,0.000154447730772179,5.63712185174405e-05,0.0893222735758111,304
SLC7A6OS,858,0.035176438151076,0.303389534501078,76,782,-1.31731872293684,-1.18063277737481,-1.31507137115,-1.15889951505,-0.136685945562034,-0.1561718561,0.000144243868571421,0.614866135254915,0.0893222735758111,305
CCDC51,858,0.143422533079462,2.4782137030971e-05,76,782,-0.305941298289474,-0.166558251264706,-0.20872800075,-0.0939718149,-0.139383047024768,-0.11475618585,0.000154146994045994,0.00158280773363829,0.0893222735758111,306
HEATR3,858,-0.116756294556249,0.000610911049294742,76,782,-0.199595323396053,-0.324708450455371,-0.16744451455,-0.3046600676,0.125113127059318,0.13721555305,0.000156568402411588,0.0154064913731171,0.0893222735758111,307
RPL23A,244,-0.275135933579064,1.29982027805233e-05,32,212,-2.1987557403125,-2.5225306015816,-2.21606928635,-2.5212313335,0.323774861269104,0.30516204715,0.000180891217774041,0.000941421676684706,0.100071214293421,308
SP140,858,-0.0883102150254444,0.00965244701761722,76,782,0.144041621763158,0.10512962362532,0.1443464715,0.1054426309,0.0389119981378382,0.0389038406,0.000195579950720402,0.0935556576076621,0.105014928833872,309
RPL14,858,-0.030774385389066,0.367944012777294,76,782,-2.14441502490921,-2.3197806207743,-2.1749985519,-2.3774830184,0.175365595865086,0.2024844665,0.000207961178823174,0.667085199794121,0.108472550874167,310
RBM28,858,0.113541681195882,0.000863008595575427,76,782,-0.865881217892105,-0.753153984044629,-0.87497667225,-0.7420388803,-0.112727233847476,-0.13293779195,0.00021483448945845,0.019307722644943,0.108944956654263,311
BCAS2,858,0.0677895383357255,0.0471382894581895,76,782,-1.11526393578684,-0.988821330996675,-1.07782428065,-0.96900071135,-0.126442604790167,-0.1088235693,0.000244055224245802,0.238732256000606,0.113088324231743,312
SEMA4F,858,0.0941191593091909,0.00579764653584465,76,782,-0.0982902873263158,-0.050396716742711,-0.08589511375,-0.05236026615,-0.0478935705836048,-0.0335348476,0.000236306961980639,0.0692634966884335,0.113088324231743,313
CCDC68,858,-0.193848851742115,1.03888763513302e-08,76,782,0.214410686721053,0.170798758874297,0.21557564645,0.1674626325,0.0436119278467559,0.04811301395,0.000243131447661634,2.90180205358747e-06,0.113088324231743,314
NELFB,858,-0.0860822257007052,0.0116524956368735,76,782,-1.24819400021053,-1.43587524655473,-1.2695486763,-1.46128166915,0.187681246344205,0.19173299285,0.000247783357212407,0.106067675663688,0.113088324231743,315
YTHDC1,858,0.0765443514082733,0.0249529184367188,76,782,-0.562162736132895,-0.47694688993376,-0.54359039175,-0.4681833355,-0.0852158461991351,-0.07540705625,0.000267743037728569,0.166067527574336,0.119217485287141,316
NANOG,243,-0.233680198272233,0.000237904592898661,32,211,0.3252447879875,0.184954809862559,0.2950612806,0.159343657,0.140289978124941,0.1357176236,0.000297101049069041,0.00812179846312373,0.12913992266201,317
SGO1,858,0.123498746892101,0.000287738056884935,76,782,-1.12126884214737,-0.981579090673018,-1.08390562005,-0.9425605833,-0.139689751474351,-0.14134503675,0.00035434818707898,0.00925733172543417,0.139478131714538,318
RPAP2,858,0.142584085720342,2.76667278527891e-05,76,782,-0.963374590115789,-0.821350005215985,-0.89777545495,-0.8028248589,-0.142024584899805,-0.0949505960500001,0.000347198979545149,0.00172309502691273,0.139478131714538,319
CD3G,858,0.062739393976068,0.0662290531951664,76,782,-0.04105335605,0.0232011956170077,-0.0420899683,0.01802831805,-0.0642545516670077,-0.06011828635,0.000397286527670683,0.284998271627659,0.139478131714538,320
CYP11B2,858,0.08518669331855,0.0125546469654036,76,782,-0.0177015547842105,0.0394427372464194,-0.0113579067,0.04214945985,-0.05714429203063,-0.05350736655,0.000338923907392819,0.110877716063049,0.139478131714538,321
SIGMAR1,858,0.0715400276431819,0.0361572546404178,76,782,-0.255678268276316,-0.208293870369821,-0.25346991695,-0.2009532845,-0.0473843979064948,-0.05251663245,0.000342719973750626,0.206512142062229,0.139478131714538,322
OLR1,858,-0.155854685863961,4.50437988826396e-06,76,782,0.0858938140684211,0.051628205411509,0.0829551972,0.0517220326,0.0342656086569121,0.0312331646,0.000374551994255975,0.000411080412079931,0.139478131714538,323
ATP2B2,858,-0.0789320336312727,0.0207619107327629,76,782,-0.0207297460828947,-0.0666844828413043,-0.0225673792,-0.0625468843,0.0459547367584096,0.0399795051,0.000395828669659164,0.148121449055141,0.139478131714538,324
PIEZO1,858,-0.100692893309328,0.00315041506516716,76,782,-0.0293035661289474,-0.0924654577685422,-0.0343842759,-0.086152265,0.0631618916395948,0.0517679891,0.000391485030182413,0.0463331134255377,0.139478131714538,325
MTA2,858,-0.210078039091629,5.1642632041419e-10,76,782,-0.130188187722368,-0.221265023620205,-0.1403800588,-0.19335910555,0.0910768358978362,0.05297904675,0.00037663053833506,2.97509975526112e-07,0.139478131714538,326
AFF1,858,-0.209114784691015,6.21461281060979e-10,76,782,0.118210945043421,0.055607618023913,0.1243412963,0.07082263465,0.062603327019508,0.05351866165,0.000387185962477633,3.36959962245857e-07,0.139478131714538,327
XRN2,858,-0.0820165669444226,0.0162635666638509,76,782,-1.19957501704342,-1.36203948873414,-1.1981770927,-1.3449951135,0.162464471690722,0.1468180208,0.00041670091031287,0.128402077707962,0.143533807899467,328
RAB6A,858,0.112451317473104,0.000968393251578548,76,782,-0.724955802773684,-0.525173854938235,-0.6331803421,-0.44372457795,-0.199781947835449,-0.18945576415,0.000466629679676798,0.020904367204743,0.144386295460671,329
POLR2D,858,0.0904425605630904,0.00803054735421913,76,782,-2.10320207276184,-1.90716032897864,-2.04243595895,-1.9030395461,-0.196041743783198,-0.13939641285,0.000450765055430184,0.0841154207244487,0.144386295460671,330
DHX16,858,0.0860953814283098,0.011639682046213,76,782,-1.16085604623816,-1.06327037480345,-1.1270539564,-1.0521914406,-0.0975856714347052,-0.0748625158000003,0.000445860699414937,0.106067675663688,0.144386295460671,331
CHRND,858,0.132292038601501,0.000101702032271596,76,782,-0.217895393081579,-0.157522422933632,-0.20642031715,-0.14785554675,-0.0603729701479472,-0.0585647704,0.00045738253727894,0.00436017898820202,0.144386295460671,332
IMPACT,858,0.163099203510456,1.56562404657798e-06,76,782,-0.119344038731579,-0.0702034284934783,-0.10603380735,-0.06389740065,-0.0491406102381007,-0.0421364067,0.000465781877453421,0.000170439512970142,0.144386295460671,333
CARD19,858,0.0221488608490014,0.517043128770658,76,782,-0.0492053791697368,0.00114880636304348,-0.03718917685,-0.00051081785,-0.0503541855327803,-0.036678359,0.000464935512508285,0.776655559506918,0.144386295460671,334
HAUS1,858,0.113934265683898,0.000827739450513845,76,782,-1.85527524057368,-1.66839224920946,-1.838127565,-1.6340476472,-0.186882991364221,-0.2040799178,0.000479520717856792,0.0187923359239196,0.144555797744474,335
MFSD9,858,-0.00914183649740277,0.78916538694271,76,782,0.0618257484197368,-0.00236241284130435,0.04172325225,-0.002295277,0.0641881612610412,0.04401852925,0.000483014004295186,0.916426072963078,0.144555797744474,336
TSC22D2,858,0.169706555939945,5.73162506043237e-07,76,782,-0.563658632865789,-0.420025539430563,-0.55774625865,-0.39511405575,-0.143633093435227,-0.1626322029,0.000518339629243842,7.6567034774689e-05,0.14493698496925,337
ITGB1,858,0.218814706675153,9.24752395600705e-11,76,782,-0.345424966569737,-0.176438185642839,-0.22260918615,-0.1139602985,-0.168986780926898,-0.10864888765,0.000523983403153512,1.13652069419327e-07,0.14493698496925,338
SCYL1,858,0.107550490273096,0.00160557356674404,76,782,-0.475729109498684,-0.399499831592327,-0.41621226125,-0.35716923015,-0.0762292779063568,-0.0590430311,0.000503565345622695,0.0294222154104636,0.14493698496925,339
IFNA16,858,0.0875632276423844,0.010286064745323,76,782,0.0564894811907895,0.0936523883101023,0.05118142015,0.0864609055,-0.0371629071193128,-0.03527948535,0.000514608645462162,0.0976434621936298,0.14493698496925,340
PRMT1,858,-0.107340996139501,0.00163992167812923,76,782,-1.25072898395263,-1.41307381263772,-1.2377755817,-1.4128448303,0.162344828685092,0.1750692486,0.000516470997099891,0.0299622954770191,0.14493698496925,341
TUBD1,858,-0.0829060590498956,0.0151364941333688,76,782,-0.353492247882895,-0.452579584450128,-0.3123116873,-0.4204990611,0.0990873365672331,0.1081873738,0.000544190771944321,0.123034069377714,0.148279801979336,342
BBIP1,858,0.0664718530698728,0.0516086462966145,76,782,0.0523941169697369,0.0938384928609974,0.0478575078,0.09435407885,-0.0414443758912606,-0.04649657105,0.000555063084434879,0.249481852893997,0.149018112785929,343
RPL6,244,-0.230095668239132,0.000289514249530251,32,212,-2.42709748865938,-2.75509221645236,-2.42390838505,-2.75678081655,0.327994727792984,0.3328724315,0.000580255001177086,0.00927149523429395,0.153523700021578,344
CYP4B1,858,-0.109353174070739,0.00133620113075689,76,782,-0.0537941382539474,-0.102745233777621,-0.04804046575,-0.10248098775,0.0489510955236741,0.054440522,0.000603836050021193,0.025793578895815,0.157480441845527,345
GSPT1,858,0.153802197400803,6.02520816772774e-06,76,782,-1.93812699588553,-1.68585150996611,-1.8473900875,-1.6801309953,-0.252275485919414,-0.1672590922,0.000648456608359919,0.000526420438730146,0.158840237435458,346
TBCC,858,0.0160018946634704,0.639735725441821,76,782,-0.993370718342105,-0.887606525275448,-0.9502888813,-0.8619682238,-0.105764193066658,-0.0883206575000001,0.00064271596980926,0.846567231248293,0.158840237435458,347
ARL6IP5,858,0.112337513296635,0.000980052457907654,76,782,-0.0581860321578947,-0.0110378770277494,-0.05632418185,-0.00996170495,-0.0471481551301454,-0.0463624769,0.000629130735430752,0.0209703735856229,0.158840237435458,348
SEL1L,858,-0.215488326415013,1.79557044783524e-10,76,782,0.00145267102631579,-0.0739844295668798,0.01708727285,-0.0546477679,0.0754371005931956,0.07173504075,0.000660081218047799,1.50460641844739e-07,0.158840237435458,349
WDR74,858,-0.112517190497438,0.00096170330568341,76,782,-1.79169639473947,-1.96888451088606,-1.86412045915,-1.976858063,0.177188116146588,0.11273760385,0.000629130735430752,0.0208754120314256,0.158840237435458,350
EED,858,-0.209658728616965,5.5983094572315e-10,76,782,-0.144666968531579,-0.293814276988491,-0.13059069475,-0.27021941585,0.149147308456912,0.1396287211,0.000661254275038061,3.12741923769887e-07,0.158840237435458,351
CDAN1,858,-0.286986664912003,9.90225838238184e-18,76,782,-0.837169274271053,-1.0808053433876,-0.72895981395,-1.07827538145,0.243636069116543,0.3493155675,0.000749673953651553,6.08493777597364e-14,0.177740879193023,352
ARF4,858,0.0927092915547466,0.0065776662942425,76,782,-0.829011077728947,-0.677840301457928,-0.7477292603,-0.59578411725,-0.151170776271019,-0.15194514305,0.000821266150303404,0.0746210942365295,0.179184374996915,353
PMPCB,858,0.052728941745792,0.122748528607444,76,782,-1.72786071183289,-1.61696457615486,-1.7458404802,-1.6074015324,-0.110896135678035,-0.1384389478,0.000788851833352001,0.397692289082289,0.179184374996915,354
UXT,858,0.0884655554928736,0.00952513073645026,76,782,-1.00229625070921,-0.894148027466241,-0.9924374234,-0.88442137135,-0.10814822324297,-0.10801605205,0.00080843786193025,0.092870990166922,0.179184374996915,355
GTF2F1,858,0.109317974310651,0.00134103604625495,76,782,-0.577852483556579,-0.509393321567519,-0.5521205066,-0.50075470715,-0.0684591619890598,-0.05136579945,0.000829922987161752,0.0258598321262657,0.179184374996915,356
TMEM278,858,-0.15605589618997,4.3768581785335e-06,76,782,-0.0176296936657895,-0.0772832943639386,-0.03045695195,-0.0696191983,0.0596536006981491,0.03916224635,0.000811272418633548,0.00040142975383714,0.179184374996915,357
PHF13,858,-0.0629775903088224,0.0652038441962193,76,782,-0.0449560749868421,-0.100300878055882,-0.04993749855,-0.09754797225,0.0553448030690402,0.0476104737,0.00083428307815172,0.282631758231202,0.179184374996915,358
LIG1,858,-0.170158900183878,5.34287212219671e-07,76,782,-0.250231575467105,-0.332129812286957,-0.2168826894,-0.2924392816,0.0818982368198513,0.0755565922,0.000821266150303404,7.2423417332865e-05,0.179184374996915,359
RPL13,858,-0.115852862708345,0.000673790656235792,76,782,-2.12166143689474,-2.27829826203107,-2.13815136105,-2.2588486624,0.156636825136337,0.12069730135,0.000809853989543639,0.0163653896544227,0.179184374996915,360
POPDC3,858,-0.0902210623696743,0.00818687177791042,76,782,0.102328438651316,0.0704390706567775,0.10870875775,0.0713700287,0.0318893679945383,0.03733872905,0.000877539791756372,0.0850281584370584,0.186283330677957,361
CYP2C18,858,0.0828683557793123,0.0151828367332549,76,782,-0.0987565689921053,-0.056311609242711,-0.0820584516,-0.04699969415,-0.0424449597493943,-0.03505875745,0.000889833474730016,0.123356366318887,0.186721838099669,362
LMAN1,858,0.117650374240401,0.000554086779334159,76,782,0.0745639122105263,0.103877862962148,0.0706530861,0.1036921699,-0.029313950751622,-0.0330390838,0.000922868037864309,0.0145562466285209,0.191453169309669,363
MC1R,858,-0.0324136708971602,0.342969366009757,76,782,0.0339130711118421,-0.0252008339108696,0.02329508865,-0.02024280175,0.0591139050227117,0.0435378904,0.000973714795062461,0.647975412040225,0.199731879760228,364
PARD6G,858,-0.14154054622646,3.17031001730097e-05,76,782,-0.0363857336236842,-0.093444370707289,-0.0436209771,-0.08905635535,0.0570586370836048,0.04543537825,0.000997517778649925,0.00189755406392673,0.2023409396337,365
SUCO,858,0.125903346427915,0.000217938790033797,76,782,-0.223778572590789,-0.132761584923529,-0.2094368808,-0.09050644455,-0.0910169876672601,-0.11893043625,0.00103245754630227,0.00765276494147246,0.20593465381521,366
ZDHHC6,858,0.105066991880156,0.00205870224579372,76,782,-0.00570674610131579,0.0394006200492327,-0.00975178325,0.03381689115,-0.0451073661505485,-0.0435686744,0.00103779514411696,0.0350112323811874,0.20593465381521,367
ATP7B,858,0.0930842121242515,0.00636153657329481,76,782,0.0355883163723684,0.0776388813805627,0.03299915445,0.08216994905,-0.0420505650081942,-0.0491707946,0.00105577210872941,0.0732968292054312,0.206456565681921,368
SLC66A2,858,-0.151336856198422,8.50313291097294e-06,76,782,0.194428137548684,0.143378373639003,0.1848302646,0.14230737525,0.0510497639096817,0.04252288935,0.00106304322820446,0.000684520765125703,0.206456565681921,369
HAUS4,858,0.0665484907473296,0.0513392798951967,76,782,-1.29755354712632,-1.17350147203824,-1.2849912945,-1.14765674665,-0.12405207508808,-0.13733454785,0.00116187995560056,0.248932042311402,0.209942355607244,370
GPN3,858,0.068716707808375,0.0441915413025441,76,782,-1.42668818932632,-1.31332833255703,-1.4025528536,-1.2975334065,-0.113359856769282,-0.1050194471,0.00118183453206527,0.229873325031716,0.209942355607244,371
CDKN1B,858,0.0952284575465412,0.00524356098400864,76,782,-0.0343992958144737,0.0379072001392583,-0.04127954355,0.03264589505,-0.072306495953732,-0.0739254386,0.00119599063229368,0.0644722486588089,0.209942355607244,372
C11orf24,858,0.0752295191849401,0.0275590770451529,76,782,0.00436770740789474,0.0513201806939898,0.00736608895,0.0478221009,-0.046952473286095,-0.04045601195,0.00115792659504464,0.17659074915794,0.209942355607244,373
PBDC1,858,-0.100635355697714,0.00316776371891291,76,782,0.0829164667118421,0.0369849358924552,0.0631506493,0.03873994435,0.0459315308193869,0.02441070495,0.00118384730884741,0.0463892990449382,0.209942355607244,374
TH,858,-0.0500145284917396,0.14325193547724,76,782,-0.0233364853592105,-0.0770778320405371,-0.0417753571,-0.07219925955,0.0537413466813266,0.03042390245,0.00114028984735223,0.427852062340581,0.209942355607244,375
