Order,CancerType,N,Median_CN
1,ACC,91,2
2,BLCA,414,2
3,BRCA,1107,2
4,CESC,304,2
5,CHOL,49,2
6,COAD,473,2
7,DLBC,48,2
8,ESCA,186,2
9,GBM,606,2
10,HNSC,527,2
11,KICH,80,2
12,KIRC,536,2
13,KIRP,291,2
14,LAML,197,2
15,LGG,533,2
16,LIHC,377,2
17,LUAD,533,2
18,LUSC,504,2
19,MESO,87,2
20,OV,593,2
21,PAAD,186,2
22,PCPG,183,2
23,PRAD,499,2
24,READ,168,2
25,SARC,261,2
26,SKCM,472,2
27,STAD,442,2
28,THCA,511,2
29,THYM,124,2
30,UCEC,548,2
31,UCS,56,2
32,UVM,80,2
33,TGCT,269,4
