CancerType,N,Pearson_r,Pearson_P,Spearman_rho,Spearman_P,Status,Pearson_FDR,Spearman_FDR
ACC,78,-0.0975470119660239,0.395530002774008,-0.100778245242546,0.379988554470987,Eligible,0.450085865225595,0.404503945082018
BLCA,407,0.226828559071882,3.793129280089e-06,0.216042777863047,1.09691809408261e-05,Eligible,1.39081406936597e-05,2.78448439267123e-05
BRCA,1102,0.357383752169242,1.53197179587726e-34,0.405897981619409,5.87370327680702e-45,Eligible,5.05550692639495e-33,1.93832208134632e-43
CESC,301,0.160081629443162,0.00537375977663902,0.210326425953669,0.000237815595870282,Eligible,0.00844447964900418,0.000442322856093494
CHOL,35,0.407792163147058,0.0150294417119837,0.493867371297081,0.0025687824846798,Eligible,0.0225441625679756,0.00385317372701971
COAD,471,0.417867150510069,2.49486789611432e-21,0.534606917003297,3.59680824809989e-36,Eligible,4.11653202858863e-20,5.93473360936481e-35
DLBC,48,0.166411869833352,0.258287388514306,0.193269921702139,0.188118202489807,Eligible,0.31568458596193,0.238765410852447
ESCA,185,0.246183545991405,0.000730409935984524,0.264759656375634,0.000270610946179045,Eligible,0.00141785458161702,0.000470008485468867
GBM,292,-0.00131133314893229,0.982199103976917,0.0109454498036561,0.852257138818661,Eligible,0.982199103976917,0.852257138818661
HNSC,519,0.381803287208072,1.86195969718678e-19,0.395643395589228,6.78879886131854e-21,Eligible,2.04815566690545e-18,5.6007590605878e-20
KICH,66,0.214968921014767,0.0830288802337782,0.192403933431081,0.121686938797092,Eligible,0.109598121908587,0.160626759212161
KIRC,533,0.0920363222650618,0.033641265219342,0.163836623571381,0.000145114743399815,Eligible,0.0462567396765952,0.000327113454801091
KIRP,290,0.199688182141678,0.000625307226584331,0.214010678379325,0.000241267012414633,Eligible,0.00128969615483018,0.000442322856093494
LAML,134,0.0535795426697247,0.538647677883053,0.0962187634038811,0.268749877370656,Eligible,0.573399140972283,0.295624865107722
LGG,533,-0.0102353575069753,0.813624359301149,-0.0315512321733275,0.467294814447043,Eligible,0.83905012052931,0.481897777398513
LIHC,371,0.328650350804078,8.58100525614772e-11,0.306389584791908,1.66899461675656e-09,Eligible,4.04533104932678e-10,6.88460279412079e-09
LUAD,530,0.145512860852891,0.000779571425666318,0.150157055760037,0.000523573156215832,Eligible,0.00142921428038825,0.000822757816910593
LUSC,501,0.356888492355948,1.70445365257907e-16,0.361347485850363,6.72887974838137e-17,Eligible,1.40617426337773e-15,4.4410606339317e-16
MESO,87,0.080913585871244,0.456260505804662,0.123014601344014,0.25632270952206,Eligible,0.501886556385128,0.291677566007861
OV,427,0.209188173849531,1.31076134878425e-05,0.28471552374674,2.09147657651709e-09,Eligible,3.60459370915668e-05,7.66874744722931e-09
PAAD,179,0.320444195795277,1.2249863669376e-05,0.35767376800037,8.85953004255297e-07,Eligible,3.60459370915668e-05,2.43637076170207e-06
PCPG,183,0.0787304472427582,0.289420720973174,0.0887781391176194,0.232047771909278,Eligible,0.341102992575526,0.273484874035935
PRAD,498,0.351620210798866,6.13194537536362e-16,0.440273099491104,5.00171482704211e-25,Eligible,4.04708394773999e-15,5.50188630974632e-24
READ,167,0.373871001007367,6.46199405532375e-07,0.447084765588759,1.38796266049508e-09,Eligible,2.66557254782105e-06,6.54325254233393e-09
SARC,259,0.19228112441005,0.00188000289564093,0.217599888131477,0.000419725330484661,Eligible,0.00326526818716583,0.000692546795299691
SKCM,471,0.182200513477197,6.97773453377161e-05,0.168414274431233,0.000241072191274037,Eligible,0.000164475171153188,0.000442322856093494
STAD,412,0.350866304117949,2.22314907245115e-13,0.325244600178926,1.31908120118624e-11,Eligible,1.22273198984813e-12,7.25494660652433e-11
THCA,509,0.123828581109848,0.00514828676345755,0.0548587052882825,0.216623474481054,Eligible,0.00844447964900418,0.264762024365733
THYM,120,0.152355394229357,0.0966705444292929,0.224165156874167,0.0138430066098598,Eligible,0.122697229467949,0.0198449601287941
UCEC,546,0.165687980951174,0.000100403368542563,0.220801126912633,1.86795424260212e-07,Eligible,0.000220887410793639,5.60386272780637e-07
UCS,56,0.298595213393897,0.0253944015046294,0.325293977038984,0.0144326982754866,Eligible,0.036435445637077,0.0198449601287941
UVM,80,0.483665516040823,5.49659331631456e-06,0.551203038945676,1.16826254576601e-07,Eligible,1.81387579438381e-05,3.85526640102784e-07
TGCT,156,-0.315156310288757,6.14301489210287e-05,-0.299125217097596,0.000148687934000496,Eligible,0.000155938070337996,0.000327113454801091
