term,estimate,std.error,statistic,p.value
(Intercept),-0.477741120800119,0.33089779157192,-1.44377246681105,0.149181234353165
"I(CN_binary == ""CN-Low"")TRUE",-0.683392634066975,0.0411583941447371,-16.6039673866712,1.16956073295454e-53
OncotreeLineageAmpulla of Vater,0.103531376833454,0.3820878580766,0.270962226736601,0.78648761745727
OncotreeLineageBiliary Tract,0.121827593787622,0.35097010845024,0.347116722633645,0.728591836592861
OncotreeLineageBladder/Urinary Tract,-0.00219666863652963,0.339075582907491,-0.00647840407054299,0.994832578061075
OncotreeLineageBone,-0.00562914300653651,0.334191401807233,-0.0168440689260566,0.986565070775509
OncotreeLineageBowel,0.141687152238385,0.334982532789311,0.422968777083968,0.672427869152476
OncotreeLineageBreast,0.135123865562666,0.33506536299735,0.403276137986649,0.686849206738264
OncotreeLineageCNS/Brain,-0.0399466300247456,0.333360296118644,-0.119830197206594,0.904646728934729
OncotreeLineageCervix,0.0882242472667896,0.357410464142244,0.246842933036448,0.805090969422619
OncotreeLineageEsophagus/Stomach,0.14714764836031,0.334533805093029,0.439858830767163,0.660154140539232
OncotreeLineageEye,0.13426571900012,0.344409341006847,0.389843430516744,0.696752582112019
OncotreeLineageFibroblast,-0.0611061530998767,0.46796014460031,-0.130579823527638,0.896139422080212
OncotreeLineageHead and Neck,0.0400503151071602,0.334834161696239,0.119612392308685,0.904819217547961
OncotreeLineageKidney,0.0952810991081207,0.337450859245996,0.28235547931636,0.777741512023038
OncotreeLineageLiver,0.145951811889988,0.338019424189038,0.431785280506143,0.666009887743975
OncotreeLineageLung,0.0827203858121653,0.332605467864761,0.248704227092862,0.803651252161293
OncotreeLineageLymphoid,0.24393270738527,0.333130263534218,0.732244212211042,0.464226735307229
OncotreeLineageMyeloid,0.165120011737736,0.335114881753285,0.492726586398806,0.622336421713998
OncotreeLineageOvary/Fallopian Tube,0.121207262361564,0.335267178323788,0.361524390689107,0.71779970685184
OncotreeLineagePancreas,-0.0965409438406613,0.336360236466718,-0.287016517929621,0.774171481413232
OncotreeLineagePeripheral Nervous System,0.10692200467512,0.335462114655349,0.318730491474338,0.750011273381023
OncotreeLineagePleura,0.14980184419792,0.341760784731272,0.43832367811219,0.6612659965559
OncotreeLineageProstate,0.295212417016787,0.357410464142236,0.825975864263737,0.409055711017337
OncotreeLineageSkin,0.15859687898746,0.334191401807229,0.474568998872519,0.635219341695651
OncotreeLineageSoft Tissue,0.0669570459660218,0.334836823177308,0.199969182990862,0.841553783714001
OncotreeLineageTestis,0.264593901173514,0.362573825167993,0.729765589258735,0.465739878778583
OncotreeLineageThyroid,0.0961047253334533,0.348796898028976,0.275532052826541,0.782976249625776
OncotreeLineageUterus,0.172945902496158,0.337487001525902,0.512452040268829,0.608471344911799
OncotreeLineageVulva/Vagina,-0.0715376223998829,0.405265373182514,-0.176520441009071,0.859928256763283
