module,statistic,value
QC,Deep CN Loss,1
QC,Shallow CN Loss,87
QC,CN Non-Low,1030
Genomewide,Gene,VPS4A
Genomewide,N,858
Genomewide,Pearson_r,0.483064938982221
Genomewide,Pearson_P,2.27550945778848e-51
Genomewide,N_low,76
Genomewide,N_nonlow,782
Genomewide,Mean_low,-1.07452370787237
Genomewide,Mean_nonlow,-0.3772573208211
Genomewide,Median_low,-0.87545290935
Genomewide,Median_nonlow,-0.31471064705
Genomewide,Delta_mean,-0.697266387051269
Genomewide,Delta_median,-0.5607422623
Genomewide,Wilcoxon_P,1.15337648533155e-22
Genomewide,Pearson_FDR,4.19490168543306e-47
Genomewide,Wilcoxon_FDR,2.10560411162129e-18
Genomewide,Rank,276
Genomewide,undefined_Wilcoxon_FDR_rows,275
Genomewide,undefined_rows_preceding_candidate,275
CN_vs_expression,pearson,0.454274479411112
CN_vs_expression,pearson_p,2.30421823838902e-57
CN_vs_expression,spearman,0.552457738525754
CN_vs_expression,spearman_p,2.62879452288417e-89
CN_vs_expression,N,1105
expression_vs_dependency,pearson,0.318281050250238
expression_vs_dependency,pearson_p,2.97616515698938e-28
expression_vs_dependency,spearman,0.318020674620408
expression_vs_dependency,spearman_p,3.30794617012855e-28
expression_vs_dependency,N,1140
Targeted,geneA,VPS4B
Targeted,geneB,VPS4A
Targeted,N,858
Targeted,pearson_r,0.483064938982221
Targeted,pearson_p,2.27550945778858e-51
Targeted,spearman_rho,0.457052975374325
Targeted,spearman_p,1.64949799966617e-45
Targeted,wilcoxon_p,1.15337648533155e-22
Adjusted Continuous_CN_Adjusted.csv CN_log,estimate,0.875849024824706
Adjusted Continuous_CN_Adjusted.csv CN_log,std.error,0.0570125857293889
Adjusted Continuous_CN_Adjusted.csv CN_log,statistic,15.3623803168994
Adjusted Continuous_CN_Adjusted.csv CN_log,p.value,4.76709824593027e-47
"Adjusted CNLow_Adjusted.csv I(CN_binary == ""CN-Low"")TRUE",estimate,-0.683392634066975
"Adjusted CNLow_Adjusted.csv I(CN_binary == ""CN-Low"")TRUE",std.error,0.0411583941447371
"Adjusted CNLow_Adjusted.csv I(CN_binary == ""CN-Low"")TRUE",statistic,-16.6039673866712
"Adjusted CNLow_Adjusted.csv I(CN_binary == ""CN-Low"")TRUE",p.value,1.16956073295454e-53
Lineage Head and Neck,N_low,9
Lineage Head and Neck,N_nonlow,34
Lineage Head and Neck,Median_low,-1.3223803142
Lineage Head and Neck,Median_nonlow,-0.32309242275
Lineage Head and Neck,Delta_median,-0.99928789145
Lineage Head and Neck,CI_low,-1.9279993326975
Lineage Head and Neck,CI_high,-0.06648725287625
Lineage Head and Neck,P,0.00327549688280651
Lineage Head and Neck,FDR,0.0109183229426884
Lineage Soft Tissue,N_low,4
Lineage Soft Tissue,N_nonlow,38
Lineage Soft Tissue,Median_low,-1.3063824141
Lineage Soft Tissue,Median_nonlow,-0.320874706
Lineage Soft Tissue,Delta_median,-0.9855077081
Lineage Soft Tissue,CI_low,-1.70026415545
Lineage Soft Tissue,CI_high,-0.2277739148
Lineage Soft Tissue,P,0.0050072009290941
Lineage Soft Tissue,FDR,0.0122596452009519
Lineage Breast,N_low,6
Lineage Breast,N_nonlow,34
Lineage Breast,Median_low,-1.10413411035
Lineage Breast,Median_nonlow,-0.25887016895
Lineage Breast,Delta_median,-0.8452639414
Lineage Breast,CI_low,-1.791709193
Lineage Breast,CI_high,-0.08347212396125
Lineage Breast,P,0.0075765917942816
Lineage Breast,FDR,0.0126276529904693
Lineage Lung,N_low,15
Lineage Lung,N_nonlow,85
Lineage Lung,Median_low,-0.9651874954
Lineage Lung,Median_nonlow,-0.2898449939
Lineage Lung,Delta_median,-0.6753425015
Lineage Lung,CI_low,-1.0512338211
Lineage Lung,CI_high,-0.3486855755
Lineage Lung,P,3.43009058766818e-06
Lineage Lung,FDR,3.43009058766818e-05
Lineage Pancreas,N_low,8
Lineage Pancreas,N_nonlow,23
Lineage Pancreas,Median_low,-1.13028368645
Lineage Pancreas,Median_nonlow,-0.5200881546
Lineage Pancreas,Delta_median,-0.61019553185
Lineage Pancreas,CI_low,-1.1824590615
Lineage Pancreas,CI_high,-0.0725113170962504
Lineage Pancreas,P,0.0254395209921406
Lineage Pancreas,FDR,0.0317994012401758
Lineage Esophagus/Stomach,N_low,7
Lineage Esophagus/Stomach,N_nonlow,39
Lineage Esophagus/Stomach,Median_low,-0.8331471855
Lineage Esophagus/Stomach,Median_nonlow,-0.325246912
Lineage Esophagus/Stomach,Delta_median,-0.5079002735
Lineage Esophagus/Stomach,CI_low,-0.6895912418
Lineage Esophagus/Stomach,CI_high,-0.2698724687
Lineage Esophagus/Stomach,P,0.00024274656840031
Lineage Esophagus/Stomach,FDR,0.00121373284200156
Lineage Uterus,N_low,3
Lineage Uterus,N_nonlow,22
Lineage Uterus,Median_low,-0.6843055448
Lineage Uterus,Median_nonlow,-0.2926830527
Lineage Uterus,Delta_median,-0.3916224921
Lineage Uterus,CI_low,-1.09383897875
Lineage Uterus,CI_high,-0.18784677925
Lineage Uterus,P,0.0107556757816757
Lineage Uterus,FDR,0.0153652511166795
Lineage Lymphoid,N_low,3
Lineage Lymphoid,N_nonlow,71
Lineage Lymphoid,Median_low,-0.5845872805
Lineage Lymphoid,Median_nonlow,-0.246275029
Lineage Lymphoid,Delta_median,-0.3383122515
Lineage Lymphoid,CI_low,-0.565524870725
Lineage Lymphoid,CI_high,-0.1974581764
Lineage Lymphoid,P,0.00612982260047596
Lineage Lymphoid,FDR,0.0122596452009519
Lineage Bowel,N_low,7
Lineage Bowel,N_nonlow,34
Lineage Bowel,Median_low,-0.4673138307
Lineage Bowel,Median_nonlow,-0.29953767015
Lineage Bowel,Delta_median,-0.16777616055
Lineage Bowel,CI_low,-0.800994844615
Lineage Bowel,CI_high,0.2043713541
Lineage Bowel,P,0.290620053831813
Lineage Bowel,FDR,0.290620053831813
Lineage Ovary/Fallopian Tube,N_low,5
Lineage Ovary/Fallopian Tube,N_nonlow,33
Lineage Ovary/Fallopian Tube,Median_low,-0.4492265925
Lineage Ovary/Fallopian Tube,Median_nonlow,-0.323769799
Lineage Ovary/Fallopian Tube,Delta_median,-0.1254567935
Lineage Ovary/Fallopian Tube,CI_low,-1.1777752946
Lineage Ovary/Fallopian Tube,CI_high,-0.0258776689
Lineage Ovary/Fallopian Tube,P,0.0921525449502605
Lineage Ovary/Fallopian Tube,FDR,0.102391716611401
Direction forward,geneA,VPS4B
Direction forward,geneB,VPS4A
Direction forward,N,858
Direction forward,pearson_r,0.483064938982221
Direction forward,pearson_p,2.27550945778858e-51
Direction forward,spearman_rho,0.457052975374325
Direction forward,spearman_p,1.64949799966617e-45
Direction forward,wilcoxon_p,1.15337648533155e-22
Direction forward,direction,forward
Direction forward,delta_median,-0.5607422623
Direction reverse,geneA,VPS4A
Direction reverse,geneB,VPS4B
Direction reverse,N,858
Direction reverse,pearson_r,0.244664282494704
Direction reverse,pearson_p,3.67851353081906e-13
Direction reverse,spearman_rho,0.264823447763911
Direction reverse,spearman_p,3.09439052817184e-15
Direction reverse,wilcoxon_p,0.945988295196008
Direction reverse,direction,reverse
Direction reverse,delta_median,0.00401053755000001
CN covariation candidate,Gene,VPS4A
CN covariation candidate,N,1118
CN covariation candidate,Pearson_r,-0.0819607129863332
CN covariation candidate,P,0.00610610123302242
CN covariation candidate,FDR,0.0377298661891334
