Gene,N,Pearson_r,Pearson_P,N_low,N_nonlow,Mean_low,Mean_nonlow,Median_low,Median_nonlow,Delta_mean,Delta_median,Wilcoxon_P,Pearson_FDR,Wilcoxon_FDR,Rank,Eligible_Rank,Eligible_N,Direction
VPS4A,858,0.483064938982221,2.27550945778848e-51,76,782,-1.07452370787237,-0.3772573208211,-0.87545290935,-0.31471064705,-0.697266387051269,-0.5607422623,1.15337648533155e-22,4.19490168543306e-47,2.10560411162129e-18,276,1,18256,Stronger dependency in CN-Low
ZNF407,858,0.235228016374629,2.98740169354847e-12,76,782,-0.938803274853947,-0.711881682503709,-0.8813751372,-0.6954472576,-0.226921592350239,-0.1859278796,6.33968865274602e-10,5.0066136564151e-09,5.78686780222657e-06,277,2,18256,Stronger dependency in CN-Low
COPG1,858,0.231379702303948,6.84171347884203e-12,76,782,-1.82477295641447,-1.39991322541535,-1.845574727,-1.45645850065,-0.424859730999128,-0.38911622635,5.58126189788196e-08,9.70207599865021e-09,0.000339638390692444,278,3,18256,Stronger dependency in CN-Low
GMNN,858,0.174621306594566,2.64568702007787e-07,76,782,-0.646256738768421,-0.433514547908184,-0.6401837967,-0.39488790455,-0.212742190860237,-0.24529589215,8.21266789328746e-08,3.99780657501111e-05,0.00037482616264964,279,4,18256,Stronger dependency in CN-Low
POLR2I,858,0.182568988744356,7.23353124959363e-08,76,782,-2.22385818064605,-1.95610846251164,-2.21008807035,-1.9609216649,-0.267749718134416,-0.24916640545,2.8857082981965e-06,1.4036857745922e-05,0.00878024844864589,281,6,18256,Stronger dependency in CN-Low
BRF2,858,0.152925275603052,6.81482672503151e-06,76,782,-1.88018371959605,-1.6748508283899,-1.8936646487,-1.67346182195,-0.205332891206155,-0.22020282675,6.34854414945424e-06,0.000587062292878298,0.0165570031417767,282,7,18256,Stronger dependency in CN-Low
CHMP6,858,0.190257423581742,1.9519960014903e-08,76,782,-2.05397266623947,-1.80467119550409,-2.0036115693,-1.7870238988,-0.249301470735382,-0.2165876705,9.3356033255271e-06,4.7348745115097e-06,0.0213038467888528,283,8,18256,Stronger dependency in CN-Low
ABHD3,858,0.237027352170403,2.01759816272605e-12,76,782,-0.123263442815789,-0.0743082184602302,-0.1369938333,-0.0696205984,-0.0489552243555593,-0.0673732349,1.18339483664492e-05,3.71944221298548e-09,0.0240045068197663,284,9,18256,Stronger dependency in CN-Low
ZNF236,858,0.192560733310455,1.30440467864117e-08,76,782,-0.431887311782895,-0.298317333649872,-0.41183018365,-0.2896122038,-0.133569978133023,-0.12221797985,1.39743997397422e-05,3.5148903539077e-06,0.0255116641648734,285,10,18256,Stronger dependency in CN-Low
CDK1,858,0.113037170496187,0.00091037588404133,76,782,-2.83643918498158,-2.58523893856995,-2.90725600945,-2.5995652978,-0.25120024641163,-0.30769071165,2.19189496384012e-05,0.0201232367173884,0.028095667957919,286,11,18256,Stronger dependency in CN-Low
POLR2H,858,0.128737427734546,0.000156088548371367,76,782,-1.67243128411447,-1.49431403353645,-1.64507632755,-1.4868668042,-0.178117250578029,-0.15820952335,2.30847403247581e-05,0.00589650079759457,0.028095667957919,287,12,18256,Stronger dependency in CN-Low
HSPA13,858,0.211407838744715,3.99366133237011e-10,76,782,-0.354716050384211,-0.192425295423529,-0.3131539097,-0.15546525145,-0.162290754960681,-0.15768865825,1.79484926562249e-05,2.53219500487477e-07,0.028095667957919,288,13,18256,Stronger dependency in CN-Low
RAPGEFL1,858,0.119498121447159,0.000451881203887238,76,782,-0.246449511676316,-0.161893733332225,-0.23029906675,-0.15751132725,-0.0845557783440907,-0.0727877395,5.72678811525231e-05,0.0125566279581186,0.0558241724355573,293,18,18256,Stronger dependency in CN-Low
FAM32A,858,0.124437290156688,0.000258318492897366,76,782,-0.740446021031579,-0.657676388270205,-0.7468504028,-0.6430650008,-0.0827696327613744,-0.103785402,9.0513227829282e-05,0.00859585093242409,0.0752375152850392,295,20,18256,Stronger dependency in CN-Low
NARS1,858,0.0851800553904556,0.0125615582475528,76,782,-2.01180276764605,-1.87238098705742,-1.96026053025,-1.86041258775,-0.139421780588636,-0.0998479425000001,9.4598928596828e-05,0.110877716063049,0.0752375152850392,296,21,18256,Stronger dependency in CN-Low
CABLES1,858,0.212218075800205,3.41185078811522e-10,76,782,-0.038645903425,0.0144006518856778,-0.0366087383,0.01518881695,-0.0530465553106778,-0.05179755525,9.1610664575109e-05,2.419133433804e-07,0.0752375152850392,297,22,18256,Stronger dependency in CN-Low
GPN1,858,0.0986654150922447,0.00381679044325838,76,782,-1.94559066751842,-1.74875171309297,-1.948248686,-1.7475554952,-0.196838954425454,-0.2006931908,0.000108572153139943,0.0526665657346319,0.0779195581277425,299,24,18256,Stronger dependency in CN-Low
PPP1R2,858,0.265986313442464,2.3190031194866e-15,76,782,-1.03108806423289,-0.860767310190153,-0.9985028335,-0.854008873,-0.170320754042741,-0.1444939605,0.000102887092770271,8.55016450154709e-12,0.0779195581277425,300,25,18256,Stronger dependency in CN-Low
TRAPPC5,858,0.0655098678518661,0.0550914171658059,76,782,-0.963108568905263,-0.854096233567391,-0.9825490051,-0.8474154909,-0.109012335337872,-0.1351335142,0.000110972201540387,0.259041280023244,0.0779195581277425,301,26,18256,Stronger dependency in CN-Low
CDCA5,858,0.172050322030939,3.97518763616342e-07,76,782,-1.17114917527368,-1.01274792105537,-1.1494884698,-0.97686284555,-0.158401254218313,-0.17262562425,0.000154447730772179,5.63712185174405e-05,0.0893222735758111,304,29,18256,Stronger dependency in CN-Low
RPL36A,243,-0.306264123027335,1.13289354686667e-06,32,211,-0.932091239021875,-1.45507315217867,-0.87217037345,-1.4374363289,0.522981913156798,0.56526595545,4.65261847220762e-07,0.000134741242170885,0.00169876405657245,280,5,18256,Weaker dependency in CN-Low
RPF2,858,-0.178571247217904,1.39888030143082e-07,76,782,-0.994790256703947,-1.15797231218325,-1.01187745375,-1.1323803053,0.163182055479301,0.12050285155,2.12190222110921e-05,2.3878109589701e-05,0.028095667957919,289,14,18256,Weaker dependency in CN-Low
CTDNEP1,858,-0.156602762012783,4.04747931352276e-06,76,782,-0.338889347478947,-0.46500607283376,-0.31036486585,-0.44788724475,0.126116725354812,0.1375223789,2.30350096488426e-05,0.000376844854266626,0.028095667957919,290,15,18256,Weaker dependency in CN-Low
PDCD2,858,-0.089098557093074,0.00902164744594594,76,782,-1.13806702263816,-1.41831272574079,-1.0277672146,-1.4376187728,0.280245703102635,0.4098515582,3.22967594002639e-05,0.0899481182617704,0.0368506024757011,291,16,18256,Weaker dependency in CN-Low
TEDC1,858,-0.115643622519524,0.000689186289377506,76,782,-0.282874982921053,-0.428113690654092,-0.2525267076,-0.41553946365,0.145238707733039,0.16301275605,4.15912763071421e-05,0.016564731740123,0.0446641376625404,292,17,18256,Weaker dependency in CN-Low
MBP,858,-0.183482742999653,6.20847460583955e-08,76,782,0.227016550461842,0.17927477036087,0.2208691032,0.17976576435,0.0477417801009726,0.04110333885,5.80992153963403e-05,1.28599134110845e-05,0.0558241724355573,294,19,18256,Weaker dependency in CN-Low
MMP10,858,-0.0983854720136993,0.00391822440868895,76,782,0.0221023904631579,-0.0338174351828645,0.0206930829,-0.02965683645,0.0559198256460224,0.05034991935,9.47887188626151e-05,0.0533868935507619,0.0752375152850392,298,23,18256,Weaker dependency in CN-Low
GJB6,858,-0.111447370257978,0.00107582354489819,76,782,-0.038959111656579,-0.0950436837795396,-0.04617316405,-0.09503336335,0.0560845721229607,0.0488601993,0.000128973470947337,0.0222840528653911,0.0855937660206507,302,27,18256,Weaker dependency in CN-Low
AURKB,858,-0.182357808736745,7.49274050802473e-08,76,782,-2.041191843625,-2.22302128668529,-2.01180945445,-2.2105641226,0.181829443060294,0.19875466815,0.000131278782240262,1.43884032568162e-05,0.0855937660206507,303,28,18256,Weaker dependency in CN-Low
HEATR3,858,-0.116756294556249,0.000610911049294742,76,782,-0.199595323396053,-0.324708450455371,-0.16744451455,-0.3046600676,0.125113127059318,0.13721555305,0.000156568402411588,0.0154064913731171,0.0893222735758111,307,32,18256,Weaker dependency in CN-Low
RPL23A,244,-0.275135933579064,1.29982027805233e-05,32,212,-2.1987557403125,-2.5225306015816,-2.21606928635,-2.5212313335,0.323774861269104,0.30516204715,0.000180891217774041,0.000941421676684706,0.100071214293421,308,33,18256,Weaker dependency in CN-Low
SP140,858,-0.0883102150254444,0.00965244701761722,76,782,0.144041621763158,0.10512962362532,0.1443464715,0.1054426309,0.0389119981378382,0.0389038406,0.000195579950720402,0.0935556576076621,0.105014928833872,309,34,18256,Weaker dependency in CN-Low
RPL14,858,-0.030774385389066,0.367944012777294,76,782,-2.14441502490921,-2.3197806207743,-2.1749985519,-2.3774830184,0.175365595865086,0.2024844665,0.000207961178823174,0.667085199794121,0.108472550874167,310,35,18256,Weaker dependency in CN-Low
CCDC68,858,-0.193848851742115,1.03888763513302e-08,76,782,0.214410686721053,0.170798758874297,0.21557564645,0.1674626325,0.0436119278467559,0.04811301395,0.000243131447661634,2.90180205358747e-06,0.113088324231743,314,39,18256,Weaker dependency in CN-Low
NELFB,858,-0.0860822257007052,0.0116524956368735,76,782,-1.24819400021053,-1.43587524655473,-1.2695486763,-1.46128166915,0.187681246344205,0.19173299285,0.000247783357212407,0.106067675663688,0.113088324231743,315,40,18256,Weaker dependency in CN-Low
NANOG,243,-0.233680198272233,0.000237904592898661,32,211,0.3252447879875,0.184954809862559,0.2950612806,0.159343657,0.140289978124941,0.1357176236,0.000297101049069041,0.00812179846312373,0.12913992266201,317,42,18256,Weaker dependency in CN-Low
OLR1,858,-0.155854685863961,4.50437988826396e-06,76,782,0.0858938140684211,0.051628205411509,0.0829551972,0.0517220326,0.0342656086569121,0.0312331646,0.000374551994255975,0.000411080412079931,0.139478131714538,323,48,18256,Weaker dependency in CN-Low
ATP2B2,858,-0.0789320336312727,0.0207619107327629,76,782,-0.0207297460828947,-0.0666844828413043,-0.0225673792,-0.0625468843,0.0459547367584096,0.0399795051,0.000395828669659164,0.148121449055141,0.139478131714538,324,49,18256,Weaker dependency in CN-Low
PIEZO1,858,-0.100692893309328,0.00315041506516716,76,782,-0.0293035661289474,-0.0924654577685422,-0.0343842759,-0.086152265,0.0631618916395948,0.0517679891,0.000391485030182413,0.0463331134255377,0.139478131714538,325,50,18256,Weaker dependency in CN-Low
MTA2,858,-0.210078039091629,5.1642632041419e-10,76,782,-0.130188187722368,-0.221265023620205,-0.1403800588,-0.19335910555,0.0910768358978362,0.05297904675,0.00037663053833506,2.97509975526112e-07,0.139478131714538,326,51,18256,Weaker dependency in CN-Low
