ModelID,CN_relative,CN_log,CN_binary,CN_status,Chronos,Group,Waterfall_Order
ACH-000653,1.5450494361,1.34769368008235,CN-NonLow,CN Non-Low,0.3481584778,VPS4B CN-Normal,1
ACH-000874,1.1358780872,1.09482930245081,CN-NonLow,CN Non-Low,0.1215522059,VPS4B CN-Normal,2
ACH-000019,0.5623744672,0.643740277567673,CN-NonLow,CN Non-Low,0.0569026992,VPS4B CN-Normal,3
ACH-000698,1.8347773464,1.50323542516427,CN-NonLow,CN Non-Low,0.034792269,VPS4B CN-Normal,4
ACH-000576,1.0176024153,1.01264190785017,CN-NonLow,CN Non-Low,0.032451839,VPS4B CN-Normal,5
ACH-000484,0.9826994817,0.987466024457045,CN-NonLow,CN Non-Low,0.0234995218,VPS4B CN-Normal,6
ACH-002214,1.0104003192,1.00748280539419,CN-NonLow,CN Non-Low,0.0149162481,VPS4B CN-Normal,7
ACH-000958,1.0228232782,1.01637028588675,CN-NonLow,CN Non-Low,0.0130621754,VPS4B CN-Normal,8
ACH-001547,1.0040752879,1.00293670785433,CN-NonLow,CN Non-Low,0.0076107614,VPS4B CN-Normal,9
ACH-001283,1.1129555697,1.07926243123528,CN-NonLow,CN Non-Low,0.0005701532,VPS4B CN-Normal,10
ACH-002027,1.0659574124,1.04681051482611,CN-NonLow,CN Non-Low,-0.0071268787,VPS4B CN-Normal,11
ACH-001649,1.0363596131,1.02599235818337,CN-NonLow,CN Non-Low,-0.0082615518,VPS4B CN-Normal,12
ACH-000345,1.0749130764,1.05305089941215,CN-NonLow,CN Non-Low,-0.0086341923,VPS4B CN-Normal,13
ACH-000045,1.0632368412,1.04490943926245,CN-NonLow,CN Non-Low,-0.0133090907,VPS4B CN-Normal,14
ACH-002016,1.0317657776,1.02273409749814,CN-NonLow,CN Non-Low,-0.0142358715,VPS4B CN-Normal,15
ACH-000247,0.9172112783,0.939009331977306,CN-NonLow,CN Non-Low,-0.0190633629,VPS4B CN-Normal,16
ACH-000541,1.4030690395,1.26487809728737,CN-NonLow,CN Non-Low,-0.0211998818,VPS4B CN-Normal,17
ACH-002524,1.0485883337,1.03463010216328,CN-NonLow,CN Non-Low,-0.0213722359,VPS4B CN-Normal,18
ACH-000001,0.643732405,0.716975451451265,CN-NonLow,CN Non-Low,-0.0239445909,VPS4B CN-Normal,19
ACH-001711,1.1420612293,1.09899971909142,CN-NonLow,CN Non-Low,-0.0250801553,VPS4B CN-Normal,20
ACH-000957,1.0367983303,1.02630314167865,CN-NonLow,CN Non-Low,-0.0317611863,VPS4B CN-Normal,21
ACH-000938,1.145047939,1.10100989042166,CN-NonLow,CN Non-Low,-0.0323492306,VPS4B CN-Normal,22
ACH-000168,1.0372578675,1.02662860210932,CN-NonLow,CN Non-Low,-0.0333000861,VPS4B CN-Normal,23
ACH-000624,1.0405976829,1.02899177369932,CN-NonLow,CN Non-Low,-0.0379884197,VPS4B CN-Normal,24
ACH-001502,0.8199853275,0.863926819639184,CN-NonLow,CN Non-Low,-0.0380784479,VPS4B CN-Normal,25
ACH-000389,1.3533396871,1.23470957790361,CN-NonLow,CN Non-Low,-0.0423032925,VPS4B CN-Normal,26
ACH-000111,0.8003167449,0.848250754385579,CN-NonLow,CN Non-Low,-0.0447721364,VPS4B CN-Normal,27
ACH-000143,1.059780436,1.04249056033266,CN-NonLow,CN Non-Low,-0.0456542066,VPS4B CN-Normal,28
ACH-000444,0.8691632013,0.902392539884049,CN-NonLow,CN Non-Low,-0.047535109,VPS4B CN-Normal,29
ACH-001164,1.063685609,1.04522320095288,CN-NonLow,CN Non-Low,-0.0512409547,VPS4B CN-Normal,30
ACH-000424,1.086562378,1.06112805076478,CN-NonLow,CN Non-Low,-0.0540059555,VPS4B CN-Normal,31
ACH-000007,1.0089338582,1.00643006580457,CN-NonLow,CN Non-Low,-0.0592854952,VPS4B CN-Normal,32
ACH-002780,1.1910590991,1.13162839844434,CN-NonLow,CN Non-Low,-0.0595777678,VPS4B CN-Normal,33
ACH-000200,0.9793924638,0.985057690931209,CN-NonLow,CN Non-Low,-0.0654447008,VPS4B CN-Normal,34
ACH-000773,0.925854889,0.945499001827759,CN-NonLow,CN Non-Low,-0.0655254315,VPS4B CN-Normal,35
ACH-001562,1.0026830504,1.00193411471133,CN-NonLow,CN Non-Low,-0.0672052136,VPS4B CN-Normal,36
ACH-000095,0.9668663602,0.975898936250618,CN-NonLow,CN Non-Low,-0.0711715809,VPS4B CN-Normal,37
ACH-000070,1.2035574431,1.13983450578046,CN-NonLow,CN Non-Low,-0.0722180827,VPS4B CN-Normal,38
ACH-000974,0.8477060567,0.885735263100741,CN-NonLow,CN Non-Low,-0.0723837386,VPS4B CN-Normal,39
ACH-000076,1.8779322292,1.52503261926783,CN-NonLow,CN Non-Low,-0.074216529,VPS4B CN-Normal,40
ACH-002464,1.0291311161,1.02086209054338,CN-NonLow,CN Non-Low,-0.0788506969,VPS4B CN-Normal,41
ACH-001656,1.1057881374,1.07436029462684,CN-NonLow,CN Non-Low,-0.0793031511,VPS4B CN-Normal,42
ACH-000782,1.1764353168,1.12196714416967,CN-NonLow,CN Non-Low,-0.083233695,VPS4B CN-Normal,43
ACH-000811,1.0223998289,1.01606824657211,CN-NonLow,CN Non-Low,-0.0853488447,VPS4B CN-Normal,44
ACH-000856,1.023182433,1.01662641545611,CN-NonLow,CN Non-Low,-0.0886335278,VPS4B CN-Normal,45
ACH-000011,0.7767482548,0.829239282221703,CN-NonLow,CN Non-Low,-0.0906218223,VPS4B CN-Normal,46
ACH-001302,1.5224079495,1.3348016218696,CN-NonLow,CN Non-Low,-0.0906820192,VPS4B CN-Normal,47
ACH-000476,0.8861359761,0.915433687133752,CN-NonLow,CN Non-Low,-0.0934180916,VPS4B CN-Normal,48
ACH-002531,0.5901673445,0.669178598450693,CN-NonLow,CN Non-Low,-0.0946012131,VPS4B CN-Normal,49
ACH-001193,0.6088129704,0.68599661794457,CN-NonLow,CN Non-Low,-0.0958963486,VPS4B CN-Normal,50
ACH-001709,1.0703623684,1.04988329977299,CN-NonLow,CN Non-Low,-0.0969834073,VPS4B CN-Normal,51
ACH-002401,0.7063944925,0.77095121440589,CN-NonLow,CN Non-Low,-0.0977756151,VPS4B CN-Normal,52
ACH-000047,1.12765754,1.08926595859143,CN-NonLow,CN Non-Low,-0.1007739125,VPS4B CN-Normal,53
ACH-000479,0.992922967,0.994885946366171,CN-NonLow,CN Non-Low,-0.1033172166,VPS4B CN-Normal,54
ACH-000801,0.6931492816,0.759709178389763,CN-NonLow,CN Non-Low,-0.1057968846,VPS4B CN-Normal,55
ACH-000363,5.275727321,2.64978266887909,CN-NonLow,CN Non-Low,-0.1061900748,VPS4B CN-Normal,56
ACH-000249,0.5157915345,0.600071354549117,CN-NonLow,CN Non-Low,-0.1068096093,VPS4B CN-Normal,57
ACH-000315,1.5697763181,1.36164278789693,CN-NonLow,CN Non-Low,-0.1081852791,VPS4B CN-Normal,58
ACH-000381,0.3940935383,0.479327363727299,CN-Low,Shallow CN Loss,-0.10860795,VPS4B CN-Low,59
ACH-001344,0.8582601981,0.893952525523595,CN-NonLow,CN Non-Low,-0.1086730736,VPS4B CN-Normal,60
ACH-001676,0.9283385925,0.947358393285761,CN-NonLow,CN Non-Low,-0.1089352882,VPS4B CN-Normal,61
ACH-000734,0.830618552,0.872331206499176,CN-NonLow,CN Non-Low,-0.1093267709,VPS4B CN-Normal,62
ACH-001430,1.3929408534,1.25878473805441,CN-NonLow,CN Non-Low,-0.11018507,VPS4B CN-Normal,63
ACH-000666,1.1276974039,1.08929298874595,CN-NonLow,CN Non-Low,-0.1105638621,VPS4B CN-Normal,64
ACH-000295,0.9820612421,0.987001539875039,CN-NonLow,CN Non-Low,-0.1125323504,VPS4B CN-Normal,65
ACH-000639,2.3412678602,1.74039564417897,CN-NonLow,CN Non-Low,-0.1142296982,VPS4B CN-Normal,66
ACH-000867,0.9398933056,0.955977306167707,CN-NonLow,CN Non-Low,-0.1147879583,VPS4B CN-Normal,67
ACH-000676,0.8958604976,0.922852810847412,CN-NonLow,CN Non-Low,-0.1188617823,VPS4B CN-Normal,68
ACH-001619,0.985111206,0.98921982945932,CN-NonLow,CN Non-Low,-0.1188668749,VPS4B CN-Normal,69
ACH-001295,1.4724799605,1.30595882795934,CN-NonLow,CN Non-Low,-0.1188946793,VPS4B CN-Normal,70
ACH-000371,1.0299649907,1.02145484653408,CN-NonLow,CN Non-Low,-0.120239214,VPS4B CN-Normal,71
ACH-000783,0.8456983096,0.884166755143002,CN-NonLow,CN Non-Low,-0.1203513008,VPS4B CN-Normal,72
ACH-001190,0.9875814203,0.991013960903692,CN-NonLow,CN Non-Low,-0.1204134427,VPS4B CN-Normal,73
ACH-000411,0.9936960394,0.995445471984203,CN-NonLow,CN Non-Low,-0.1213327634,VPS4B CN-Normal,74
ACH-000688,0.9068884431,0.931220445489132,CN-NonLow,CN Non-Low,-0.1215957187,VPS4B CN-Normal,75
ACH-000946,1.0421341484,1.03007764039524,CN-NonLow,CN Non-Low,-0.1217546961,VPS4B CN-Normal,76
ACH-000198,1.0151946701,1.010919211469,CN-NonLow,CN Non-Low,-0.1221562483,VPS4B CN-Normal,77
ACH-001793,0.9367417684,0.953631607898737,CN-NonLow,CN Non-Low,-0.1228453461,VPS4B CN-Normal,78
ACH-000477,0.8016681152,0.849333277159778,CN-NonLow,CN Non-Low,-0.1239146199,VPS4B CN-Normal,79
ACH-001239,0.8143116796,0.859422316940169,CN-NonLow,CN Non-Low,-0.1244755063,VPS4B CN-Normal,80
ACH-000849,0.7281860459,0.789258537553024,CN-NonLow,CN Non-Low,-0.1264821315,VPS4B CN-Normal,81
ACH-000988,1.025582038,1.01833651672959,CN-NonLow,CN Non-Low,-0.1265029218,VPS4B CN-Normal,82
ACH-000123,1.0171546882,1.01232172318828,CN-NonLow,CN Non-Low,-0.1266448381,VPS4B CN-Normal,83
ACH-000488,0.8140137109,0.859185360261519,CN-NonLow,CN Non-Low,-0.1271251421,VPS4B CN-Normal,84
ACH-000331,1.02176208,1.01561323156346,CN-NonLow,CN Non-Low,-0.1272069947,VPS4B CN-Normal,85
ACH-000845,0.7030221257,0.768097178663143,CN-NonLow,CN Non-Low,-0.127719113,VPS4B CN-Normal,86
ACH-000528,0.8964891328,0.923331104771899,CN-NonLow,CN Non-Low,-0.1291439721,VPS4B CN-Normal,87
ACH-000210,1.0101813416,1.00732565504901,CN-NonLow,CN Non-Low,-0.1294038473,VPS4B CN-Normal,88
ACH-000212,0.930568334,0.949025620520721,CN-NonLow,CN Non-Low,-0.1313394705,VPS4B CN-Normal,89
ACH-002785,1.4214949759,1.27589800964956,CN-NonLow,CN Non-Low,-0.1334145908,VPS4B CN-Normal,90
ACH-000912,1.0879241685,1.06206931549225,CN-NonLow,CN Non-Low,-0.1337961996,VPS4B CN-Normal,91
ACH-000329,1.0365163689,1.02610341033246,CN-NonLow,CN Non-Low,-0.1349141551,VPS4B CN-Normal,92
ACH-000118,1.2078514225,1.14264308912936,CN-NonLow,CN Non-Low,-0.1350011554,VPS4B CN-Normal,93
ACH-002052,1.3996440739,1.26282043462575,CN-NonLow,CN Non-Low,-0.1357692511,VPS4B CN-Normal,94
ACH-000771,0.4858726063,0.571310429377328,CN-Low,Shallow CN Loss,-0.1359401499,VPS4B CN-Low,95
ACH-001982,1.2163572352,1.14819043550007,CN-NonLow,CN Non-Low,-0.1374379805,VPS4B CN-Normal,96
ACH-001669,1.1186688261,1.08315809441942,CN-NonLow,CN Non-Low,-0.138245923,VPS4B CN-Normal,97
ACH-003176,1.0059572804,1.00429088211593,CN-NonLow,CN Non-Low,-0.1384043174,VPS4B CN-Normal,98
ACH-002015,1.2354922834,1.16059256591197,CN-NonLow,CN Non-Low,-0.1388009721,VPS4B CN-Normal,99
ACH-000313,1.1017676436,1.07160318406934,CN-NonLow,CN Non-Low,-0.1388172645,VPS4B CN-Normal,100
ACH-002059,1.2050758871,1.14082830660317,CN-NonLow,CN Non-Low,-0.1391367399,VPS4B CN-Normal,101
ACH-000374,1.4785089739,1.30947248236184,CN-NonLow,CN Non-Low,-0.1406907467,VPS4B CN-Normal,102
ACH-001702,0.7865819578,0.837202097746023,CN-NonLow,CN Non-Low,-0.1416571485,VPS4B CN-Normal,103
ACH-000866,1.1241441146,1.08688165049496,CN-NonLow,CN Non-Low,-0.1424463255,VPS4B CN-Normal,104
ACH-000953,1.1260820885,1.08819730071923,CN-NonLow,CN Non-Low,-0.1424952553,VPS4B CN-Normal,105
ACH-000681,0.6928351355,0.75944147661323,CN-NonLow,CN Non-Low,-0.1443656361,VPS4B CN-Normal,106
ACH-001618,0.9415051556,0.957175538278416,CN-NonLow,CN Non-Low,-0.1449817049,VPS4B CN-Normal,107
ACH-001398,0.7198888109,0.78231529914348,CN-NonLow,CN Non-Low,-0.1450071849,VPS4B CN-Normal,108
ACH-001494,0.7426101813,0.801249877321661,CN-NonLow,CN Non-Low,-0.1458395855,VPS4B CN-Normal,109
ACH-000248,0.8459146426,0.884335842504369,CN-NonLow,CN Non-Low,-0.1465448031,VPS4B CN-Normal,110
ACH-000426,0.6915670318,0.758360348003507,CN-NonLow,CN Non-Low,-0.1474846867,VPS4B CN-Normal,111
ACH-001848,0.6928188077,0.759427561407197,CN-NonLow,CN Non-Low,-0.1478715096,VPS4B CN-Normal,112
ACH-002463,1.016008379,1.01150163502663,CN-NonLow,CN Non-Low,-0.1486266555,VPS4B CN-Normal,113
ACH-000257,1.2285103396,1.1560796546257,CN-NonLow,CN Non-Low,-0.1494309649,VPS4B CN-Normal,114
ACH-000601,1.1516289808,1.10542932617192,CN-NonLow,CN Non-Low,-0.1494638149,VPS4B CN-Normal,115
ACH-001301,1.0280665801,1.02010501585376,CN-NonLow,CN Non-Low,-0.1510255798,VPS4B CN-Normal,116
ACH-000827,0.9914171359,0.993795449517149,CN-NonLow,CN Non-Low,-0.1513563314,VPS4B CN-Normal,117
ACH-000788,0.9652657536,0.974724414507734,CN-NonLow,CN Non-Low,-0.1513664544,VPS4B CN-Normal,118
ACH-001791,0.8901343458,0.918488781076587,CN-NonLow,CN Non-Low,-0.151585212,VPS4B CN-Normal,119
ACH-000899,1.3160707059,1.21167929715022,CN-NonLow,CN Non-Low,-0.1517364844,VPS4B CN-Normal,120
ACH-000620,0.754965697,0.81144283152605,CN-NonLow,CN Non-Low,-0.1520318899,VPS4B CN-Normal,121
ACH-000944,1.064826219,1.04602036588834,CN-NonLow,CN Non-Low,-0.1521970348,VPS4B CN-Normal,122
ACH-002465,0.9892917835,0.992254901980987,CN-NonLow,CN Non-Low,-0.1531538981,VPS4B CN-Normal,123
ACH-000943,0.9818231575,0.986828233371863,CN-NonLow,CN Non-Low,-0.1539063192,VPS4B CN-Normal,124
ACH-000030,0.6715352331,0.741173764816477,CN-NonLow,CN Non-Low,-0.1543448962,VPS4B CN-Normal,125
ACH-001061,0.9938263165,0.995539741111447,CN-NonLow,CN Non-Low,-0.1544494571,VPS4B CN-Normal,126
ACH-000332,0.8221280372,0.865624337923409,CN-NonLow,CN Non-Low,-0.1544586251,VPS4B CN-Normal,127
ACH-000950,1.0394498106,1.02818000387501,CN-NonLow,CN Non-Low,-0.1568802071,VPS4B CN-Normal,128
ACH-001574,1.0167405628,1.01202550495463,CN-NonLow,CN Non-Low,-0.1577728773,VPS4B CN-Normal,129
ACH-000387,0.9418138868,0.957404932241303,CN-NonLow,CN Non-Low,-0.1581190147,VPS4B CN-Normal,130
ACH-000365,1.0898888407,1.06342620870055,CN-NonLow,CN Non-Low,-0.1590374483,VPS4B CN-Normal,131
ACH-002528,1.0391876568,1.02799454586814,CN-NonLow,CN Non-Low,-0.1600243072,VPS4B CN-Normal,132
ACH-001354,0.6983934822,0.764170739841691,CN-NonLow,CN Non-Low,-0.1600411096,VPS4B CN-Normal,133
ACH-000997,1.0340483896,1.02435400102705,CN-NonLow,CN Non-Low,-0.1601663779,VPS4B CN-Normal,134
ACH-000937,1.1225292204,1.08578441518514,CN-NonLow,CN Non-Low,-0.1616188842,VPS4B CN-Normal,135
ACH-000335,1.1668337329,1.11558845572811,CN-NonLow,CN Non-Low,-0.1616917264,VPS4B CN-Normal,136
ACH-000706,1.1817419196,1.12548045393738,CN-NonLow,CN Non-Low,-0.1616977981,VPS4B CN-Normal,137
ACH-000362,1.1097540702,1.07707483666643,CN-NonLow,CN Non-Low,-0.1620705245,VPS4B CN-Normal,138
ACH-000336,1.0714138123,1.05061579369189,CN-NonLow,CN Non-Low,-0.1645239464,VPS4B CN-Normal,139
ACH-000014,0.817285475,0.861785068452794,CN-NonLow,CN Non-Low,-0.1645435442,VPS4B CN-Normal,140
ACH-000021,1.0439003501,1.03132485971922,CN-NonLow,CN Non-Low,-0.1651774959,VPS4B CN-Normal,141
ACH-000579,0.8522254261,0.889259693266156,CN-NonLow,CN Non-Low,-0.1652736759,VPS4B CN-Normal,142
ACH-000542,0.5350694258,0.618303905101896,CN-NonLow,CN Non-Low,-0.1657573977,VPS4B CN-Normal,143
ACH-002485,5.4661308653,2.69290270585695,CN-NonLow,CN Non-Low,-0.1658726701,VPS4B CN-Normal,144
ACH-000521,1.0429188461,1.03063189489125,CN-NonLow,CN Non-Low,-0.1662918424,VPS4B CN-Normal,145
ACH-001643,1.0079251457,1.0057054874459,CN-NonLow,CN Non-Low,-0.1664980972,VPS4B CN-Normal,146
ACH-000983,1.0870211418,1.06144521526321,CN-NonLow,CN Non-Low,-0.1699750775,VPS4B CN-Normal,147
ACH-000948,0.7793466064,0.831347566607376,CN-NonLow,CN Non-Low,-0.1713136011,VPS4B CN-Normal,148
ACH-000915,0.7000515173,0.765578465555382,CN-NonLow,CN Non-Low,-0.1714994122,VPS4B CN-Normal,149
ACH-000211,0.7528800834,0.809727302998947,CN-NonLow,CN Non-Low,-0.171845731,VPS4B CN-Normal,150
ACH-002792,1.4063220386,1.26682973162489,CN-NonLow,CN Non-Low,-0.1720321325,VPS4B CN-Normal,151
ACH-002399,0.6848827837,0.75264822745643,CN-NonLow,CN Non-Low,-0.1735648945,VPS4B CN-Normal,152
ACH-001735,1.2151580747,1.14740965383609,CN-NonLow,CN Non-Low,-0.1744157385,VPS4B CN-Normal,153
ACH-000272,1.005287156,1.00380884459716,CN-NonLow,CN Non-Low,-0.1747957268,VPS4B CN-Normal,154
ACH-000809,0.7210369009,0.783278030658014,CN-NonLow,CN Non-Low,-0.1755808184,VPS4B CN-Normal,155
ACH-001333,1.552452363,1.35188403600808,CN-NonLow,CN Non-Low,-0.175859989,VPS4B CN-Normal,156
ACH-000979,0.7431827908,0.80172385893793,CN-NonLow,CN Non-Low,-0.1766065567,VPS4B CN-Normal,157
ACH-000985,0.6465536533,0.719449523223081,CN-NonLow,CN Non-Low,-0.1770064022,VPS4B CN-Normal,158
ACH-000373,1.076551995,1.05418999600519,CN-NonLow,CN Non-Low,-0.1781239981,VPS4B CN-Normal,159
ACH-001990,1.3293647459,1.21993656307813,CN-NonLow,CN Non-Low,-0.1781508745,VPS4B CN-Normal,160
ACH-000971,1.015012926,1.01078909345115,CN-NonLow,CN Non-Low,-0.1790104065,VPS4B CN-Normal,161
ACH-002847,1.0420457362,1.03001517897282,CN-NonLow,CN Non-Low,-0.1809044705,VPS4B CN-Normal,162
ACH-000318,0.8535005571,0.890252548782796,CN-NonLow,CN Non-Low,-0.1811867353,VPS4B CN-Normal,163
ACH-000097,1.3529617003,1.23447783767358,CN-NonLow,CN Non-Low,-0.1812984694,VPS4B CN-Normal,164
ACH-000739,0.9595788734,0.970543642842122,CN-NonLow,CN Non-Low,-0.1818425484,VPS4B CN-Normal,165
ACH-000848,0.6591894234,0.730478602749189,CN-NonLow,CN Non-Low,-0.181976734,VPS4B CN-Normal,166
ACH-002026,1.0052263401,1.00376509020141,CN-NonLow,CN Non-Low,-0.1821792733,VPS4B CN-Normal,167
ACH-000276,0.7467969808,0.804711942649038,CN-NonLow,CN Non-Low,-0.1830853847,VPS4B CN-Normal,168
ACH-000602,1.0156857459,1.011270733991,CN-NonLow,CN Non-Low,-0.1842936251,VPS4B CN-Normal,169
ACH-000090,1.1281790095,1.08961950669256,CN-NonLow,CN Non-Low,-0.1859448871,VPS4B CN-Normal,170
ACH-000977,0.9863508384,0.990120460790599,CN-NonLow,CN Non-Low,-0.1865519396,VPS4B CN-Normal,171
ACH-002043,0.8333364559,0.874471575138473,CN-NonLow,CN Non-Low,-0.186576641,VPS4B CN-Normal,172
ACH-002681,1.1737783472,1.12020484114806,CN-NonLow,CN Non-Low,-0.1868737995,VPS4B CN-Normal,173
ACH-000448,0.6768846942,0.745783489841422,CN-NonLow,CN Non-Low,-0.187117831,VPS4B CN-Normal,174
ACH-000441,0.8797929831,0.910573790254046,CN-NonLow,CN Non-Low,-0.187607628,VPS4B CN-Normal,175
ACH-000662,1.0328407304,1.02349718691743,CN-NonLow,CN Non-Low,-0.1881077479,VPS4B CN-Normal,176
ACH-001972,0.8397274186,0.879492026627144,CN-NonLow,CN Non-Low,-0.1905455219,VPS4B CN-Normal,177
ACH-000907,0.9587178509,0.969909595449471,CN-NonLow,CN Non-Low,-0.1905924686,VPS4B CN-Normal,178
ACH-000557,1.0330640471,1.02365566475377,CN-NonLow,CN Non-Low,-0.1914111882,VPS4B CN-Normal,179
ACH-000471,0.7738715352,0.826901532614862,CN-NonLow,CN Non-Low,-0.192221195,VPS4B CN-Normal,180
ACH-000435,0.9172646839,0.939049518952027,CN-NonLow,CN Non-Low,-0.1927405061,VPS4B CN-Normal,181
ACH-001683,0.9556741495,0.96766601136272,CN-NonLow,CN Non-Low,-0.1929887807,VPS4B CN-Normal,182
ACH-002654,0.4898425488,0.575159870238998,CN-Low,Shallow CN Loss,-0.1935733263,VPS4B CN-Low,183
ACH-000350,0.9634350396,0.973379867116991,CN-NonLow,CN Non-Low,-0.1940476462,VPS4B CN-Normal,184
ACH-001278,0.9869089526,0.990525764564447,CN-NonLow,CN Non-Low,-0.1955716201,VPS4B CN-Normal,185
ACH-000054,1.0284927328,1.02040813400971,CN-NonLow,CN Non-Low,-0.1961730559,VPS4B CN-Normal,186
ACH-000714,1.6657639782,1.4145490525372,CN-NonLow,CN Non-Low,-0.196374589,VPS4B CN-Normal,187
ACH-000645,0.9961901353,0.997249142614169,CN-NonLow,CN Non-Low,-0.1971226452,VPS4B CN-Normal,188
ACH-002051,0.761664204,0.816938954115107,CN-NonLow,CN Non-Low,-0.197284046,VPS4B CN-Normal,189
ACH-000939,1.0624423793,1.04435381377816,CN-NonLow,CN Non-Low,-0.1981684197,VPS4B CN-Normal,190
ACH-000760,1.3208549084,1.21465633333525,CN-NonLow,CN Non-Low,-0.1988366474,VPS4B CN-Normal,191
ACH-000994,0.7932040781,0.842539685478239,CN-NonLow,CN Non-Low,-0.1990708632,VPS4B CN-Normal,192
ACH-001641,1.3360111053,1.22404713274668,CN-NonLow,CN Non-Low,-0.2002054395,VPS4B CN-Normal,193
ACH-000204,1.2644964616,1.17919028509961,CN-NonLow,CN Non-Low,-0.2003948078,VPS4B CN-Normal,194
ACH-002019,0.5628947119,0.644220591046391,CN-NonLow,CN Non-Low,-0.2006844236,VPS4B CN-Normal,195
ACH-000932,1.0370531244,1.02648360490323,CN-NonLow,CN Non-Low,-0.2020720453,VPS4B CN-Normal,196
ACH-002669,0.7302022402,0.790940681723651,CN-NonLow,CN Non-Low,-0.202628158,VPS4B CN-Normal,197
ACH-000074,0.8290522881,0.871096318774052,CN-NonLow,CN Non-Low,-0.2038992513,VPS4B CN-Normal,198
ACH-001442,0.5568115336,0.638594303442021,CN-NonLow,CN Non-Low,-0.2047843451,VPS4B CN-Normal,199
ACH-001029,1.3614584936,1.23967817804461,CN-NonLow,CN Non-Low,-0.2049074378,VPS4B CN-Normal,200
ACH-003012,0.7948458496,0.843859943453658,CN-NonLow,CN Non-Low,-0.2050960462,VPS4B CN-Normal,201
ACH-000187,1.2212579892,1.15137696520544,CN-NonLow,CN Non-Low,-0.2052167741,VPS4B CN-Normal,202
ACH-002005,0.9524747813,0.965303914242598,CN-NonLow,CN Non-Low,-0.2062304162,VPS4B CN-Normal,203
ACH-000748,1.0543164846,1.03865845799025,CN-NonLow,CN Non-Low,-0.2062920099,VPS4B CN-Normal,204
ACH-000770,1.1486442135,1.10342661170293,CN-NonLow,CN Non-Low,-0.2063754306,VPS4B CN-Normal,205
ACH-000231,0.971487609,0.97928464298926,CN-NonLow,CN Non-Low,-0.2080174783,VPS4B CN-Normal,206
ACH-000259,1.0603565797,1.04289404189703,CN-NonLow,CN Non-Low,-0.2086255111,VPS4B CN-Normal,207
ACH-000753,1.0599812903,1.04263123424637,CN-NonLow,CN Non-Low,-0.2088184235,VPS4B CN-Normal,208
ACH-000592,1.0428235004,1.03056456085159,CN-NonLow,CN Non-Low,-0.2097961733,VPS4B CN-Normal,209
ACH-002784,1.0113859906,1.0081899654269,CN-NonLow,CN Non-Low,-0.2099840283,VPS4B CN-Normal,210
ACH-000146,1.0576838067,1.04102130800801,CN-NonLow,CN Non-Low,-0.2106386754,VPS4B CN-Normal,211
ACH-000894,0.885719017,0.915114722152663,CN-NonLow,CN Non-Low,-0.2108278953,VPS4B CN-Normal,212
ACH-000882,0.6927083646,0.759333433843236,CN-NonLow,CN Non-Low,-0.2109091344,VPS4B CN-Normal,213
ACH-000522,0.93259138,0.950536631669399,CN-NonLow,CN Non-Low,-0.2120144445,VPS4B CN-Normal,214
ACH-002080,0.8338905822,0.87490756410933,CN-NonLow,CN Non-Low,-0.212224933,VPS4B CN-Normal,215
ACH-001750,0.6835666892,0.751520870124588,CN-NonLow,CN Non-Low,-0.2129139235,VPS4B CN-Normal,216
ACH-002003,0.7657269822,0.820262289829153,CN-NonLow,CN Non-Low,-0.2130671132,VPS4B CN-Normal,217
ACH-003410,1.3391216263,1.22596687883351,CN-NonLow,CN Non-Low,-0.2142021272,VPS4B CN-Normal,218
ACH-000747,1.3764717489,1.24882125122404,CN-NonLow,CN Non-Low,-0.2145533446,VPS4B CN-Normal,219
ACH-000216,0.7192588637,0.781786783477615,CN-NonLow,CN Non-Low,-0.2158560984,VPS4B CN-Normal,220
ACH-000183,1.3784319055,1.25001072153592,CN-NonLow,CN Non-Low,-0.2163903749,VPS4B CN-Normal,221
ACH-000859,0.7536867839,0.810391099170762,CN-NonLow,CN Non-Low,-0.2176208951,VPS4B CN-Normal,222
ACH-002044,0.7560177437,0.812307422674333,CN-NonLow,CN Non-Low,-0.2177982778,VPS4B CN-Normal,223
ACH-000263,1.0519640481,1.03700545410178,CN-NonLow,CN Non-Low,-0.2180052946,VPS4B CN-Normal,224
ACH-000099,1.004670764,1.00336531590864,CN-NonLow,CN Non-Low,-0.2181653647,VPS4B CN-Normal,225
ACH-000693,0.5550382107,0.636950030973309,CN-NonLow,CN Non-Low,-0.2185115626,VPS4B CN-Normal,226
ACH-000024,1.2035157317,1.13980719657657,CN-NonLow,CN Non-Low,-0.2188849853,VPS4B CN-Normal,227
ACH-000829,1.0907224244,1.06400153465641,CN-NonLow,CN Non-Low,-0.2190044459,VPS4B CN-Normal,228
ACH-000607,1.0167590274,1.01203871372595,CN-NonLow,CN Non-Low,-0.2192079241,VPS4B CN-Normal,229
ACH-000096,1.0796704329,1.05635492139883,CN-NonLow,CN Non-Low,-0.2192770882,VPS4B CN-Normal,230
ACH-001385,1.0162088968,1.0116451223519,CN-NonLow,CN Non-Low,-0.2192943138,VPS4B CN-Normal,231
ACH-001736,1.1802095193,1.12446678542896,CN-NonLow,CN Non-Low,-0.2195147365,VPS4B CN-Normal,232
ACH-000167,0.9995096479,0.999646242360298,CN-NonLow,CN Non-Low,-0.2199172292,VPS4B CN-Normal,233
ACH-000796,0.579614664,0.659572665910318,CN-NonLow,CN Non-Low,-0.2215461812,VPS4B CN-Normal,234
ACH-002070,1.0318412303,1.02278767316917,CN-NonLow,CN Non-Low,-0.2218773447,VPS4B CN-Normal,235
ACH-000042,0.6023362536,0.680176932076724,CN-NonLow,CN Non-Low,-0.2220898545,VPS4B CN-Normal,236
ACH-003189,1.1077466777,1.07570148519755,CN-NonLow,CN Non-Low,-0.2225797967,VPS4B CN-Normal,237
ACH-000060,0.589877792,0.668915875162783,CN-NonLow,CN Non-Low,-0.2242623449,VPS4B CN-Normal,238
ACH-000312,0.5217439965,0.60572567418651,CN-NonLow,CN Non-Low,-0.2251763233,VPS4B CN-Normal,239
ACH-000290,1.4570829392,1.29694655690765,CN-NonLow,CN Non-Low,-0.2252435065,VPS4B CN-Normal,240
ACH-000632,1.1581442852,1.1097913210743,CN-NonLow,CN Non-Low,-0.2260516921,VPS4B CN-Normal,241
ACH-000226,1.0387658568,1.02769609775274,CN-NonLow,CN Non-Low,-0.2264067622,VPS4B CN-Normal,242
ACH-000511,1.3508345646,1.23317301571189,CN-NonLow,CN Non-Low,-0.2271220159,VPS4B CN-Normal,243
ACH-000535,0.9387724441,0.955143482643362,CN-NonLow,CN Non-Low,-0.2271460447,VPS4B CN-Normal,244
ACH-000838,1.2224123296,1.15212650830318,CN-NonLow,CN Non-Low,-0.2276452792,VPS4B CN-Normal,245
ACH-000077,1.0738332633,1.05229990578079,CN-NonLow,CN Non-Low,-0.2290953767,VPS4B CN-Normal,246
ACH-001422,1.0114540638,1.00823879106587,CN-NonLow,CN Non-Low,-0.2294915674,VPS4B CN-Normal,247
ACH-000238,0.7167202392,0.779654953490548,CN-NonLow,CN Non-Low,-0.2295618721,VPS4B CN-Normal,248
ACH-000903,1.1723472823,1.11925475802344,CN-NonLow,CN Non-Low,-0.230151784,VPS4B CN-Normal,249
ACH-001548,1.0615609451,1.04373711167171,CN-NonLow,CN Non-Low,-0.231770985,VPS4B CN-Normal,250
ACH-002510,1.2369146891,1.161510236299,CN-NonLow,CN Non-Low,-0.2320196068,VPS4B CN-Normal,251
ACH-000947,0.9889822272,0.992030384846881,CN-NonLow,CN Non-Low,-0.2320368922,VPS4B CN-Normal,252
ACH-001188,1.0418592573,1.02988342655209,CN-NonLow,CN Non-Low,-0.2321466672,VPS4B CN-Normal,253
ACH-002511,0.9214182002,0.942171558405497,CN-NonLow,CN Non-Low,-0.23249755,VPS4B CN-Normal,254
ACH-000406,1.2771031018,1.18719961474556,CN-NonLow,CN Non-Low,-0.2327740896,VPS4B CN-Normal,255
ACH-000431,0.8328635154,0.874099359262028,CN-NonLow,CN Non-Low,-0.2335332517,VPS4B CN-Normal,256
ACH-000078,0.7653459902,0.819950965041789,CN-NonLow,CN Non-Low,-0.2338526272,VPS4B CN-Normal,257
ACH-000959,1.1851987419,1.12776449753572,CN-NonLow,CN Non-Low,-0.2339109074,VPS4B CN-Normal,258
ACH-000308,0.7379633124,0.797397627850109,CN-NonLow,CN Non-Low,-0.2340516369,VPS4B CN-Normal,259
ACH-000053,1.0069648331,1.00501533739972,CN-NonLow,CN Non-Low,-0.2355970635,VPS4B CN-Normal,260
ACH-000960,1.0426977355,1.03047573967695,CN-NonLow,CN Non-Low,-0.2357326607,VPS4B CN-Normal,261
ACH-001021,0.9450191043,0.959784325670856,CN-NonLow,CN Non-Low,-0.2367555898,VPS4B CN-Normal,262
ACH-000172,1.0175222909,1.01258461342535,CN-NonLow,CN Non-Low,-0.2370897406,VPS4B CN-Normal,263
ACH-000721,1.1900506684,1.1309642480017,CN-NonLow,CN Non-Low,-0.2373224967,VPS4B CN-Normal,264
ACH-000633,0.902558907,0.927941123122308,CN-NonLow,CN Non-Low,-0.2374796894,VPS4B CN-Normal,265
ACH-002215,0.9978368818,0.998438795630335,CN-NonLow,CN Non-Low,-0.2378398476,VPS4B CN-Normal,266
ACH-000504,0.7093472723,0.773445525819795,CN-NonLow,CN Non-Low,-0.2378594018,VPS4B CN-Normal,267
ACH-000246,0.623835691,0.699405659757082,CN-NonLow,CN Non-Low,-0.2398421383,VPS4B CN-Normal,268
ACH-002708,1.2019759251,1.13879869554683,CN-NonLow,CN Non-Low,-0.2398698257,VPS4B CN-Normal,269
ACH-002926,1.0085991398,1.00618967122554,CN-NonLow,CN Non-Low,-0.2412770948,VPS4B CN-Normal,270
ACH-001232,0.9213875441,0.942148540118137,CN-NonLow,CN Non-Low,-0.2415247764,VPS4B CN-Normal,271
ACH-002084,1.1478427405,1.10288836678409,CN-NonLow,CN Non-Low,-0.2417381016,VPS4B CN-Normal,272
ACH-000793,0.8951404698,0.922304786429699,CN-NonLow,CN Non-Low,-0.2418315293,VPS4B CN-Normal,273
ACH-000898,0.9671952068,0.976140124829932,CN-NonLow,CN Non-Low,-0.2423430293,VPS4B CN-Normal,274
ACH-000113,1.1097656086,1.07708272685002,CN-NonLow,CN Non-Low,-0.2424325416,VPS4B CN-Normal,275
ACH-000900,1.3214382406,1.21501890004509,CN-NonLow,CN Non-Low,-0.242670581,VPS4B CN-Normal,276
ACH-001192,1.2422908651,1.16497343354898,CN-NonLow,CN Non-Low,-0.2431371938,VPS4B CN-Normal,277
ACH-000464,1.1658142975,1.11490954785795,CN-NonLow,CN Non-Low,-0.2448141451,VPS4B CN-Normal,278
ACH-001986,0.9945407225,0.99605657920299,CN-NonLow,CN Non-Low,-0.2451429325,VPS4B CN-Normal,279
ACH-000810,0.9335994395,0.951288960016564,CN-NonLow,CN Non-Low,-0.2459843662,VPS4B CN-Normal,280
ACH-003590,1.1153441994,1.08089243136652,CN-NonLow,CN Non-Low,-0.246275029,VPS4B CN-Normal,281
ACH-000781,0.96175518,0.972145009631526,CN-NonLow,CN Non-Low,-0.246643687,VPS4B CN-Normal,282
ACH-000048,0.9183111705,0.939836759837334,CN-NonLow,CN Non-Low,-0.2473604029,VPS4B CN-Normal,283
ACH-000554,0.3321898735,0.413799720573358,CN-Low,Shallow CN Loss,-0.2490595501,VPS4B CN-Low,284
ACH-000791,0.8242232126,0.867282268981036,CN-NonLow,CN Non-Low,-0.2497734278,VPS4B CN-Normal,285
ACH-000587,0.819382508,0.863448887893636,CN-NonLow,CN Non-Low,-0.2505645599,VPS4B CN-Normal,286
ACH-002800,0.9393869781,0.955600702197877,CN-NonLow,CN Non-Low,-0.2515029366,VPS4B CN-Normal,287
ACH-001277,0.9693259637,0.97770192652236,CN-NonLow,CN Non-Low,-0.2521200094,VPS4B CN-Normal,288
ACH-000552,0.6513337999,0.723631775481199,CN-NonLow,CN Non-Low,-0.2521977844,VPS4B CN-Normal,289
ACH-000807,0.9729556165,0.980358501638983,CN-NonLow,CN Non-Low,-0.2526223549,VPS4B CN-Normal,290
ACH-000588,1.6603806223,1.4116326677645,CN-NonLow,CN Non-Low,-0.253086957,VPS4B CN-Normal,291
ACH-001694,0.5155642022,0.599854968739634,CN-NonLow,CN Non-Low,-0.2535889029,VPS4B CN-Normal,292
ACH-000618,1.1141627592,1.08008644713306,CN-NonLow,CN Non-Low,-0.2536677968,VPS4B CN-Normal,293
ACH-000671,0.7784395954,0.830611974176657,CN-NonLow,CN Non-Low,-0.2539116711,VPS4B CN-Normal,294
ACH-001001,0.9356397111,0.95281044260145,CN-NonLow,CN Non-Low,-0.2543078595,VPS4B CN-Normal,295
ACH-000361,0.7100369456,0.774027495086675,CN-NonLow,CN Non-Low,-0.254515569,VPS4B CN-Normal,296
ACH-000137,1.0028274068,1.00203810258739,CN-NonLow,CN Non-Low,-0.2551182291,VPS4B CN-Normal,297
ACH-001533,2.0548883374,1.61111964746678,CN-NonLow,CN Non-Low,-0.2563042176,VPS4B CN-Normal,298
ACH-000668,1.0157513627,1.01131769740847,CN-NonLow,CN Non-Low,-0.2564991594,VPS4B CN-Normal,299
ACH-001075,1.0393791328,1.02813000594032,CN-NonLow,CN Non-Low,-0.2574171475,VPS4B CN-Normal,300
ACH-000141,0.6350671275,0.709349866624495,CN-NonLow,CN Non-Low,-0.2576976458,VPS4B CN-Normal,301
ACH-001211,0.9955273455,0.996770048805051,CN-NonLow,CN Non-Low,-0.2579452241,VPS4B CN-Normal,302
ACH-002672,0.6828553934,0.750911212206859,CN-NonLow,CN Non-Low,-0.2580717775,VPS4B CN-Normal,303
ACH-001701,0.7906214489,0.840460372768285,CN-NonLow,CN Non-Low,-0.258417112,VPS4B CN-Normal,304
ACH-000673,1.1916891827,1.1320432150995,CN-NonLow,CN Non-Low,-0.258647743,VPS4B CN-Normal,305
ACH-001677,1.0359758699,1.02572046289597,CN-NonLow,CN Non-Low,-0.2591946902,VPS4B CN-Normal,306
ACH-000665,1.1197595729,1.08390064089458,CN-NonLow,CN Non-Low,-0.2597684202,VPS4B CN-Normal,307
ACH-000934,0.7571793652,0.813261462875645,CN-NonLow,CN Non-Low,-0.2612411785,VPS4B CN-Normal,308
ACH-001275,1.0686153901,1.04866543525345,CN-NonLow,CN Non-Low,-0.2634555317,VPS4B CN-Normal,309
ACH-000092,1.1839621826,1.12694787482562,CN-NonLow,CN Non-Low,-0.2635730112,VPS4B CN-Normal,310
ACH-000767,1.0600762207,1.04269771662772,CN-NonLow,CN Non-Low,-0.2641541928,VPS4B CN-Normal,311
ACH-000302,0.5584887016,0.640147696057452,CN-NonLow,CN Non-Low,-0.2643137853,VPS4B CN-Normal,312
ACH-000391,0.9866265393,0.990320689628584,CN-NonLow,CN Non-Low,-0.2643840642,VPS4B CN-Normal,313
ACH-001031,1.0227969758,1.01635152666583,CN-NonLow,CN Non-Low,-0.2648168728,VPS4B CN-Normal,314
ACH-000510,0.8181742286,0.862490454038868,CN-NonLow,CN Non-Low,-0.2649918559,VPS4B CN-Normal,315
ACH-002033,0.5629485578,0.644270294890255,CN-NonLow,CN Non-Low,-0.2653405788,VPS4B CN-Normal,316
ACH-000965,1.0271485894,1.01945184180615,CN-NonLow,CN Non-Low,-0.2662719855,VPS4B CN-Normal,317
ACH-002142,1.7250784839,1.44629778097315,CN-NonLow,CN Non-Low,-0.266318039,VPS4B CN-Normal,318
ACH-000871,1.6133573242,1.38590439775664,CN-NonLow,CN Non-Low,-0.2663998682,VPS4B CN-Normal,319
ACH-001695,0.6178776097,0.69410247392524,CN-NonLow,CN Non-Low,-0.2665707441,VPS4B CN-Normal,320
ACH-000776,1.1772094267,1.12248018764997,CN-NonLow,CN Non-Low,-0.2679820789,VPS4B CN-Normal,321
ACH-000244,1.0487422867,1.03473851773933,CN-NonLow,CN Non-Low,-0.2693006235,VPS4B CN-Normal,322
ACH-000724,0.963214423,0.973217753091726,CN-NonLow,CN Non-Low,-0.2699474109,VPS4B CN-Normal,323
ACH-000532,0.3939733641,0.479202994600905,CN-Low,Shallow CN Loss,-0.2700683468,VPS4B CN-Low,324
ACH-002523,0.6575762051,0.729075198055887,CN-NonLow,CN Non-Low,-0.2705196581,VPS4B CN-Normal,325
ACH-000777,0.6325318364,0.707111126392563,CN-NonLow,CN Non-Low,-0.2709105108,VPS4B CN-Normal,326
ACH-000028,0.6105456189,0.687549525811504,CN-NonLow,CN Non-Low,-0.2716140467,VPS4B CN-Normal,327
ACH-000496,1.4155061329,1.2723255157355,CN-NonLow,CN Non-Low,-0.2719993346,VPS4B CN-Normal,328
ACH-001067,1.0212864008,1.0152737550376,CN-NonLow,CN Non-Low,-0.2721134785,VPS4B CN-Normal,329
ACH-000986,1.0598397186,1.04253208198263,CN-NonLow,CN Non-Low,-0.2723505547,VPS4B CN-Normal,330
ACH-000481,1.0952665389,1.06713378086491,CN-NonLow,CN Non-Low,-0.2733958479,VPS4B CN-Normal,331
ACH-000390,0.6421142852,0.715554536953522,CN-NonLow,CN Non-Low,-0.2734520659,VPS4B CN-Normal,332
ACH-001528,1.0513442939,1.03656965145514,CN-NonLow,CN Non-Low,-0.2742278193,VPS4B CN-Normal,333
ACH-000832,0.5460765083,0.628611713450274,CN-NonLow,CN Non-Low,-0.2744408847,VPS4B CN-Normal,334
ACH-000151,1.0408248411,1.02915236477121,CN-NonLow,CN Non-Low,-0.276335062,VPS4B CN-Normal,335
ACH-000855,0.699555294,0.765157299850696,CN-NonLow,CN Non-Low,-0.2764262233,VPS4B CN-Normal,336
ACH-000206,1.0813810649,1.05754112178281,CN-NonLow,CN Non-Low,-0.2765317444,VPS4B CN-Normal,337
ACH-002055,1.0617056168,1.04383835040614,CN-NonLow,CN Non-Low,-0.2767363075,VPS4B CN-Normal,338
ACH-002400,0.6795275744,0.748055481862122,CN-NonLow,CN Non-Low,-0.2770579572,VPS4B CN-Normal,339
ACH-000872,1.016240031,1.01166740020675,CN-NonLow,CN Non-Low,-0.2771900344,VPS4B CN-Normal,340
ACH-002710,1.0857673451,1.06057824280991,CN-NonLow,CN Non-Low,-0.2781136119,VPS4B CN-Normal,341
ACH-001393,0.7421979905,0.800908587014409,CN-NonLow,CN Non-Low,-0.2783605772,VPS4B CN-Normal,342
ACH-000041,1.1675238327,1.11604785648244,CN-NonLow,CN Non-Low,-0.2786798336,VPS4B CN-Normal,343
ACH-001685,1.0179489413,1.01288967143873,CN-NonLow,CN Non-Low,-0.2791752751,VPS4B CN-Normal,344
ACH-002001,0.7584331874,0.814290520042626,CN-NonLow,CN Non-Low,-0.2793254231,VPS4B CN-Normal,345
ACH-001707,1.0406004959,1.02899376247858,CN-NonLow,CN Non-Low,-0.2801239622,VPS4B CN-Normal,346
ACH-001300,1.0831957624,1.05879841891442,CN-NonLow,CN Non-Low,-0.2801503282,VPS4B CN-Normal,347
ACH-000311,0.41549125,0.501302831108284,CN-Low,Shallow CN Loss,-0.2818428997,VPS4B CN-Low,348
ACH-001274,0.9529822181,0.965678813548444,CN-NonLow,CN Non-Low,-0.2825221269,VPS4B CN-Normal,349
ACH-000657,1.0289152109,1.02070857560711,CN-NonLow,CN Non-Low,-0.2826977872,VPS4B CN-Normal,350
ACH-000910,0.9773514192,0.983569292757913,CN-NonLow,CN Non-Low,-0.2831220531,VPS4B CN-Normal,351
ACH-000963,0.8642184883,0.898570955225347,CN-NonLow,CN Non-Low,-0.2833960371,VPS4B CN-Normal,352
ACH-000456,0.9987960355,0.999131261684456,CN-NonLow,CN Non-Low,-0.2838307277,VPS4B CN-Normal,353
ACH-001431,1.0330840971,1.02366989248702,CN-NonLow,CN Non-Low,-0.2839412349,VPS4B CN-Normal,354
ACH-000324,1.101498095,1.07141814869293,CN-NonLow,CN Non-Low,-0.2849125866,VPS4B CN-Normal,355
ACH-000996,1.0404714653,1.02890253556145,CN-NonLow,CN Non-Low,-0.284946386,VPS4B CN-Normal,356
ACH-000085,0.3766796502,0.461192887115447,CN-Low,Shallow CN Loss,-0.2851995078,VPS4B CN-Low,357
ACH-000101,1.0405389718,1.02895026457086,CN-NonLow,CN Non-Low,-0.2867642559,VPS4B CN-Normal,358
ACH-002659,0.8169875508,0.861548534893641,CN-NonLow,CN Non-Low,-0.2871150908,VPS4B CN-Normal,359
ACH-000486,1.0181276826,1.01301745354561,CN-NonLow,CN Non-Low,-0.2873286445,VPS4B CN-Normal,360
ACH-000694,0.6728664064,0.742322237653717,CN-NonLow,CN Non-Low,-0.2879644485,VPS4B CN-Normal,361
ACH-000427,0.5751662787,0.655504131338756,CN-NonLow,CN Non-Low,-0.2882338668,VPS4B CN-Normal,362
ACH-000837,0.8953979994,0.922500820149127,CN-NonLow,CN Non-Low,-0.2892959637,VPS4B CN-Normal,363
ACH-000817,1.518723252,1.3326926127823,CN-NonLow,CN Non-Low,-0.2894931477,VPS4B CN-Normal,364
ACH-000191,0.9157876408,0.937937651604279,CN-NonLow,CN Non-Low,-0.2896567689,VPS4B CN-Normal,365
ACH-000667,0.9889333516,0.991994932819633,CN-NonLow,CN Non-Low,-0.2898449939,VPS4B CN-Normal,366
ACH-000086,0.9152317461,0.937518971116617,CN-NonLow,CN Non-Low,-0.290316126,VPS4B CN-Normal,367
ACH-001279,0.9997053935,0.999787470678204,CN-NonLow,CN Non-Low,-0.2930569863,VPS4B CN-Normal,368
ACH-000924,0.9977320266,0.998363074710209,CN-NonLow,CN Non-Low,-0.293911889,VPS4B CN-Normal,369
ACH-000749,1.0738235872,1.05229317443247,CN-NonLow,CN Non-Low,-0.2942266026,VPS4B CN-Normal,370
ACH-002706,0.9266002649,0.946057269262415,CN-NonLow,CN Non-Low,-0.2945697883,VPS4B CN-Normal,371
ACH-000630,0.5993098538,0.6774494768008,CN-NonLow,CN Non-Low,-0.294603387,VPS4B CN-Normal,372
ACH-002677,1.0173280013,1.01244567362718,CN-NonLow,CN Non-Low,-0.2946114203,VPS4B CN-Normal,373
ACH-002782,1.1692561362,1.11720041013727,CN-NonLow,CN Non-Low,-0.2987484201,VPS4B CN-Normal,374
ACH-001197,1.0505670197,1.03602289675401,CN-NonLow,CN Non-Low,-0.2987638629,VPS4B CN-Normal,375
ACH-000293,1.1127673538,1.07913391445808,CN-NonLow,CN Non-Low,-0.3004197194,VPS4B CN-Normal,376
ACH-000922,1.0660665484,1.0468867244355,CN-NonLow,CN Non-Low,-0.3008765435,VPS4B CN-Normal,377
ACH-002499,0.68568839,0.753337869761046,CN-NonLow,CN Non-Low,-0.3010670152,VPS4B CN-Normal,378
ACH-000580,1.0125695463,1.00903863782031,CN-NonLow,CN Non-Low,-0.3015241506,VPS4B CN-Normal,379
ACH-001543,0.7646206137,0.819358043231763,CN-NonLow,CN Non-Low,-0.3024080205,VPS4B CN-Normal,380
ACH-001670,0.7584531645,0.814306910030938,CN-NonLow,CN Non-Low,-0.3032977478,VPS4B CN-Normal,381
ACH-000395,0.8629680189,0.897602908111865,CN-NonLow,CN Non-Low,-0.3033373734,VPS4B CN-Normal,382
ACH-000040,1.2772164151,1.18727140441047,CN-NonLow,CN Non-Low,-0.304389351,VPS4B CN-Normal,383
ACH-002030,0.7333582291,0.793569843729405,CN-NonLow,CN Non-Low,-0.3046227997,VPS4B CN-Normal,384
ACH-001227,0.950657388,0.963960406322798,CN-NonLow,CN Non-Low,-0.305416291,VPS4B CN-Normal,385
ACH-001802,1.1146045903,1.08038791916333,CN-NonLow,CN Non-Low,-0.3063634343,VPS4B CN-Normal,386
ACH-000169,0.9308818669,0.949259901600339,CN-NonLow,CN Non-Low,-0.3071868734,VPS4B CN-Normal,387
ACH-000422,0.860549449,0.895728734392224,CN-NonLow,CN Non-Low,-0.3073244246,VPS4B CN-Normal,388
ACH-000881,0.9826594986,0.987436930788412,CN-NonLow,CN Non-Low,-0.3083072149,VPS4B CN-Normal,389
ACH-000956,0.9681810084,0.97686290762456,CN-NonLow,CN Non-Low,-0.3083157201,VPS4B CN-Normal,390
ACH-000906,0.7978862558,0.846301750894608,CN-NonLow,CN Non-Low,-0.3095922068,VPS4B CN-Normal,391
ACH-000163,1.1785026478,1.12333686673741,CN-NonLow,CN Non-Low,-0.3100286805,VPS4B CN-Normal,392
ACH-000473,0.6474124435,0.720201791069419,CN-NonLow,CN Non-Low,-0.3106386609,VPS4B CN-Normal,393
ACH-002538,0.747268182,0.805101059398124,CN-NonLow,CN Non-Low,-0.3119602495,VPS4B CN-Normal,394
ACH-000082,1.4048333508,1.26593692214308,CN-NonLow,CN Non-Low,-0.3134075444,VPS4B CN-Normal,395
ACH-000304,0.9586815016,0.969882822098004,CN-NonLow,CN Non-Low,-0.3135306724,VPS4B CN-Normal,396
ACH-000265,0.7277964908,0.788933299096327,CN-NonLow,CN Non-Low,-0.3137342177,VPS4B CN-Normal,397
ACH-000012,0.7278307955,0.788961942938079,CN-NonLow,CN Non-Low,-0.3145560862,VPS4B CN-Normal,398
ACH-000310,1.0144801946,1.01040762167275,CN-NonLow,CN Non-Low,-0.3148652079,VPS4B CN-Normal,399
ACH-000160,1.0083830688,1.00603446786924,CN-NonLow,CN Non-Low,-0.3152261781,VPS4B CN-Normal,400
ACH-000145,1.1295796476,1.09056868858687,CN-NonLow,CN Non-Low,-0.3153467541,VPS4B CN-Normal,401
ACH-000323,1.0262213177,1.01879176372932,CN-NonLow,CN Non-Low,-0.3154027156,VPS4B CN-Normal,402
ACH-001993,2.0777182066,1.62186114571697,CN-NonLow,CN Non-Low,-0.3166357553,VPS4B CN-Normal,403
ACH-000120,0.9956126941,0.996831751476851,CN-NonLow,CN Non-Low,-0.316648763,VPS4B CN-Normal,404
ACH-000454,1.2004871824,1.13782296821425,CN-NonLow,CN Non-Low,-0.3167098006,VPS4B CN-Normal,405
ACH-000836,0.6778269952,0.746593963671273,CN-NonLow,CN Non-Low,-0.3174175229,VPS4B CN-Normal,406
ACH-002512,0.6252712116,0.700680483053179,CN-NonLow,CN Non-Low,-0.3178276004,VPS4B CN-Normal,407
ACH-000683,0.8024981659,0.849997791478125,CN-NonLow,CN Non-Low,-0.31817233,VPS4B CN-Normal,408
ACH-002023,0.7620629071,0.817265430581346,CN-NonLow,CN Non-Low,-0.3182976392,VPS4B CN-Normal,409
ACH-000405,1.1114954172,1.07826511591023,CN-NonLow,CN Non-Low,-0.3183763688,VPS4B CN-Normal,410
ACH-002709,1.1330079624,1.09288935118882,CN-NonLow,CN Non-Low,-0.3190229721,VPS4B CN-Normal,411
ACH-001642,0.937848049,0.954455450242851,CN-NonLow,CN Non-Low,-0.3196992544,VPS4B CN-Normal,412
ACH-001038,0.8603156576,0.895547438008635,CN-NonLow,CN Non-Low,-0.3199121645,VPS4B CN-Normal,413
ACH-000234,0.6112104014,0.688144902012302,CN-NonLow,CN Non-Low,-0.3206853234,VPS4B CN-Normal,414
ACH-000968,1.1528397614,1.10624094187546,CN-NonLow,CN Non-Low,-0.3206910867,VPS4B CN-Normal,415
ACH-000525,0.9987106078,0.999069600188849,CN-NonLow,CN Non-Low,-0.3213744919,VPS4B CN-Normal,416
ACH-000343,1.2661207489,1.18022473635612,CN-NonLow,CN Non-Low,-0.3224667149,VPS4B CN-Normal,417
ACH-000291,0.5782611162,0.658335912501272,CN-NonLow,CN Non-Low,-0.3225770358,VPS4B CN-Normal,418
ACH-002705,0.8983048324,0.924711680915207,CN-NonLow,CN Non-Low,-0.3228109581,VPS4B CN-Normal,419
ACH-000936,1.060137063,1.0427403245601,CN-NonLow,CN Non-Low,-0.323769799,VPS4B CN-Normal,420
ACH-000262,0.7329079913,0.793195056679806,CN-NonLow,CN Non-Low,-0.323899233,VPS4B CN-Normal,421
ACH-000581,1.1829187631,1.1262584417105,CN-NonLow,CN Non-Low,-0.3241152448,VPS4B CN-Normal,422
ACH-002020,0.9626368125,0.972793225640256,CN-NonLow,CN Non-Low,-0.3250811315,VPS4B CN-Normal,423
ACH-000911,0.8907774859,0.918979591274294,CN-NonLow,CN Non-Low,-0.325246912,VPS4B CN-Normal,424
ACH-002678,0.9791801384,0.984902927670453,CN-NonLow,CN Non-Low,-0.3253225714,VPS4B CN-Normal,425
ACH-002041,0.8239450326,0.867062252314984,CN-NonLow,CN Non-Low,-0.325732087,VPS4B CN-Normal,426
ACH-001765,1.2335874559,1.15936274433137,CN-NonLow,CN Non-Low,-0.3264026579,VPS4B CN-Normal,427
ACH-001111,0.8212497891,0.864928805226287,CN-NonLow,CN Non-Low,-0.3264962546,VPS4B CN-Normal,428
ACH-001119,0.9952173142,0.996545889828183,CN-NonLow,CN Non-Low,-0.3268244151,VPS4B CN-Normal,429
ACH-000364,0.6996411256,0.765230157554937,CN-NonLow,CN Non-Low,-0.3269892803,VPS4B CN-Normal,430
ACH-000232,0.4421476113,0.528218839468773,CN-Low,Shallow CN Loss,-0.3276617207,VPS4B CN-Low,431
ACH-000921,1.0344145692,1.02461369885385,CN-NonLow,CN Non-Low,-0.3281512402,VPS4B CN-Normal,432
ACH-000228,0.535872245,0.619058216599225,CN-NonLow,CN Non-Low,-0.3287673226,VPS4B CN-Normal,433
ACH-000914,1.042867594,1.03059570056166,CN-NonLow,CN Non-Low,-0.3296440705,VPS4B CN-Normal,434
ACH-000227,1.0316378424,1.0226432517462,CN-NonLow,CN Non-Low,-0.3300608535,VPS4B CN-Normal,435
ACH-001307,0.7332946912,0.793516959396675,CN-NonLow,CN Non-Low,-0.3314200075,VPS4B CN-Normal,436
ACH-000152,1.0351074964,1.02510500108969,CN-NonLow,CN Non-Low,-0.3317410114,VPS4B CN-Normal,437
ACH-000367,0.8525846581,0.889539471292437,CN-NonLow,CN Non-Low,-0.3318602155,VPS4B CN-Normal,438
ACH-000338,0.6156263977,0.692093623522883,CN-NonLow,CN Non-Low,-0.3318862474,VPS4B CN-Normal,439
ACH-000013,0.7133020377,0.776779506285135,CN-NonLow,CN Non-Low,-0.332493904,VPS4B CN-Normal,440
ACH-000878,0.6225022686,0.698220495417438,CN-NonLow,CN Non-Low,-0.3328869664,VPS4B CN-Normal,441
ACH-001799,0.9802951565,0.985715475296633,CN-NonLow,CN Non-Low,-0.3329011044,VPS4B CN-Normal,442
ACH-001509,1.154114211,1.10709474351032,CN-NonLow,CN Non-Low,-0.3347439858,VPS4B CN-Normal,443
ACH-000725,0.6974506288,0.763369613573843,CN-NonLow,CN Non-Low,-0.338172544,VPS4B CN-Normal,444
ACH-000337,0.5633709193,0.644660107159719,CN-NonLow,CN Non-Low,-0.3384920007,VPS4B CN-Normal,445
ACH-000480,0.7890687992,0.83920886774542,CN-NonLow,CN Non-Low,-0.3394293729,VPS4B CN-Normal,446
ACH-001322,1.0277823627,1.01990281945051,CN-NonLow,CN Non-Low,-0.3450718609,VPS4B CN-Normal,447
ACH-001183,0.6994059624,0.765030531733819,CN-NonLow,CN Non-Low,-0.3455755176,VPS4B CN-Normal,448
ACH-000277,0.5978510509,0.676132928826987,CN-NonLow,CN Non-Low,-0.3460130152,VPS4B CN-Normal,449
ACH-000352,0.6405885871,0.714213497373105,CN-NonLow,CN Non-Low,-0.3466230085,VPS4B CN-Normal,450
ACH-001668,0.9138941609,0.936511050426535,CN-NonLow,CN Non-Low,-0.3467627485,VPS4B CN-Normal,451
ACH-000961,0.9951991028,0.996532721530079,CN-NonLow,CN Non-Low,-0.3479078469,VPS4B CN-Normal,452
ACH-001020,1.0460606495,1.0328489102035,CN-NonLow,CN Non-Low,-0.3492090826,VPS4B CN-Normal,453
ACH-002002,1.1159937906,1.08133539385849,CN-NonLow,CN Non-Low,-0.3508661308,VPS4B CN-Normal,454
ACH-001336,0.6894223622,0.756530052636858,CN-NonLow,CN Non-Low,-0.3511788784,VPS4B CN-Normal,455
ACH-000438,0.8418802836,0.881179293856278,CN-NonLow,CN Non-Low,-0.3517426414,VPS4B CN-Normal,456
ACH-000889,1.3584806348,1.23785775512119,CN-NonLow,CN Non-Low,-0.3521002627,VPS4B CN-Normal,457
ACH-000037,0.7394630681,0.79864204829692,CN-NonLow,CN Non-Low,-0.3529264459,VPS4B CN-Normal,458
ACH-000164,0.7434919361,0.801979691458785,CN-NonLow,CN Non-Low,-0.35359875,VPS4B CN-Normal,459
ACH-001560,0.6003180701,0.67835867545695,CN-NonLow,CN Non-Low,-0.3536208724,VPS4B CN-Normal,460
ACH-002680,1.2372259513,1.16171097045967,CN-NonLow,CN Non-Low,-0.3547202208,VPS4B CN-Normal,461
ACH-002544,0.9599006505,0.970780524410021,CN-NonLow,CN Non-Low,-0.3548178722,VPS4B CN-Normal,462
ACH-002040,0.7661304672,0.820591921372581,CN-NonLow,CN Non-Low,-0.3557751819,VPS4B CN-Normal,463
ACH-000805,1.034523846,1.02469118987554,CN-NonLow,CN Non-Low,-0.355821694,VPS4B CN-Normal,464
ACH-000128,0.9725730364,0.980078718388981,CN-NonLow,CN Non-Low,-0.3561154444,VPS4B CN-Normal,465
ACH-000127,1.1150574171,1.08069682847102,CN-NonLow,CN Non-Low,-0.356569868,VPS4B CN-Normal,466
ACH-001606,0.8374378322,0.877695438686953,CN-NonLow,CN Non-Low,-0.3571109421,VPS4B CN-Normal,467
ACH-000264,0.777969769,0.830230794086374,CN-NonLow,CN Non-Low,-0.357423794,VPS4B CN-Normal,468
ACH-000450,1.0211637288,1.01518619512694,CN-NonLow,CN Non-Low,-0.3574623642,VPS4B CN-Normal,469
ACH-000490,0.8573588025,0.893252540413549,CN-NonLow,CN Non-Low,-0.3580691838,VPS4B CN-Normal,470
ACH-002029,0.7678806508,0.822020882019554,CN-NonLow,CN Non-Low,-0.3597622097,VPS4B CN-Normal,471
ACH-000746,1.6274418551,1.39365883791264,CN-NonLow,CN Non-Low,-0.3607005489,VPS4B CN-Normal,472
ACH-000260,0.9981565158,0.998669594003506,CN-NonLow,CN Non-Low,-0.3607052018,VPS4B CN-Normal,473
ACH-000593,0.7394179645,0.7986046392913,CN-NonLow,CN Non-Low,-0.361063336,VPS4B CN-Normal,474
ACH-003185,0.6198757625,0.695883168851682,CN-NonLow,CN Non-Low,-0.3612380305,VPS4B CN-Normal,475
ACH-000637,0.8390478538,0.878959020555569,CN-NonLow,CN Non-Low,-0.361817956,VPS4B CN-Normal,476
ACH-002475,1.1209982298,1.08474341678557,CN-NonLow,CN Non-Low,-0.363236616,VPS4B CN-Normal,477
ACH-001804,0.9556629546,0.967657752894435,CN-NonLow,CN Non-Low,-0.3637202914,VPS4B CN-Normal,478
ACH-000116,1.2224945216,1.15217986284796,CN-NonLow,CN Non-Low,-0.3641597047,VPS4B CN-Normal,479
ACH-000981,1.2452669082,1.1668869568809,CN-NonLow,CN Non-Low,-0.3680079734,VPS4B CN-Normal,480
ACH-000869,0.4309014923,0.516924355878669,CN-Low,Shallow CN Loss,-0.371137933,VPS4B CN-Low,481
ACH-001421,1.4344582709,1.28360077155319,CN-NonLow,CN Non-Low,-0.3715719424,VPS4B CN-Normal,482
ACH-000341,0.8787440982,0.909768572133142,CN-NonLow,CN Non-Low,-0.3750460609,VPS4B CN-Normal,483
ACH-000736,0.826315709,0.868936180677262,CN-NonLow,CN Non-Low,-0.3753299705,VPS4B CN-Normal,484
ACH-002060,1.0418612072,1.02988480427179,CN-NonLow,CN Non-Low,-0.3757042345,VPS4B CN-Normal,485
ACH-002478,0.9129248432,0.935780192830581,CN-NonLow,CN Non-Low,-0.3769710254,VPS4B CN-Normal,486
ACH-000649,0.8662101604,0.900111462231567,CN-NonLow,CN Non-Low,-0.3775259864,VPS4B CN-Normal,487
ACH-000461,0.7505749255,0.80782881117173,CN-NonLow,CN Non-Low,-0.378404419,VPS4B CN-Normal,488
ACH-001578,0.7993321377,0.847461517431411,CN-NonLow,CN Non-Low,-0.379844505,VPS4B CN-Normal,489
ACH-001608,0.9243454326,0.944367795556713,CN-NonLow,CN Non-Low,-0.3799943066,VPS4B CN-Normal,490
ACH-000005,1.0950706877,1.06699892128683,CN-NonLow,CN Non-Low,-0.380930545,VPS4B CN-Normal,491
ACH-000108,0.7343801658,0.794420163380992,CN-NonLow,CN Non-Low,-0.3812362807,VPS4B CN-Normal,492
ACH-003190,0.5049452943,0.589711045073653,CN-NonLow,CN Non-Low,-0.3812492166,VPS4B CN-Normal,493
ACH-000463,0.9007402278,0.926561373820558,CN-NonLow,CN Non-Low,-0.3824092114,VPS4B CN-Normal,494
ACH-000682,0.4909166489,0.576199604650255,CN-Low,Shallow CN Loss,-0.3827075002,VPS4B CN-Low,495
ACH-000256,0.8119563068,0.857548166905686,CN-NonLow,CN Non-Low,-0.3829000422,VPS4B CN-Normal,496
ACH-000790,1.0519682773,1.03700842756498,CN-NonLow,CN Non-Low,-0.384559213,VPS4B CN-Normal,497
ACH-000544,0.7566882773,0.81285820916511,CN-NonLow,CN Non-Low,-0.3848601489,VPS4B CN-Normal,498
ACH-002928,0.9934579438,0.995273168961429,CN-NonLow,CN Non-Low,-0.384938068,VPS4B CN-Normal,499
ACH-000015,0.9215159232,0.942244931761887,CN-NonLow,CN Non-Low,-0.3855851074,VPS4B CN-Normal,500
ACH-002458,0.7985291618,0.846817551879833,CN-NonLow,CN Non-Low,-0.3857356464,VPS4B CN-Normal,501
ACH-002446,0.917979601,0.939587376407848,CN-NonLow,CN Non-Low,-0.3859992657,VPS4B CN-Normal,502
ACH-000039,1.1056371523,1.07425684962182,CN-NonLow,CN Non-Low,-0.3883429678,VPS4B CN-Normal,503
ACH-002486,0.9427321929,0.95808703802869,CN-NonLow,CN Non-Low,-0.3887930961,VPS4B CN-Normal,504
ACH-000503,1.4253260695,1.27817872141392,CN-NonLow,CN Non-Low,-0.390306317,VPS4B CN-Normal,505
ACH-000377,0.8209919607,0.864724553130872,CN-NonLow,CN Non-Low,-0.3926994923,VPS4B CN-Normal,506
ACH-001338,0.9609156496,0.971527478150624,CN-NonLow,CN Non-Low,-0.3931612614,VPS4B CN-Normal,507
ACH-000202,0.8629255503,0.897570019765766,CN-NonLow,CN Non-Low,-0.3936748353,VPS4B CN-Normal,508
ACH-000769,0.872307682,0.904817536855383,CN-NonLow,CN Non-Low,-0.3942230243,VPS4B CN-Normal,509
ACH-000975,0.8426777862,0.881803820891698,CN-NonLow,CN Non-Low,-0.3945726096,VPS4B CN-Normal,510
ACH-002035,1.1045234127,1.07349355966628,CN-NonLow,CN Non-Low,-0.3953244705,VPS4B CN-Normal,511
ACH-001436,0.3757460909,0.460214229341672,CN-Low,Shallow CN Loss,-0.395576757,VPS4B CN-Low,512
ACH-000344,0.8048361434,0.851867864350798,CN-NonLow,CN Non-Low,-0.395863374,VPS4B CN-Normal,513
ACH-000356,0.6223435021,0.698079316662836,CN-NonLow,CN Non-Low,-0.396725292,VPS4B CN-Normal,514
ACH-002062,0.9151112199,0.937428178959028,CN-NonLow,CN Non-Low,-0.3985609169,VPS4B CN-Normal,515
ACH-000319,0.9890157493,0.992054699674448,CN-NonLow,CN Non-Low,-0.4017790946,VPS4B CN-Normal,516
ACH-000969,0.5392080723,0.622188270382651,CN-NonLow,CN Non-Low,-0.4022145255,VPS4B CN-Normal,517
ACH-000515,1.2306188532,1.15744402072032,CN-NonLow,CN Non-Low,-0.4029928974,VPS4B CN-Normal,518
ACH-000879,1.0128602281,1.00924699579229,CN-NonLow,CN Non-Low,-0.4033733242,VPS4B CN-Normal,519
ACH-003178,0.8276036999,0.869953268332001,CN-NonLow,CN Non-Low,-0.4036488741,VPS4B CN-Normal,520
ACH-000368,0.9063988903,0.930850016859478,CN-NonLow,CN Non-Low,-0.4043491271,VPS4B CN-Normal,521
ACH-000475,0.364360886,0.44822530094442,CN-Low,Shallow CN Loss,-0.4057920693,VPS4B CN-Low,522
ACH-000408,0.716083634,0.779119864851932,CN-NonLow,CN Non-Low,-0.4060141423,VPS4B CN-Normal,523
ACH-001280,1.298292992,1.20056272799316,CN-NonLow,CN Non-Low,-0.406402996,VPS4B CN-Normal,524
ACH-000608,0.4001436722,0.485574873267086,CN-Low,Shallow CN Loss,-0.4069676883,VPS4B CN-Low,525
ACH-000716,0.6974893047,0.763402484570225,CN-NonLow,CN Non-Low,-0.4076638535,VPS4B CN-Normal,526
ACH-000188,0.6118305285,0.688700063626683,CN-NonLow,CN Non-Low,-0.4086767919,VPS4B CN-Normal,527
ACH-000763,1.0906090256,1.06392328212446,CN-NonLow,CN Non-Low,-0.4104988463,VPS4B CN-Normal,528
ACH-000182,0.6625953574,0.733437088104255,CN-NonLow,CN Non-Low,-0.4116321004,VPS4B CN-Normal,529
ACH-000784,0.3977599706,0.483116636137892,CN-Low,Shallow CN Loss,-0.412501085,VPS4B CN-Low,530
ACH-000614,1.0776778664,1.05497198890372,CN-NonLow,CN Non-Low,-0.4126404915,VPS4B CN-Normal,531
ACH-000799,1.0575118283,1.04090072448928,CN-NonLow,CN Non-Low,-0.412691332,VPS4B CN-Normal,532
ACH-001366,0.8417688335,0.881091995364204,CN-NonLow,CN Non-Low,-0.4128700213,VPS4B CN-Normal,533
ACH-001647,0.6085872438,0.685794184535438,CN-NonLow,CN Non-Low,-0.4130844919,VPS4B CN-Normal,534
ACH-001128,1.0112537832,1.00809513468334,CN-NonLow,CN Non-Low,-0.4131947803,VPS4B CN-Normal,535
ACH-001129,1.5853100217,1.3703372940608,CN-NonLow,CN Non-Low,-0.4174076701,VPS4B CN-Normal,536
ACH-000935,1.0324500603,1.02321990401362,CN-NonLow,CN Non-Low,-0.4182737219,VPS4B CN-Normal,537
ACH-002021,0.7031741791,0.768225983151579,CN-NonLow,CN Non-Low,-0.4184055327,VPS4B CN-Normal,538
ACH-000928,1.0216119459,1.01550609444468,CN-NonLow,CN Non-Low,-0.418439079,VPS4B CN-Normal,539
ACH-000616,0.9593024855,0.970340144232782,CN-NonLow,CN Non-Low,-0.419414121,VPS4B CN-Normal,540
ACH-000498,1.05098283,1.03631541420804,CN-NonLow,CN Non-Low,-0.4208363246,VPS4B CN-Normal,541
ACH-000017,0.8811069187,0.91158185135686,CN-NonLow,CN Non-Low,-0.4209614213,VPS4B CN-Normal,542
ACH-000189,0.6728197685,0.742282016148451,CN-NonLow,CN Non-Low,-0.4214187446,VPS4B CN-Normal,543
ACH-000527,0.7355467783,0.795390250739555,CN-NonLow,CN Non-Low,-0.4217007046,VPS4B CN-Normal,544
ACH-000221,0.552927028,0.634990039116102,CN-NonLow,CN Non-Low,-0.4221359735,VPS4B CN-Normal,545
ACH-000559,0.7033969576,0.768414678132383,CN-NonLow,CN Non-Low,-0.4226514622,VPS4B CN-Normal,546
ACH-001228,0.7833592571,0.834597362653064,CN-NonLow,CN Non-Low,-0.4237224735,VPS4B CN-Normal,547
ACH-000401,1.1198418487,1.08395663620021,CN-NonLow,CN Non-Low,-0.423774426,VPS4B CN-Normal,548
ACH-000087,0.9290131996,0.947863015306306,CN-NonLow,CN Non-Low,-0.4238841859,VPS4B CN-Normal,549
ACH-000322,0.7723185883,0.825637963061856,CN-NonLow,CN Non-Low,-0.4244227588,VPS4B CN-Normal,550
ACH-001577,0.9224834925,0.942971210467657,CN-NonLow,CN Non-Low,-0.4263831993,VPS4B CN-Normal,551
ACH-003064,0.9799390332,0.985456007146201,CN-NonLow,CN Non-Low,-0.4269298839,VPS4B CN-Normal,552
ACH-000493,0.6317597808,0.706428686870119,CN-NonLow,CN Non-Low,-0.4279712762,VPS4B CN-Normal,553
ACH-000583,1.3318115897,1.22145122353556,CN-NonLow,CN Non-Low,-0.4280750876,VPS4B CN-Normal,554
ACH-002500,1.0244006688,1.01749485608162,CN-NonLow,CN Non-Low,-0.4295439627,VPS4B CN-Normal,555
ACH-000941,0.8636436102,0.898125995745277,CN-NonLow,CN Non-Low,-0.4301537101,VPS4B CN-Normal,556
ACH-000551,0.6620949355,0.733002788283622,CN-NonLow,CN Non-Low,-0.4307926926,VPS4B CN-Normal,557
ACH-000648,0.5527522892,0.634827694730395,CN-NonLow,CN Non-Low,-0.4309427832,VPS4B CN-Normal,558
ACH-001662,0.4345216602,0.520569751882949,CN-Low,Shallow CN Loss,-0.4310015671,VPS4B CN-Low,559
ACH-002283,0.5225927445,0.606530108561853,CN-NonLow,CN Non-Low,-0.4316095932,VPS4B CN-Normal,560
ACH-001863,0.7223595432,0.784386337303445,CN-NonLow,CN Non-Low,-0.4326090076,VPS4B CN-Normal,561
ACH-000847,1.0000192973,1.00001391999235,CN-NonLow,CN Non-Low,-0.4328834885,VPS4B CN-Normal,562
ACH-000207,0.7736666549,0.826734893228744,CN-NonLow,CN Non-Low,-0.4334584453,VPS4B CN-Normal,563
ACH-001508,0.6842146976,0.752076059674797,CN-NonLow,CN Non-Low,-0.4335140087,VPS4B CN-Normal,564
ACH-003587,0.7321412928,0.792556617193861,CN-NonLow,CN Non-Low,-0.4336568508,VPS4B CN-Normal,565
ACH-000052,1.0105010354,1.00755507912065,CN-NonLow,CN Non-Low,-0.4338055568,VPS4B CN-Normal,566
ACH-000595,1.105237946,1.07398330412946,CN-NonLow,CN Non-Low,-0.4340704966,VPS4B CN-Normal,567
ACH-000018,0.8263976175,0.869000882708993,CN-NonLow,CN Non-Low,-0.4362190377,VPS4B CN-Normal,568
ACH-001433,1.1108738541,1.07784036575181,CN-NonLow,CN Non-Low,-0.4363022344,VPS4B CN-Normal,569
ACH-000654,1.0632474537,1.04491685991404,CN-NonLow,CN Non-Low,-0.4370044501,VPS4B CN-Normal,570
ACH-000402,1.1048044227,1.07368618506867,CN-NonLow,CN Non-Low,-0.4376359513,VPS4B CN-Normal,571
ACH-002693,0.6003996329,0.678432202870503,CN-NonLow,CN Non-Low,-0.4396159006,VPS4B CN-Normal,572
ACH-000261,0.6901452821,0.757147263523201,CN-NonLow,CN Non-Low,-0.4420143345,VPS4B CN-Normal,573
ACH-000735,0.5237346642,0.607611700751019,CN-NonLow,CN Non-Low,-0.4440148649,VPS4B CN-Normal,574
ACH-000499,0.7343246833,0.794374011095863,CN-NonLow,CN Non-Low,-0.4446539712,VPS4B CN-Normal,575
ACH-002925,0.9535530442,0.966100429089708,CN-NonLow,CN Non-Low,-0.444982643,VPS4B CN-Normal,576
ACH-003184,0.9456889863,0.960281117219554,CN-NonLow,CN Non-Low,-0.4456693463,VPS4B CN-Normal,577
ACH-000507,0.7268522314,0.788144635184501,CN-NonLow,CN Non-Low,-0.446601353,VPS4B CN-Normal,578
ACH-000524,0.4130733813,0.49883638717837,CN-Low,Shallow CN Loss,-0.4475783735,VPS4B CN-Low,579
ACH-001054,0.9262631344,0.945804793920667,CN-NonLow,CN Non-Low,-0.4477410135,VPS4B CN-Normal,580
ACH-001151,0.4059207513,0.491515275115469,CN-Low,Shallow CN Loss,-0.4492265925,VPS4B CN-Low,581
ACH-003573,0.8557427087,0.891996700436612,CN-NonLow,CN Non-Low,-0.4508981729,VPS4B CN-Normal,582
ACH-000280,0.6979632592,0.763805241963138,CN-NonLow,CN Non-Low,-0.4513696081,VPS4B CN-Normal,583
ACH-001675,0.762121542,0.817313437307828,CN-NonLow,CN Non-Low,-0.4520065987,VPS4B CN-Normal,584
ACH-000858,0.4390599968,0.52512674168311,CN-Low,Shallow CN Loss,-0.4523374796,VPS4B CN-Low,585
ACH-000258,0.746235035,0.804247751984747,CN-NonLow,CN Non-Low,-0.4544815228,VPS4B CN-Normal,586
ACH-000913,1.035520346,1.02539764197736,CN-NonLow,CN Non-Low,-0.4570607062,VPS4B CN-Normal,587
ACH-000533,1.0768355917,1.05438701279922,CN-NonLow,CN Non-Low,-0.461364514,VPS4B CN-Normal,588
ACH-000800,0.9413422803,0.957054503706952,CN-NonLow,CN Non-Low,-0.4632584591,VPS4B CN-Normal,589
ACH-001526,1.2100880277,1.14410383323529,CN-NonLow,CN Non-Low,-0.4635523739,VPS4B CN-Normal,590
ACH-000215,1.0589933281,1.04193915511216,CN-NonLow,CN Non-Low,-0.4645997049,VPS4B CN-Normal,591
ACH-000192,0.8614607674,0.896435209918181,CN-NonLow,CN Non-Low,-0.4657101195,VPS4B CN-Normal,592
ACH-000853,0.9209795326,0.941842147648008,CN-NonLow,CN Non-Low,-0.4657873197,VPS4B CN-Normal,593
ACH-002471,1.1704278471,1.11797946296802,CN-NonLow,CN Non-Low,-0.4666834183,VPS4B CN-Normal,594
ACH-000651,0.4883373397,0.573701558135449,CN-Low,Shallow CN Loss,-0.4673138307,VPS4B CN-Low,595
ACH-000022,0.6624837627,0.733340250035431,CN-NonLow,CN Non-Low,-0.4674233683,VPS4B CN-Normal,596
ACH-000709,1.0845104843,1.05970862837541,CN-NonLow,CN Non-Low,-0.4689793285,VPS4B CN-Normal,597
ACH-001481,1.0427088658,1.03048360064658,CN-NonLow,CN Non-Low,-0.4703787448,VPS4B CN-Normal,598
ACH-000502,0.3578086078,0.441280136403402,CN-Low,Shallow CN Loss,-0.4706390494,VPS4B CN-Low,599
ACH-001699,0.9621091632,0.972405309052666,CN-NonLow,CN Non-Low,-0.4713323363,VPS4B CN-Normal,600
ACH-000233,0.655718271,0.727457211720745,CN-NonLow,CN Non-Low,-0.4727264548,VPS4B CN-Normal,601
ACH-000973,1.0845134912,1.0597107094571,CN-NonLow,CN Non-Low,-0.4734222432,VPS4B CN-Normal,602
ACH-000740,0.4254053258,0.511372219889894,CN-Low,Shallow CN Loss,-0.4735323475,VPS4B CN-Low,603
ACH-000754,0.4970283331,0.582101526430429,CN-Low,Shallow CN Loss,-0.4741944839,VPS4B CN-Low,604
ACH-000148,1.1410721372,1.09833340395672,CN-NonLow,CN Non-Low,-0.4764425979,VPS4B CN-Normal,605
ACH-000460,0.7626293713,0.817729150551583,CN-NonLow,CN Non-Low,-0.4764982602,VPS4B CN-Normal,606
ACH-000316,1.0178191213,1.01279685606016,CN-NonLow,CN Non-Low,-0.4769372957,VPS4B CN-Normal,607
ACH-001401,0.6490448144,0.721630605951924,CN-NonLow,CN Non-Low,-0.4777411208,VPS4B CN-Normal,608
ACH-002061,1.1666582393,1.11547160596898,CN-NonLow,CN Non-Low,-0.4781475165,VPS4B CN-Normal,609
ACH-000905,1.0467017388,1.03330087700425,CN-NonLow,CN Non-Low,-0.4782059295,VPS4B CN-Normal,610
ACH-000292,0.9986413918,0.999019638324109,CN-NonLow,CN Non-Low,-0.4785749881,VPS4B CN-Normal,611
ACH-002522,1.0293823135,1.02104067871366,CN-NonLow,CN Non-Low,-0.4800510687,VPS4B CN-Normal,612
ACH-000250,0.7010727185,0.766444815532108,CN-NonLow,CN Non-Low,-0.4805708793,VPS4B CN-Normal,613
ACH-000661,0.8913605399,0.919424402709147,CN-NonLow,CN Non-Low,-0.4826463249,VPS4B CN-Normal,614
ACH-001306,1.2434495717,1.16571875545353,CN-NonLow,CN Non-Low,-0.4834478576,VPS4B CN-Normal,615
ACH-002526,1.0827281062,1.05847451223504,CN-NonLow,CN Non-Low,-0.4841640363,VPS4B CN-Normal,616
ACH-000385,0.6062559893,0.68370183374141,CN-NonLow,CN Non-Low,-0.4859357341,VPS4B CN-Normal,617
ACH-000326,0.5271048968,0.610799164227416,CN-NonLow,CN Non-Low,-0.4894155722,VPS4B CN-Normal,618
ACH-001975,0.6192908347,0.695362125910427,CN-NonLow,CN Non-Low,-0.4919918395,VPS4B CN-Normal,619
ACH-000421,0.5676064938,0.648563454420234,CN-NonLow,CN Non-Low,-0.4920891726,VPS4B CN-Normal,620
ACH-000896,0.8289913768,0.871048273185479,CN-NonLow,CN Non-Low,-0.4932295336,VPS4B CN-Normal,621
ACH-000420,0.8737236821,0.905908214546469,CN-NonLow,CN Non-Low,-0.4937187086,VPS4B CN-Normal,622
ACH-000514,1.3945039298,1.2597268032909,CN-NonLow,CN Non-Low,-0.4953675175,VPS4B CN-Normal,623
ACH-003065,1.0214484524,1.0153894148809,CN-NonLow,CN Non-Low,-0.4956480565,VPS4B CN-Normal,624
ACH-000317,1.0332889877,1.02381527740209,CN-NonLow,CN Non-Low,-0.4964369629,VPS4B CN-Normal,625
ACH-000865,0.5056489369,0.590385424701132,CN-NonLow,CN Non-Low,-0.4964487841,VPS4B CN-Normal,626
ACH-000330,0.3515641823,0.434630023368966,CN-Low,Shallow CN Loss,-0.5014294254,VPS4B CN-Low,627
ACH-002046,0.7354631689,0.795320747702336,CN-NonLow,CN Non-Low,-0.5030006966,VPS4B CN-Normal,628
ACH-000195,1.0582359248,1.04140836028386,CN-NonLow,CN Non-Low,-0.5036425796,VPS4B CN-Normal,629
ACH-000334,1.0176327457,1.01266359556646,CN-NonLow,CN Non-Low,-0.5041427728,VPS4B CN-Normal,630
ACH-000756,0.994128679,0.995758508314502,CN-NonLow,CN Non-Low,-0.504914745,VPS4B CN-Normal,631
ACH-002077,0.5543914834,0.636349901448758,CN-NonLow,CN Non-Low,-0.505018386,VPS4B CN-Normal,632
ACH-000804,0.6062055644,0.683656542769389,CN-NonLow,CN Non-Low,-0.505214583,VPS4B CN-Normal,633
ACH-001205,1.0350625112,1.02507311056677,CN-NonLow,CN Non-Low,-0.5057799969,VPS4B CN-Normal,634
ACH-000147,0.7385108388,0.797852061620769,CN-NonLow,CN Non-Low,-0.5068519839,VPS4B CN-Normal,635
ACH-002801,1.0762915995,1.05400907356568,CN-NonLow,CN Non-Low,-0.5071162715,VPS4B CN-Normal,636
ACH-000537,0.9336860284,0.951353564182811,CN-NonLow,CN Non-Low,-0.5074710966,VPS4B CN-Normal,637
ACH-000410,0.8231989231,0.866471977566468,CN-NonLow,CN Non-Low,-0.5091281132,VPS4B CN-Normal,638
ACH-000469,0.862634308,0.897344456983932,CN-NonLow,CN Non-Low,-0.5099286331,VPS4B CN-Normal,639
ACH-001428,0.9074430441,0.931639979093222,CN-NonLow,CN Non-Low,-0.5114355963,VPS4B CN-Normal,640
ACH-001674,0.7287409666,0.789721712705961,CN-NonLow,CN Non-Low,-0.5120553905,VPS4B CN-Normal,641
ACH-000684,0.6006972649,0.678700481042239,CN-NonLow,CN Non-Low,-0.5127923599,VPS4B CN-Normal,642
ACH-000219,0.7682346815,0.822309763059294,CN-NonLow,CN Non-Low,-0.5147193125,VPS4B CN-Normal,643
ACH-001696,0.6398918515,0.71360067432547,CN-NonLow,CN Non-Low,-0.5159073725,VPS4B CN-Normal,644
ACH-000696,0.435848908,0.521903944740675,CN-Low,Shallow CN Loss,-0.5190713733,VPS4B CN-Low,645
ACH-000235,0.751718284,0.808770775534984,CN-NonLow,CN Non-Low,-0.5200881546,VPS4B CN-Normal,646
ACH-002042,0.6324559912,0.707044099193864,CN-NonLow,CN Non-Low,-0.5209153887,VPS4B CN-Normal,647
ACH-000370,0.6358040009,0.709999897503852,CN-NonLow,CN Non-Low,-0.5210755626,VPS4B CN-Normal,648
ACH-002018,1.1152205107,1.08080807143522,CN-NonLow,CN Non-Low,-0.5214677576,VPS4B CN-Normal,649
ACH-003186,1.2082709419,1.14291719320067,CN-NonLow,CN Non-Low,-0.5222069575,VPS4B CN-Normal,650
ACH-000819,0.8259841484,0.868674241157855,CN-NonLow,CN Non-Low,-0.5226947663,VPS4B CN-Normal,651
ACH-000966,0.835708086,0.876336659860965,CN-NonLow,CN Non-Low,-0.5241159301,VPS4B CN-Normal,652
ACH-002647,0.6429716355,0.716307573607086,CN-NonLow,CN Non-Low,-0.526729441,VPS4B CN-Normal,653
ACH-002066,0.7343638769,0.794406613857036,CN-NonLow,CN Non-Low,-0.5275866467,VPS4B CN-Normal,654
ACH-001465,0.9854705068,0.98948093048746,CN-NonLow,CN Non-Low,-0.5306906916,VPS4B CN-Normal,655
ACH-000599,0.5987588583,0.676952352720721,CN-NonLow,CN Non-Low,-0.5311632422,VPS4B CN-Normal,656
ACH-000570,0.9342997584,0.951811386565663,CN-NonLow,CN Non-Low,-0.5338187164,VPS4B CN-Normal,657
ACH-003180,0.8590642853,0.894576658627474,CN-NonLow,CN Non-Low,-0.5343500788,VPS4B CN-Normal,658
ACH-001610,0.8986890943,0.925003687039065,CN-NonLow,CN Non-Low,-0.5351039612,VPS4B CN-Normal,659
ACH-000995,0.9359785677,0.953062981308749,CN-NonLow,CN Non-Low,-0.5359945869,VPS4B CN-Normal,660
ACH-001623,0.8887065338,0.917398553964421,CN-NonLow,CN Non-Low,-0.5374432598,VPS4B CN-Normal,661
ACH-001099,1.0341824301,1.02444906916515,CN-NonLow,CN Non-Low,-0.537968422,VPS4B CN-Normal,662
ACH-000133,1.3304746293,1.22062380707025,CN-NonLow,CN Non-Low,-0.5388472739,VPS4B CN-Normal,663
ACH-000516,1.0921280352,1.0649711451297,CN-NonLow,CN Non-Low,-0.5395737457,VPS4B CN-Normal,664
ACH-000288,0.9188612926,0.940250428203102,CN-NonLow,CN Non-Low,-0.5414186715,VPS4B CN-Normal,665
ACH-001053,1.1400483412,1.09764338579549,CN-NonLow,CN Non-Low,-0.5419571145,VPS4B CN-Normal,666
ACH-000545,0.6042757701,0.681922157976718,CN-NonLow,CN Non-Low,-0.542169257,VPS4B CN-Normal,667
ACH-000605,0.7749880662,0.82780932495988,CN-NonLow,CN Non-Low,-0.5425318733,VPS4B CN-Normal,668
ACH-000768,0.7380211161,0.797445610292526,CN-NonLow,CN Non-Low,-0.542657191,VPS4B CN-Normal,669
ACH-000376,0.9940200519,0.995679917575244,CN-NonLow,CN Non-Low,-0.5432482907,VPS4B CN-Normal,670
ACH-000792,0.8331810893,0.874349308371324,CN-NonLow,CN Non-Low,-0.5437583762,VPS4B CN-Normal,671
ACH-000822,1.0066322262,1.00477622504279,CN-NonLow,CN Non-Low,-0.5452414001,VPS4B CN-Normal,672
ACH-000093,0.5236740425,0.607554302066176,CN-NonLow,CN Non-Low,-0.5536942148,VPS4B CN-Normal,673
ACH-000505,0.4483912405,0.534451356902271,CN-Low,Shallow CN Loss,-0.5541765727,VPS4B CN-Low,674
ACH-000664,0.6502344958,0.722671043798517,CN-NonLow,CN Non-Low,-0.556869693,VPS4B CN-Normal,675
ACH-001318,0.7574187285,0.813457973678422,CN-NonLow,CN Non-Low,-0.5573233417,VPS4B CN-Normal,676
ACH-000839,0.9548382064,0.967049206773732,CN-NonLow,CN Non-Low,-0.5581034093,VPS4B CN-Normal,677
ACH-000919,1.0232748481,1.01669231349839,CN-NonLow,CN Non-Low,-0.5590618917,VPS4B CN-Normal,678
ACH-003273,0.9891666467,0.992164146104549,CN-NonLow,CN Non-Low,-0.5599968586,VPS4B CN-Normal,679
ACH-000348,0.87783275,0.909068574445041,CN-NonLow,CN Non-Low,-0.5643859121,VPS4B CN-Normal,680
ACH-000217,0.6645672023,0.735147116478673,CN-NonLow,CN Non-Low,-0.5656525921,VPS4B CN-Normal,681
ACH-000663,0.6358295623,0.710022441168542,CN-NonLow,CN Non-Low,-0.5675253977,VPS4B CN-Normal,682
ACH-000470,0.6015310025,0.679451726130135,CN-NonLow,CN Non-Low,-0.5716379679,VPS4B CN-Normal,683
ACH-001977,0.7814102039,0.833019762924932,CN-NonLow,CN Non-Low,-0.5723215872,VPS4B CN-Normal,684
ACH-000452,0.5057169364,0.590450579548186,CN-NonLow,CN Non-Low,-0.574921251,VPS4B CN-Normal,685
ACH-000622,0.9800875267,0.985564203812518,CN-NonLow,CN Non-Low,-0.575370499,VPS4B CN-Normal,686
ACH-000834,0.755205931,0.811640305859344,CN-NonLow,CN Non-Low,-0.5761938464,VPS4B CN-Normal,687
ACH-001036,0.7079763142,0.772287968153287,CN-NonLow,CN Non-Low,-0.5771081592,VPS4B CN-Normal,688
ACH-001134,0.4919385435,0.5771881087742,CN-Low,Shallow CN Loss,-0.5845872805,VPS4B CN-Low,689
ACH-000366,0.8330436515,0.874241142153156,CN-NonLow,CN Non-Low,-0.5877832784,VPS4B CN-Normal,690
ACH-000415,0.7961813595,0.844933025603375,CN-NonLow,CN Non-Low,-0.5888095917,VPS4B CN-Normal,691
ACH-002291,0.7514593661,0.808557517968102,CN-NonLow,CN Non-Low,-0.5888662738,VPS4B CN-Normal,692
ACH-000547,0.5449043828,0.627517549631873,CN-NonLow,CN Non-Low,-0.588917898,VPS4B CN-Normal,693
ACH-000009,0.5512161259,0.633399706388076,CN-NonLow,CN Non-Low,-0.5901511697,VPS4B CN-Normal,694
ACH-002024,0.8086739256,0.854932337023636,CN-NonLow,CN Non-Low,-0.5902153863,VPS4B CN-Normal,695
ACH-000978,0.9959845858,0.997100579354649,CN-NonLow,CN Non-Low,-0.5915072849,VPS4B CN-Normal,696
ACH-000325,0.6967741468,0.762794544269896,CN-NonLow,CN Non-Low,-0.5926198923,VPS4B CN-Normal,697
ACH-000732,0.5522559644,0.634366475129514,CN-NonLow,CN Non-Low,-0.5969811906,VPS4B CN-Normal,698
ACH-002711,1.0996146249,1.07012455181222,CN-NonLow,CN Non-Low,-0.5980305309,VPS4B CN-Normal,699
ACH-000831,0.4900972647,0.575406504325362,CN-Low,Shallow CN Loss,-0.5987362077,VPS4B CN-Low,700
ACH-000655,0.8495000868,0.887135368169898,CN-NonLow,CN Non-Low,-0.6010641409,VPS4B CN-Normal,701
ACH-000585,0.3452731373,0.427899119861571,CN-Low,Shallow CN Loss,-0.6025087336,VPS4B CN-Low,702
ACH-000393,0.7661947258,0.820644411196422,CN-NonLow,CN Non-Low,-0.6117603471,VPS4B CN-Normal,703
ACH-002922,0.912658477,0.935579290032625,CN-NonLow,CN Non-Low,-0.6140069828,VPS4B CN-Normal,704
ACH-002004,0.7292179604,0.790119725874241,CN-NonLow,CN Non-Low,-0.6143021626,VPS4B CN-Normal,705
ACH-002660,0.526040944,0.609793670503584,CN-NonLow,CN Non-Low,-0.6150616393,VPS4B CN-Normal,706
ACH-000835,0.7194907278,0.781981336281671,CN-NonLow,CN Non-Low,-0.6163186829,VPS4B CN-Normal,707
ACH-000299,1.0457197028,1.03260848570752,CN-NonLow,CN Non-Low,-0.6186513601,VPS4B CN-Normal,708
ACH-000203,1.0288658594,1.02067348294781,CN-NonLow,CN Non-Low,-0.6189428018,VPS4B CN-Normal,709
ACH-000487,1.0541841456,1.03856551662975,CN-NonLow,CN Non-Low,-0.6204043058,VPS4B CN-Normal,710
ACH-000153,0.8694885895,0.902643665674819,CN-NonLow,CN Non-Low,-0.6204199857,VPS4B CN-Normal,711
ACH-000004,1.1084632962,1.07619190762552,CN-NonLow,CN Non-Low,-0.6209563206,VPS4B CN-Normal,712
ACH-003177,0.7316304371,0.792131064329634,CN-NonLow,CN Non-Low,-0.6248675199,VPS4B CN-Normal,713
ACH-000701,0.5894923516,0.668566074459344,CN-NonLow,CN Non-Low,-0.6262501516,VPS4B CN-Normal,714
ACH-002460,0.8408958324,0.880407993699369,CN-NonLow,CN Non-Low,-0.6276542409,VPS4B CN-Normal,715
ACH-002533,0.7002650549,0.765759666117404,CN-NonLow,CN Non-Low,-0.6285063415,VPS4B CN-Normal,716
ACH-000596,0.7221347632,0.78419804319528,CN-NonLow,CN Non-Low,-0.6316156428,VPS4B CN-Normal,717
ACH-000478,0.6460496734,0.719007873114657,CN-NonLow,CN Non-Low,-0.6326563237,VPS4B CN-Normal,718
ACH-000483,0.7420729891,0.800805071012917,CN-NonLow,CN Non-Low,-0.6398541992,VPS4B CN-Normal,719
ACH-002067,1.3330168344,1.22219671744546,CN-NonLow,CN Non-Low,-0.6413160246,VPS4B CN-Normal,720
ACH-000713,0.6589198985,0.730244226964814,CN-NonLow,CN Non-Low,-0.644303223,VPS4B CN-Normal,721
ACH-000917,0.4297203486,0.515732985365419,CN-Low,Shallow CN Loss,-0.6452024392,VPS4B CN-Low,722
ACH-000243,0.8042243928,0.851378778863602,CN-NonLow,CN Non-Low,-0.6470440705,VPS4B CN-Normal,723
ACH-000455,0.9758422145,0.982467741736685,CN-NonLow,CN Non-Low,-0.6475053301,VPS4B CN-Normal,724
ACH-000623,0.7882499071,0.838548366577186,CN-NonLow,CN Non-Low,-0.6489186309,VPS4B CN-Normal,725
ACH-001611,0.6236765845,0.699264294835731,CN-NonLow,CN Non-Low,-0.6496590372,VPS4B CN-Normal,726
ACH-002834,0.6533242067,0.725369655988782,CN-NonLow,CN Non-Low,-0.6644334503,VPS4B CN-Normal,727
ACH-000139,0.6951272467,0.76139357500919,CN-NonLow,CN Non-Low,-0.6659710438,VPS4B CN-Normal,728
ACH-001814,0.8990660422,0.925290077734749,CN-NonLow,CN Non-Low,-0.6662959387,VPS4B CN-Normal,729
ACH-002014,1.0259925819,1.01862889177199,CN-NonLow,CN Non-Low,-0.6691177929,VPS4B CN-Normal,730
ACH-001303,0.9809137544,0.986166069117844,CN-NonLow,CN Non-Low,-0.6748030764,VPS4B CN-Normal,731
ACH-000433,0.6230751135,0.698729767209612,CN-NonLow,CN Non-Low,-0.6767794842,VPS4B CN-Normal,732
ACH-000417,0.5410841927,0.623945681497591,CN-NonLow,CN Non-Low,-0.6768005656,VPS4B CN-Normal,733
ACH-000589,0.6642595641,0.734880459101803,CN-NonLow,CN Non-Low,-0.6772026035,VPS4B CN-Normal,734
ACH-000901,0.4401966283,0.526265794520051,CN-Low,Shallow CN Loss,-0.6831972298,VPS4B CN-Low,735
ACH-001530,0.3532325018,0.436409733162787,CN-Low,Shallow CN Loss,-0.6843055448,VPS4B CN-Low,736
ACH-002664,0.8726227551,0.905060294048124,CN-NonLow,CN Non-Low,-0.6863547197,VPS4B CN-Normal,737
ACH-000843,0.4113675788,0.497093774646219,CN-Low,Shallow CN Loss,-0.6871775762,VPS4B CN-Low,738
ACH-000466,0.5649194194,0.646088372030093,CN-NonLow,CN Non-Low,-0.6990249998,VPS4B CN-Normal,739
ACH-000738,1.0686768706,1.0487083123851,CN-NonLow,CN Non-Low,-0.7003803896,VPS4B CN-Normal,740
ACH-002530,0.5992533608,0.677398515062367,CN-NonLow,CN Non-Low,-0.7024490626,VPS4B CN-Normal,741
ACH-002048,0.490607094,0.575900030768423,CN-Low,Shallow CN Loss,-0.7142194472,VPS4B CN-Low,742
ACH-000279,1.0961391852,1.06773451607907,CN-NonLow,CN Non-Low,-0.718298456,VPS4B CN-Normal,743
ACH-002923,0.6071050168,0.684464205469956,CN-NonLow,CN Non-Low,-0.718526146,VPS4B CN-Normal,744
ACH-002490,1.387163651,1.25529747316168,CN-NonLow,CN Non-Low,-0.7232508594,VPS4B CN-Normal,745
ACH-000764,0.4787784093,0.564405884921801,CN-Low,Shallow CN Loss,-0.7273142706,VPS4B CN-Low,746
ACH-001400,0.5520737842,0.634197143587652,CN-NonLow,CN Non-Low,-0.7427823045,VPS4B CN-Normal,747
ACH-000035,0.9112652764,0.934528032834449,CN-NonLow,CN Non-Low,-0.7534378042,VPS4B CN-Normal,748
ACH-000887,0.8444049845,0.883155469747598,CN-NonLow,CN Non-Low,-0.7740431919,VPS4B CN-Normal,749
ACH-000023,0.5015248181,0.586428320818399,CN-NonLow,CN Non-Low,-0.7750488761,VPS4B CN-Normal,750
ACH-000890,0.6608734761,0.731942174230089,CN-NonLow,CN Non-Low,-0.7767322885,VPS4B CN-Normal,751
ACH-000820,0.7202272048,0.782599126317182,CN-NonLow,CN Non-Low,-0.7772948269,VPS4B CN-Normal,752
ACH-000802,0.4142547083,0.500041973972498,CN-Low,Shallow CN Loss,-0.781230232,VPS4B CN-Low,753
ACH-000697,0.4854652718,0.570914877278628,CN-Low,Shallow CN Loss,-0.793139187,VPS4B CN-Low,754
ACH-000036,0.558594394,0.640245532333689,CN-NonLow,CN Non-Low,-0.7947159521,VPS4B CN-Normal,755
ACH-003171,0.8301793778,0.871985055492966,CN-NonLow,CN Non-Low,-0.798463485,VPS4B CN-Normal,756
ACH-002069,0.5239100347,0.607777734640099,CN-NonLow,CN Non-Low,-0.8076313235,VPS4B CN-Normal,757
ACH-000174,0.7290269233,0.789960333878391,CN-NonLow,CN Non-Low,-0.8085966537,VPS4B CN-Normal,758
ACH-000397,0.812773348,0.858198555442025,CN-NonLow,CN Non-Low,-0.8100478305,VPS4B CN-Normal,759
ACH-002799,0.7810701329,0.832744326318771,CN-NonLow,CN Non-Low,-0.8170154407,VPS4B CN-Normal,760
ACH-000704,0.5781044168,0.658192665817634,CN-NonLow,CN Non-Low,-0.8197749407,VPS4B CN-Normal,761
ACH-000159,0.7099921605,0.773989711056379,CN-NonLow,CN Non-Low,-0.8213644512,VPS4B CN-Normal,762
ACH-003191,0.7718722518,0.825274592415312,CN-NonLow,CN Non-Low,-0.8285989785,VPS4B CN-Normal,763
ACH-000718,0.363150633,0.446944993892553,CN-Low,Shallow CN Loss,-0.8286863499,VPS4B CN-Low,764
ACH-002662,0.595922655,0.674390734297204,CN-NonLow,CN Non-Low,-0.8291926547,VPS4B CN-Normal,765
ACH-000647,0.4146913903,0.500487368786603,CN-Low,Shallow CN Loss,-0.8331471855,VPS4B CN-Low,766
ACH-000976,0.6333829776,0.707863097761119,CN-NonLow,CN Non-Low,-0.8392897327,VPS4B CN-Normal,767
ACH-002470,0.7313297722,0.791880545851181,CN-NonLow,CN Non-Low,-0.8439220795,VPS4B CN-Normal,768
ACH-000627,0.9936498786,0.995412068332442,CN-NonLow,CN Non-Low,-0.8511977749,VPS4B CN-Normal,769
ACH-000719,0.9908831894,0.993408576650041,CN-NonLow,CN Non-Low,-0.8637464326,VPS4B CN-Normal,770
ACH-001737,1.074992057,1.0531058138819,CN-NonLow,CN Non-Low,-0.8704420815,VPS4B CN-Normal,771
ACH-001349,0.9841776095,0.988541171327758,CN-NonLow,CN Non-Low,-0.8871403849,VPS4B CN-Normal,772
ACH-000251,0.9451000704,0.959844380073162,CN-NonLow,CN Non-Low,-0.8874308749,VPS4B CN-Normal,773
ACH-000550,0.6637390222,0.734429146876539,CN-NonLow,CN Non-Low,-0.8889441323,VPS4B CN-Normal,774
ACH-000114,0.354618572,0.437886680545794,CN-Low,Shallow CN Loss,-0.9177586332,VPS4B CN-Low,775
ACH-002778,0.8285840763,0.870726961747634,CN-NonLow,CN Non-Low,-0.9227197148,VPS4B CN-Normal,776
ACH-001334,0.5840768057,0.66364228776358,CN-NonLow,CN Non-Low,-0.9262276349,VPS4B CN-Normal,777
ACH-001740,0.9042546394,0.929226410597592,CN-NonLow,CN Non-Low,-0.9292639923,VPS4B CN-Normal,778
ACH-000468,0.5236395602,0.607521652034248,CN-NonLow,CN Non-Low,-0.9427715913,VPS4B CN-Normal,779
ACH-001609,0.5335820354,0.616905342280979,CN-NonLow,CN Non-Low,-0.9452901399,VPS4B CN-Normal,780
ACH-000237,0.8306565517,0.87236115343143,CN-NonLow,CN Non-Low,-0.9463396232,VPS4B CN-Normal,781
ACH-000375,1.0425342639,1.03036028005712,CN-NonLow,CN Non-Low,-0.9560854789,VPS4B CN-Normal,782
ACH-000144,0.4014966902,0.486968337279658,CN-Low,Shallow CN Loss,-0.9604211701,VPS4B CN-Low,783
ACH-000253,0.7363900304,0.796091044396722,CN-NonLow,CN Non-Low,-0.9629181291,VPS4B CN-Normal,784
ACH-000700,0.4944066317,0.579572762394871,CN-Low,Shallow CN Loss,-0.9651874954,VPS4B CN-Low,785
ACH-000098,0.6489368513,0.721536149496545,CN-NonLow,CN Non-Low,-0.97204603,VPS4B CN-Normal,786
ACH-000880,0.4838762384,0.569370770063641,CN-Low,Shallow CN Loss,-0.9841610301,VPS4B CN-Low,787
ACH-002025,0.683862886,0.751774667061418,CN-NonLow,CN Non-Low,-0.9868737285,VPS4B CN-Normal,788
ACH-001624,0.7753851445,0.828132030693979,CN-NonLow,CN Non-Low,-1.0040940075,VPS4B CN-Normal,789
ACH-000378,0.8752378291,0.907073578597462,CN-NonLow,CN Non-Low,-1.0072330726,VPS4B CN-Normal,790
ACH-000222,0.3918001894,0.476952108849822,CN-Low,Shallow CN Loss,-1.0076260081,VPS4B CN-Low,791
ACH-000286,0.3744512991,0.458855788777623,CN-Low,Shallow CN Loss,-1.0101395795,VPS4B CN-Low,792
ACH-002688,0.65381664,0.725799290599499,CN-NonLow,CN Non-Low,-1.0167105226,VPS4B CN-Normal,793
ACH-001622,0.8149209358,0.859906700830525,CN-NonLow,CN Non-Low,-1.0204864193,VPS4B CN-Normal,794
ACH-001745,0.8419678202,0.881247857279732,CN-NonLow,CN Non-Low,-1.0214092341,VPS4B CN-Normal,795
ACH-000132,0.5141773626,0.598534204766618,CN-NonLow,CN Non-Low,-1.028485407,VPS4B CN-Normal,796
ACH-001184,0.7828381665,0.834175751205055,CN-NonLow,CN Non-Low,-1.0373580893,VPS4B CN-Normal,797
ACH-001461,0.4166881565,0.502522225028595,CN-Low,Shallow CN Loss,-1.0438820988,VPS4B CN-Low,798
ACH-000833,0.6711080651,0.740805030791573,CN-NonLow,CN Non-Low,-1.0688268007,VPS4B CN-Normal,799
ACH-000945,0.6767523982,0.745669665490146,CN-NonLow,CN Non-Low,-1.070047839,VPS4B CN-Normal,800
ACH-000846,0.3716972707,0.455962118354354,CN-Low,Shallow CN Loss,-1.0924238929,VPS4B CN-Low,801
ACH-000437,0.9099101518,0.933504770930409,CN-NonLow,CN Non-Low,-1.0943560341,VPS4B CN-Normal,802
ACH-000621,0.563776403,0.645034243243592,CN-NonLow,CN Non-Low,-1.104582986,VPS4B CN-Normal,803
ACH-000029,0.4098250287,0.495516122985394,CN-Low,Shallow CN Loss,-1.1144605785,VPS4B CN-Low,804
ACH-000826,0.5196715556,0.603759549781278,CN-NonLow,CN Non-Low,-1.1331948746,VPS4B CN-Normal,805
ACH-002535,0.5536480262,0.635659702992338,CN-NonLow,CN Non-Low,-1.1456738157,VPS4B CN-Normal,806
ACH-000888,0.6288178167,0.703825247422706,CN-NonLow,CN Non-Low,-1.1609261191,VPS4B CN-Normal,807
ACH-000354,0.6410647558,0.71463216818026,CN-NonLow,CN Non-Low,-1.1676132166,VPS4B CN-Normal,808
ACH-000445,0.5596547458,0.641226701107471,CN-NonLow,CN Non-Low,-1.1866904259,VPS4B CN-Normal,809
ACH-000720,0.7199456978,0.782363016816131,CN-NonLow,CN Non-Low,-1.1928043719,VPS4B CN-Normal,810
ACH-000355,0.8580633086,0.893799658581303,CN-NonLow,CN Non-Low,-1.1935772173,VPS4B CN-Normal,811
ACH-000840,0.8676601647,0.901231969338615,CN-NonLow,CN Non-Low,-1.2084310798,VPS4B CN-Normal,812
ACH-002687,1.0066693539,1.00480291825167,CN-NonLow,CN Non-Low,-1.2207248175,VPS4B CN-Normal,813
ACH-001715,0.7522582871,0.809215447344167,CN-NonLow,CN Non-Low,-1.2256698881,VPS4B CN-Normal,814
ACH-000320,0.3835455957,0.468370189742114,CN-Low,Shallow CN Loss,-1.2529413648,VPS4B CN-Low,815
ACH-000273,0.6879120346,0.7552397200681,CN-NonLow,CN Non-Low,-1.2556315319,VPS4B CN-Normal,816
ACH-000762,0.7857008357,0.836490401285608,CN-NonLow,CN Non-Low,-1.2718717621,VPS4B CN-Normal,817
ACH-000929,0.4186829286,0.504552187389642,CN-Low,Shallow CN Loss,-1.2968150633,VPS4B CN-Low,818
ACH-000025,0.5938942624,0.672555925331542,CN-NonLow,CN Non-Low,-1.2977151561,VPS4B CN-Normal,819
ACH-000634,0.9543714562,0.966704698159362,CN-NonLow,CN Non-Low,-1.3031565131,VPS4B CN-Normal,820
ACH-000359,0.9190536584,0.940395051098332,CN-NonLow,CN Non-Low,-1.3045668878,VPS4B CN-Normal,821
ACH-000278,0.64627272,0.719203351069577,CN-NonLow,CN Non-Low,-1.3117602462,VPS4B CN-Normal,822
ACH-000861,0.4629794295,0.548909484331508,CN-Low,Shallow CN Loss,-1.3153880139,VPS4B CN-Low,823
ACH-000500,0.3618139655,0.44552963331921,CN-Low,Shallow CN Loss,-1.3223803142,VPS4B CN-Low,824
ACH-000407,0.4316817479,0.517710827969202,CN-Low,Shallow CN Loss,-1.325531303,VPS4B CN-Low,825
ACH-000383,0.648433261,0.721095478774512,CN-NonLow,CN Non-Low,-1.3444378073,VPS4B CN-Normal,826
ACH-000652,0.5931504543,0.671882518854938,CN-NonLow,CN Non-Low,-1.3497237697,VPS4B CN-Normal,827
ACH-000307,0.6338120528,0.708242031164854,CN-NonLow,CN Non-Low,-1.3593207563,VPS4B CN-Normal,828
ACH-000758,0.4849002827,0.570366051238465,CN-Low,Shallow CN Loss,-1.3748114785,VPS4B CN-Low,829
ACH-002433,0.6199299027,0.695931386433927,CN-NonLow,CN Non-Low,-1.3852043809,VPS4B CN-Normal,830
ACH-000155,0.4397605214,0.52582886491726,CN-Low,Shallow CN Loss,-1.4455607234,VPS4B CN-Low,831
ACH-000520,0.4203578733,0.506254476903194,CN-Low,Shallow CN Loss,-1.5003523304,VPS4B CN-Low,832
ACH-001992,0.397861995,0.483221936566782,CN-Low,Shallow CN Loss,-1.52669171,VPS4B CN-Low,833
ACH-000416,0.5030197672,0.587863983208956,CN-NonLow,CN Non-Low,-1.5454958872,VPS4B CN-Normal,834
ACH-000075,0.949807004,0.963331330050954,CN-NonLow,CN Non-Low,-1.5497481371,VPS4B CN-Normal,835
ACH-000190,0.4638531359,0.549770819511945,CN-Low,Shallow CN Loss,-1.5996797734,VPS4B CN-Low,836
ACH-000281,0.3242660748,0.405193021109143,CN-Low,Shallow CN Loss,-1.6265548996,VPS4B CN-Low,837
ACH-000699,0.3888592601,0.473900411383239,CN-Low,Shallow CN Loss,-1.7068387953,VPS4B CN-Low,838
ACH-000142,0.7924303272,0.841917041629223,CN-NonLow,CN Non-Low,-1.719074536,VPS4B CN-Normal,839
ACH-000573,0.6684010941,0.738466163427122,CN-NonLow,CN Non-Low,-1.7316589809,VPS4B CN-Normal,840
ACH-002039,0.5879632953,0.667177565943933,CN-NonLow,CN Non-Low,-1.7455498435,VPS4B CN-Normal,841
ACH-000403,0.3704318364,0.454630572064975,CN-Low,Shallow CN Loss,-1.7823086182,VPS4B CN-Low,842
ACH-002508,0.3547955943,0.438075200409517,CN-Low,Shallow CN Loss,-1.8788504682,VPS4B CN-Low,843
ACH-001691,0.2967911545,0.374946155281396,CN-Low,Shallow CN Loss,-1.8962871605,VPS4B CN-Low,844
ACH-001096,0.4780091038,0.563655155794391,CN-Low,Shallow CN Loss,-1.898545381,VPS4B CN-Low,845
ACH-000778,0.39844431,0.483822802769012,CN-Low,Shallow CN Loss,-1.9091664937,VPS4B CN-Low,846
ACH-000766,0.443897965,0.529968795833389,CN-Low,Shallow CN Loss,-1.9228462463,VPS4B CN-Low,847
ACH-001196,0.37794023,0.462513310572876,CN-Low,Shallow CN Loss,-2.0115309692,VPS4B CN-Low,848
ACH-000711,0.406005169,0.491601898305867,CN-Low,Shallow CN Loss,-2.0191808889,VPS4B CN-Low,849
ACH-000785,0.3168122444,0.39704965585777,CN-Low,Shallow CN Loss,-2.0217401487,VPS4B CN-Low,850
ACH-002690,0.4167805911,0.50261635342806,CN-Low,Shallow CN Loss,-2.0715273845,VPS4B CN-Low,851
ACH-000223,0.2996727901,0.378148451315823,CN-Low,Shallow CN Loss,-2.0951535033,VPS4B CN-Low,852
ACH-000841,0.3725148904,0.456821801099112,CN-Low,Shallow CN Loss,-2.1806440568,VPS4B CN-Low,853
ACH-002045,0.4544930064,0.54051635958274,CN-Low,Shallow CN Loss,-2.2871360868,VPS4B CN-Low,854
ACH-002650,0.3351223939,0.416972003320091,CN-Low,Shallow CN Loss,-2.3829578472,VPS4B CN-Low,855
ACH-000517,0.4022822533,0.487776766218721,CN-Low,Shallow CN Loss,-2.4423293114,VPS4B CN-Low,856
ACH-000548,0.4605564812,0.54651814972585,CN-Low,Shallow CN Loss,-2.5952892403,VPS4B CN-Low,857
ACH-002806,0.3429166833,0.42536980043285,CN-Low,Shallow CN Loss,-3.2481124732,VPS4B CN-Low,858
