Gene,N,Pearson_r,P,FDR,Direction
POU5F1B,1118,0.90845906490668,0,0,Positive CN correlation
OTX2,1118,0.489318925434599,2.30092594293109e-68,2.14124168249168e-64,Positive CN correlation
TMEM260,1118,0.464762059013187,5.45228467409793e-61,3.38259741181036e-57,Positive CN correlation
SLC35F4,1118,0.350171509514035,1.34810330657038e-33,6.27272468547198e-30,Positive CN correlation
ZFAT,1118,0.33544148048608,8.34828793432682e-31,3.10756670067382e-27,Positive CN correlation
ARMH4,1118,0.333954210416891,1.56746377024243e-30,4.86227261529202e-27,Positive CN correlation
AP5M1,1118,0.333076191542299,2.26993736897839e-30,6.03543918734653e-27,Positive CN correlation
NAA30,1118,0.319913360106434,5.0679257306036e-28,1.17905292122493e-24,Positive CN correlation
CCDC198,1118,0.317772930980551,1.19096469566159e-27,2.46291499062817e-24,Positive CN correlation
EXOC5,1118,0.308567243597653,4.34220034169667e-26,8.08170327596585e-23,Positive CN correlation
ACTR10,1118,0.300798808134535,8.1878831697699e-25,1.38538983232507e-21,Positive CN correlation
LRATD2,1118,0.262198220867186,4.94084642900593e-19,7.66325281138819e-16,Positive CN correlation
CDX2,1118,0.231317994819424,4.79109842036316e-15,6.8593787538307e-12,Positive CN correlation
PDX1,1118,0.230976531336163,5.2658729711426e-15,7.00060198135043e-12,Positive CN correlation
CDC6,1118,0.225754378464623,2.19226638262802e-14,2.61888683306195e-11,Positive CN correlation
PELI2,1118,0.225655764267185,2.2513533918435e-14,2.61888683306195e-11,Positive CN correlation
RAPGEFL1,1118,0.216181359551491,2.73510383361524e-13,2.99445603242628e-10,Positive CN correlation
WIPF2,1118,0.214046037602449,4.72674130025282e-13,4.88745050446142e-10,Positive CN correlation
CSDE1,1118,0.209771048107429,1.38904911668907e-12,1.36068327156931e-09,Positive CN correlation
SLC19A3,1118,0.206654970023377,3.00388325628843e-12,2.79541375830201e-09,Positive CN correlation
OR3A3,1118,-0.0975923494793825,0.00108578961494126,0.237749603685726,Negative CN correlation
BCL6B,1118,-0.0953504709134872,0.00141342671009052,0.305891836374474,Negative CN correlation
CLEC10A,1118,-0.0944829017109551,0.00156301714032432,0.33081655795696,Negative CN correlation
ASGR2,1118,-0.0934469040647556,0.00176066518567077,0.356190222127222,Negative CN correlation
DLG4,1118,-0.0932182950935317,0.00180726064772897,0.357837608250336,Negative CN correlation
SOX15,1118,-0.0929927372487409,0.00185434094271458,0.363294669745302,Negative CN correlation
TRPV3,1118,-0.0927512620107168,0.00190598879370799,0.369523577380136,Negative CN correlation
SPATA22,1118,-0.0925671275844048,0.001946255302093,0.373440244150051,Negative CN correlation
SLC52A1,1118,-0.090500243777773,0.00245491305513412,0.456908417821562,Negative CN correlation
ZBTB4,1118,-0.0903721234365163,0.0024901270938282,0.458348831624285,Negative CN correlation
ALOX12,1118,-0.0898238069616108,0.00264610665271922,0.473551317503944,Negative CN correlation
NLGN2,1118,-0.0896336587443318,0.00270224734086971,0.475415681106577,Negative CN correlation
TEKT1,1118,-0.089453796203989,0.00275634936919619,0.475415681106577,Negative CN correlation
BACC1,1118,-0.0893627736335916,0.00278410355431931,0.475415681106577,Negative CN correlation
ASPA,1118,-0.0892664843908362,0.00281374087730979,0.475415681106577,Negative CN correlation
TRPV1,1118,-0.0891424839771063,0.00285233134341609,0.475415681106577,Negative CN correlation
CLDN7,1118,-0.0891152465220588,0.0028608723556811,0.475415681106577,Negative CN correlation
P2RX5,1118,-0.088225469715252,0.0031530365028125,0.505899270606433,Negative CN correlation
CTNS,1118,-0.0879370793489755,0.00325340545771095,0.517541729734326,Negative CN correlation
SLC13A5,1118,-0.0872170178971364,0.00351682463171195,0.536517541355925,Negative CN correlation
