Order,CancerType,N,Median_CN,Median_Absolute_CN,Median_Relative_CN_Change
1,ACC,91,2,2,0
2,CESC,304,2.5,2.5,0
3,CHOL,49,2,2,0
4,DLBC,48,2,2,0
5,GBM,606,2,2,0
6,KICH,80,2,2,0
7,KIRC,536,2,2,0
8,KIRP,291,2,2,0
9,LAML,197,2,2,0
10,LGG,533,2,2,0
11,MESO,87,2,2,0
12,PAAD,186,2,2,0
13,PCPG,183,2,2,0
14,PRAD,499,2,2,0
15,SARC,260,2,2,0
16,SKCM,472,3,3,0
17,THCA,511,2,2,0
18,THYM,124,2,2,0
19,UCEC,549,2,2,0
20,BLCA,414,4,4,0.25
21,COAD,473,3,3,0.333333333333333
22,LUAD,532,3,3,0.333333333333333
23,READ,168,3,3,0.333333333333333
24,TGCT,269,4,4,0.333333333333333
25,UCS,56,4,4,0.4
26,BRCA,1108,3,3,0.5
27,ESCA,184,4,4,0.5
28,HNSC,527,3,3,0.5
29,LIHC,377,3,3,0.5
30,LUSC,504,3,3,0.5
31,STAD,442,3,3,0.5
32,UVM,80,3,3,0.5
33,OV,594,4,4,0.666666666666667
