CancerType,N,Pearson_r,Pearson_P,Spearman_rho,Spearman_P,CN_metric,Median_Absolute_CN,Median_Relative_CN_Change,Status,Pearson_FDR,Spearman_FDR
ACC,78,0.033131599378784,0.773373377824405,-0.0263137250273029,0.819114502150709,Relative_CN_Change,2,0,Eligible,0.773373377824405,0.819114502150709
CESC,301,0.330127884848404,4.38349938309088e-09,0.332970494250485,3.16810518563359e-09,Relative_CN_Change,3,0,Eligible,2.41092466069998e-08,1.49353530179869e-08
CHOL,35,0.0915443385338609,0.600963704984826,0.193303816913661,0.265879211679215,Relative_CN_Change,2,0,Eligible,0.619743820765602,0.292467132847136
DLBC,48,0.221301029931471,0.130631713666088,0.0998079893781294,0.499706951584796,Relative_CN_Change,2,0,Eligible,0.153958805392175,0.51532279382182
GBM,292,0.283402970072789,8.50850662213042e-07,0.232222340587069,6.17304608675519e-05,Relative_CN_Change,2,0,Eligible,2.80780718530304e-06,0.000179597081350598
KICH,66,0.362760936237822,0.00275832870545425,0.354565946855548,0.00348895547661427,Relative_CN_Change,2,0,Eligible,0.00535440278117591,0.00677267827813357
KIRC,533,0.0738078570746348,0.088697533966449,0.0621945112402306,0.151603902676619,Relative_CN_Change,2,0,Eligible,0.111976927084538,0.172514785804429
KIRP,290,0.124533006922662,0.0340212166184081,0.131334105691247,0.02531406170263,Relative_CN_Change,2,0,Eligible,0.0467791728503112,0.037971092553945
LAML,134,0.193192748472543,0.0253170860143019,0.207914247765311,0.0159246468514819,Relative_CN_Change,2,0,Eligible,0.0363245147161723,0.0276585971631001
LGG,533,0.277404058471664,7.14033370137958e-11,0.31071625468114,2.15150250177468e-13,Relative_CN_Change,2,0,Eligible,4.71262024291052e-10,2.36665275195215e-12
MESO,87,0.125657924128359,0.246166795459612,0.159959236480649,0.138881716500392,Relative_CN_Change,2,0,Eligible,0.270783475005574,0.169744320167146
PAAD,179,0.208404546064244,0.00511762280381926,0.151988992298276,0.0422506115779109,Relative_CN_Change,2,0,Eligible,0.00938230847366865,0.0606204426987417
PCPG,183,0.17583706536496,0.0172674950301139,0.170622855815108,0.0209276457917028,Relative_CN_Change,2,0,Eligible,0.0259012425451708,0.0328863005298187
PRAD,498,0.119068394223269,0.00781612428490038,0.0858523499480353,0.0555441361875415,Relative_CN_Change,2,0,Eligible,0.0122824810191292,0.0763731872578696
SARC,258,0.268769551644713,1.20368883662263e-05,0.227957913773901,0.000222059982229325,Relative_CN_Change,2,0,Eligible,3.61106650986788e-05,0.000563690724120594
SKCM,471,0.124645933589217,0.00675850795394799,0.124914762998187,0.00663954220745857,Relative_CN_Change,3,0,Eligible,0.0111515381240142,0.0121724940470074
THCA,509,0.0319066022479727,0.472597698058747,0.0637469856940463,0.150967460492014,Relative_CN_Change,2,0,Eligible,0.503087872127053,0.172514785804429
THYM,120,0.354648539314162,7.05876604572839e-05,0.211347852648578,0.0204924753344839,Relative_CN_Change,2,0,Eligible,0.000179184061160798,0.0328863005298187
UCEC,547,0.296844968665968,1.3695256987177e-12,0.29971588567349,8.12953302540527e-13,Relative_CN_Change,2,0,Eligible,1.12985870144211e-11,6.70686474595935e-12
BLCA,407,0.257418973129177,1.39224398296527e-07,0.26571655474766,5.26020134849508e-08,Relative_CN_Change,4,0.25,Eligible,5.104894604206e-07,1.92874049444819e-07
COAD,471,0.364366393757346,3.10516519644092e-16,0.394430764169333,5.54345749610197e-19,Relative_CN_Change,3,0.333333333333333,Eligible,1.0247045148255e-14,1.82934097371365e-17
LUAD,529,0.233097614253099,5.84603530755208e-08,0.261688478607847,9.87528466845587e-10,Relative_CN_Change,3,0.333333333333333,Eligible,2.41148956436523e-07,5.43140656765073e-09
READ,167,0.26851687953176,0.000450471882496054,0.243657291562197,0.00150842409070149,Relative_CN_Change,3,0.333333333333333,Eligible,0.00106182658016927,0.00322192519689514
TGCT,156,0.142055217198568,0.0768969138597686,0.122558506826579,0.127459742239223,Relative_CN_Change,4,0.333333333333333,Eligible,0.101503926294895,0.161775826688245
UCS,56,0.165889633146314,0.221748226092695,0.125679408169455,0.356031749129539,Relative_CN_Change,4,0.4,Eligible,0.252334188312377,0.37900153939596
BRCA,1103,0.226839349023706,2.44552547799365e-14,0.208064199671715,2.97735781924264e-12,Relative_CN_Change,3,0.5,Eligible,4.03511703868952e-13,1.96505616070014e-11
ESCA,183,0.242575296772848,0.000937739961753886,0.29074411960783,6.53080295820357e-05,Relative_CN_Change,4,0.5,Eligible,0.00206302791585855,0.000179597081350598
HNSC,519,0.241624255554772,2.48800032906794e-08,0.254135869780688,4.2969330401941e-09,Relative_CN_Change,3,0.5,Eligible,1.17291444084631e-07,1.77248487908007e-08
LIHC,371,0.361090949032362,7.22289860753364e-13,0.391219744977014,5.11615820551074e-15,Relative_CN_Change,3,0.5,Eligible,7.945188468287e-12,8.44166103909272e-14
LUSC,501,0.136231257580706,0.00224378557671501,0.141879455204394,0.00145315240980968,Relative_CN_Change,3,0.5,Eligible,0.0046278077519747,0.00322192519689514
STAD,412,0.133754818324713,0.00654984499752746,0.155349061046709,0.00156214555000976,Relative_CN_Change,3,0.5,Eligible,0.0111515381240142,0.00322192519689514
UVM,80,0.18987253620374,0.0916174857964402,0.172525291010991,0.125935871940632,Relative_CN_Change,3,0.5,Eligible,0.111976927084538,0.161775826688245
OV,428,0.193683227773299,5.4954843212324e-05,0.200672055504676,2.8894321771162e-05,Relative_CN_Change,4,0.666666666666667,Eligible,0.000151125818833891,9.53512618448346e-05
