Lineage,N_low,N_nonlow,Median_low,Median_nonlow,Delta_median,CI_low,CI_high,P,FDR
Head and Neck,9,34,-1.3223803142,-0.32309242275,-0.99928789145,-1.9279993326975,-0.06648725287625,0.00327549688280651,0.0109183229426884
Soft Tissue,4,38,-1.3063824141,-0.320874706,-0.9855077081,-1.70026415545,-0.2277739148,0.0050072009290941,0.0122596452009519
Breast,6,34,-1.10413411035,-0.25887016895,-0.8452639414,-1.791709193,-0.08347212396125,0.0075765917942816,0.0126276529904693
Lung,15,85,-0.9651874954,-0.2898449939,-0.6753425015,-1.0512338211,-0.3486855755,3.43009058766818e-06,3.43009058766818e-05
Pancreas,8,23,-1.13028368645,-0.5200881546,-0.61019553185,-1.1824590615,-0.0725113170962504,0.0254395209921406,0.0317994012401758
Esophagus/Stomach,7,39,-0.8331471855,-0.325246912,-0.5079002735,-0.6895912418,-0.2698724687,0.000242746568400313,0.00121373284200156
Uterus,3,22,-0.6843055448,-0.2926830527,-0.3916224921,-1.09383897875,-0.18784677925,0.0107556757816757,0.0153652511166795
Lymphoid,3,71,-0.5845872805,-0.246275029,-0.3383122515,-0.565524870725,-0.1974581764,0.00612982260047596,0.0122596452009519
Bowel,7,34,-0.4673138307,-0.29953767015,-0.16777616055,-0.800994844615,0.2043713541,0.290620053831813,0.290620053831813
Ovary/Fallopian Tube,5,33,-0.4492265925,-0.323769799,-0.1254567935,-1.1777752946,-0.0258776689,0.0921525449502605,0.102391716611401
