ModelID,CN_relative,CN_log,CN_binary,CN_status,Chronos
ACH-000839,1.2064131004,1.14170292787552,CN-NonLow,CN Non-Low,0.0225646123
ACH-000041,0.9835344559,0.988073458700389,CN-NonLow,CN Non-Low,-0.0169944342
ACH-002046,1.0302109646,1.02162964946384,CN-NonLow,CN Non-Low,0.0383655678
ACH-002048,0.4720625697,0.557838994137752,CN-Low,Shallow CN Loss,0.0380025523
ACH-000042,1.0420284013,1.03000293190118,CN-NonLow,CN Non-Low,-0.820642231
ACH-001669,0.9863627346,0.990129101025255,CN-NonLow,CN Non-Low,0.0331103175
ACH-001300,0.9929386591,0.994897305975196,CN-NonLow,CN Non-Low,-0.1596358296
ACH-001574,0.9828716928,0.987591327012051,CN-NonLow,CN Non-Low,0.000582565
ACH-000332,0.747414781,0.805222099076208,CN-NonLow,CN Non-Low,-0.4494603629
ACH-000832,1.1019837883,1.07175154245452,CN-NonLow,CN Non-Low,-0.0741879049
ACH-001111,0.9155750156,0.937777524072937,CN-NonLow,CN Non-Low,-0.2443420071
ACH-001691,1.314590988,1.21075727697685,CN-NonLow,CN Non-Low,-0.0152292351
ACH-000281,1.0779871644,1.05518674283035,CN-NonLow,CN Non-Low,-0.4508317094
ACH-002922,1.2606379508,1.17672995785265,CN-NonLow,CN Non-Low,-0.0513603709
ACH-000699,1.0337438167,1.02413795960165,CN-NonLow,CN Non-Low,-0.0118610805
ACH-000943,1.1788841906,1.12358951812103,CN-NonLow,CN Non-Low,0.0140945441
ACH-002471,1.0426523483,1.03044368372726,CN-NonLow,CN Non-Low,-0.197698137
ACH-002490,1.3284767693,1.2193864887793,CN-NonLow,CN Non-Low,0.1951537475
ACH-000005,0.7960108497,0.844796065424887,CN-NonLow,CN Non-Low,-0.3157430729
ACH-000833,0.6516345484,0.723894501807915,CN-NonLow,CN Non-Low,-0.2287699583
ACH-000811,1.0895096691,1.06316443467389,CN-NonLow,CN Non-Low,-0.0458485494
ACH-000473,1.0466980387,1.03329826884663,CN-NonLow,CN Non-Low,-0.1213532159
ACH-000035,2.0388278989,1.6035149715255,CN-NonLow,CN Non-Low,-0.1173918928
ACH-001509,0.9262066368,0.945762478828173,CN-NonLow,CN Non-Low,-0.8353361909
ACH-002800,1.0598579374,1.04254484222603,CN-NonLow,CN Non-Low,-0.2801611061
ACH-000001,0.6248894983,0.700341610033266,CN-NonLow,CN Non-Low,-0.214349913
ACH-003064,0.9938281075,0.995541037044616,CN-NonLow,CN Non-Low,-0.1350223758
ACH-000324,1.0649697117,1.04612062082115,CN-NonLow,CN Non-Low,-0.4804712865
ACH-000784,1.267684734,1.18122008282425,CN-NonLow,CN Non-Low,0.0713228415
ACH-000250,1.0102136215,1.0073488219528,CN-NonLow,CN Non-Low,0.0483668759
ACH-001696,0.9758289571,0.982458061586488,CN-NonLow,CN Non-Low,-0.1243469745
ACH-000493,0.9458753638,0.960419306323472,CN-NonLow,CN Non-Low,-0.1845305385
ACH-000822,0.9175145871,0.939237552777379,CN-NonLow,CN Non-Low,0.0377226116
ACH-000735,1.0406281217,1.02901329365823,CN-NonLow,CN Non-Low,-1.7875132595
ACH-002035,0.855993057,0.892191313563328,CN-NonLow,CN Non-Low,-0.3285554707
ACH-000028,1.4159565543,1.2725945111781,CN-NonLow,CN Non-Low,0.0378880691
ACH-000361,0.7486508772,0.806242280106235,CN-NonLow,CN Non-Low,-0.0022579421
ACH-001398,1.0847172284,1.05985170940077,CN-NonLow,CN Non-Low,0.0514190711
ACH-000535,1.2193480612,1.1501359436905,CN-NonLow,CN Non-Low,-0.0779960421
ACH-000378,0.9663630515,0.975529712443164,CN-NonLow,CN Non-Low,-0.138744539
ACH-001814,0.8107988794,0.856626318897107,CN-NonLow,CN Non-Low,-0.3376498259
ACH-000616,1.1614233948,1.11198170512088,CN-NonLow,CN Non-Low,-0.4244729446
ACH-000525,1.0710081065,1.05033320067791,CN-NonLow,CN Non-Low,0.0494332298
ACH-000950,1.0473255802,1.03374054817932,CN-NonLow,CN Non-Low,-0.0333797594
ACH-000682,1.0716243735,1.05076243757287,CN-NonLow,CN Non-Low,-0.4327567534
ACH-001393,1.3404988671,1.22681606672489,CN-NonLow,CN Non-Low,-0.2826938445
ACH-000233,1.0195007947,1.0139987137605,CN-NonLow,CN Non-Low,-0.1562924582
ACH-000653,1.2129188243,1.14595053024973,CN-NonLow,CN Non-Low,0.0662312382
ACH-000913,1.0085748112,1.00617219687616,CN-NonLow,CN Non-Low,-0.3231602737
ACH-000510,0.9230546685,0.943399776121792,CN-NonLow,CN Non-Low,-0.1093085771
ACH-000483,0.9051520088,0.929906112465485,CN-NonLow,CN Non-Low,-0.1207128576
ACH-000479,1.085932929,1.06069277024755,CN-NonLow,CN Non-Low,-0.1142363909
ACH-000438,0.9234924041,0.943728132421687,CN-NonLow,CN Non-Low,-0.0670208967
ACH-001430,0.9845316564,0.988798575775404,CN-NonLow,CN Non-Low,-0.1860061807
ACH-000869,1.2671857351,1.18090258610797,CN-NonLow,CN Non-Low,0.0708651914
ACH-000486,1.723909453,1.44567874671304,CN-NonLow,CN Non-Low,-0.070420411
ACH-000856,1.0822096418,1.05811532990489,CN-NonLow,CN Non-Low,0.0989136711
ACH-000344,1.3822111287,1.25230128088902,CN-NonLow,CN Non-Low,-0.1517038703
ACH-001677,1.0278231843,1.01993186227492,CN-NonLow,CN Non-Low,-0.0333730908
ACH-000054,1.0373824729,1.02671683939049,CN-NonLow,CN Non-Low,0.0117334096
ACH-001307,1.0662465696,1.04701242434509,CN-NonLow,CN Non-Low,0.0725628802
ACH-000981,1.1196928253,1.08385521218235,CN-NonLow,CN Non-Low,-0.3112699359
ACH-000537,0.9238022723,0.943960527054299,CN-NonLow,CN Non-Low,-0.8310113971
ACH-000232,1.5931222744,1.37469023569811,CN-NonLow,CN Non-Low,0.0378088649
ACH-002531,1.1138013914,1.07983983031433,CN-NonLow,CN Non-Low,0.0611791956
ACH-000817,1.4541226898,1.29520737595332,CN-NonLow,CN Non-Low,-0.2310026765
ACH-002669,0.7047956866,0.769598847993542,CN-NonLow,CN Non-Low,-0.2604162567
ACH-000693,1.508762789,1.32697606607911,CN-NonLow,CN Non-Low,-0.0845278201
ACH-001547,0.9863347719,0.990108791576295,CN-NonLow,CN Non-Low,-0.0303618721
ACH-002801,1.1136431368,1.07973181559044,CN-NonLow,CN Non-Low,-0.4041252587
ACH-000420,1.275311788,1.18606425264352,CN-NonLow,CN Non-Low,-0.0235808599
ACH-000280,1.0184069713,1.01321709430565,CN-NonLow,CN Non-Low,-0.0797232884
ACH-000403,1.2300031412,1.15704574233862,CN-NonLow,CN Non-Low,-1.2187585764
ACH-002785,0.7894068811,0.839481469336473,CN-NonLow,CN Non-Low,0.0907720348
ACH-000376,1.2904202649,1.19561234000692,CN-NonLow,CN Non-Low,-0.0416916646
ACH-002002,1.1241074929,1.0868567772295,CN-NonLow,CN Non-Low,-0.0252723409
ACH-001428,0.8783360967,0.909455232139048,CN-NonLow,CN Non-Low,-0.5297898793
ACH-000907,1.0019633998,1.00141559884438,CN-NonLow,CN Non-Low,0.0920087636
ACH-001683,0.5819737553,0.661725665921571,CN-NonLow,CN Non-Low,-0.3410719393
ACH-001278,0.9578485714,0.969269184891259,CN-NonLow,CN Non-Low,-0.0465802113
ACH-000694,0.9489575123,0.962702639871213,CN-NonLow,CN Non-Low,-0.3689355828
ACH-002687,0.4847826594,0.5702517666128,CN-Low,Shallow CN Loss,-1.6399082386
ACH-001560,0.78509329,0.835999472295526,CN-NonLow,CN Non-Low,0.0506781153
ACH-003191,1.1252713987,1.08764708621844,CN-NonLow,CN Non-Low,-0.3100424904
ACH-000654,1.0337475427,1.02414060274517,CN-NonLow,CN Non-Low,-0.142900658
ACH-002847,1.0017935861,1.00129321909762,CN-NonLow,CN Non-Low,0.0437371195
ACH-000249,0.9922218963,0.994378345630272,CN-NonLow,CN Non-Low,-0.4099586448
ACH-001993,1.0321982573,1.02304115549151,CN-NonLow,CN Non-Low,-0.1706814689
ACH-001205,0.9990176556,0.999291214220649,CN-NonLow,CN Non-Low,-0.0233704332
ACH-000076,1.0384854478,1.02749765785089,CN-NonLow,CN Non-Low,-0.2129864698
ACH-001096,1.0333079677,1.02382874436338,CN-NonLow,CN Non-Low,-0.132113125
ACH-002925,0.8637364031,0.89819782735687,CN-NonLow,CN Non-Low,-0.2874234557
ACH-000827,1.0385287821,1.0275283264609,CN-NonLow,CN Non-Low,0.1522350689
ACH-000086,0.8310268526,0.872652948878989,CN-NonLow,CN Non-Low,-0.0643809721
ACH-000871,0.7951456203,0.844100878679786,CN-NonLow,CN Non-Low,-0.8863995754
ACH-000681,1.1658361159,1.11492408148577,CN-NonLow,CN Non-Low,0.0039204668
ACH-000704,0.5964123346,0.674833330915909,CN-NonLow,CN Non-Low,-0.1192136181
ACH-002005,0.9242928961,0.944328408042716,CN-NonLow,CN Non-Low,-0.1384451165
ACH-000195,1.0700528847,1.04966762546365,CN-NonLow,CN Non-Low,-0.3351738259
ACH-001031,1.0113210765,1.0081434041195,CN-NonLow,CN Non-Low,-0.0512918054
ACH-000450,0.6490137731,0.721603448684468,CN-NonLow,CN Non-Low,-0.0870559371
ACH-000985,1.3692947216,1.24445766963948,CN-NonLow,CN Non-Low,-0.1856512458
ACH-000627,1.1611086679,1.11177161763878,CN-NonLow,CN Non-Low,-0.1153314803
ACH-002928,0.70670352,0.771212462363806,CN-NonLow,CN Non-Low,-0.3618560696
ACH-000090,0.7482628217,0.805922085903036,CN-NonLow,CN Non-Low,-0.1175839563
ACH-000317,1.1485470837,1.10336139297231,CN-NonLow,CN Non-Low,-0.4280343683
ACH-000200,0.9735471115,0.980790958914913,CN-NonLow,CN Non-Low,0.0400609638
ACH-000356,1.1332616561,1.09306093089478,CN-NonLow,CN Non-Low,0.0338814129
ACH-000017,0.8952292006,0.922372332076319,CN-NonLow,CN Non-Low,-0.512801613
ACH-001283,1.0638898582,1.04536598177447,CN-NonLow,CN Non-Low,-0.0638134303
ACH-000302,0.7939362091,0.843128590117077,CN-NonLow,CN Non-Low,-0.3257512277
ACH-000101,1.1024376008,1.07206298271476,CN-NonLow,CN Non-Low,-0.1594163404
ACH-000547,1.2048303354,1.14066764276935,CN-NonLow,CN Non-Low,-0.1672400748
ACH-002033,1.12078224,1.0845964938527,CN-NonLow,CN Non-Low,0.0523526355
ACH-000018,1.1747257611,1.12083348461845,CN-NonLow,CN Non-Low,-0.0890720923
ACH-000601,1.1565094063,1.1086980088583,CN-NonLow,CN Non-Low,-0.0008074287
ACH-000796,0.8812302962,0.911676471321688,CN-NonLow,CN Non-Low,-0.1088684559
ACH-000203,1.0718514695,1.05092058029446,CN-NonLow,CN Non-Low,0.097500368
ACH-000217,0.726063181,0.7874852740459,CN-NonLow,CN Non-Low,-0.2122814098
ACH-001508,1.2896861294,1.19514984697157,CN-NonLow,CN Non-Low,0.0172011
ACH-000307,1.2582442457,1.17520153261386,CN-NonLow,CN Non-Low,-1.0368959366
ACH-000776,1.1623793674,1.11261965140454,CN-NonLow,CN Non-Low,-0.0957754828
ACH-000662,1.3738066756,1.24720244571694,CN-NonLow,CN Non-Low,-0.3951940675
ACH-000075,1.0353129318,1.02525062763529,CN-NonLow,CN Non-Low,0.1384933071
ACH-000901,0.3805294457,0.465221659901583,CN-Low,Shallow CN Loss,0.0472104589
ACH-002062,0.9009056946,0.926686960546316,CN-NonLow,CN Non-Low,0.0133609436
ACH-000632,0.7996130928,0.847686768167027,CN-NonLow,CN Non-Low,-0.2636569187
ACH-000077,1.0439997019,1.03139498587073,CN-NonLow,CN Non-Low,-0.2883683907
ACH-000709,0.9483513761,0.962253884218564,CN-NonLow,CN Non-Low,-0.5525644317
ACH-000552,1.0263862866,1.01890921887786,CN-NonLow,CN Non-Low,-0.186164296
ACH-002291,1.2173128592,1.14881234646671,CN-NonLow,CN Non-Low,-0.0463930043
ACH-000362,1.0257545118,1.01845935377018,CN-NonLow,CN Non-Low,-0.1887533491
ACH-003189,0.5707417477,0.651446000530581,CN-NonLow,CN Non-Low,0.0550878915
ACH-000500,0.9986783355,0.999046305439286,CN-NonLow,CN Non-Low,-0.2365800337
ACH-003590,1.0012454524,1.00089812438679,CN-NonLow,CN Non-Low,-0.101183747
ACH-000039,0.5811570538,0.660980675403488,CN-NonLow,CN Non-Low,-0.6027412935
ACH-001054,0.9865554869,0.990269090208039,CN-NonLow,CN Non-Low,-0.2272091843
ACH-000244,1.044283699,1.0315954226645,CN-NonLow,CN Non-Low,0.154088901
ACH-000207,1.147269239,1.1025030973062,CN-NonLow,CN Non-Low,-0.2253240334
ACH-000319,0.9224566374,0.942951057373832,CN-NonLow,CN Non-Low,-0.1882630289
ACH-002654,1.1252207013,1.08761267096211,CN-NonLow,CN Non-Low,-0.4826699209
ACH-001274,1.0744661256,1.05274009932675,CN-NonLow,CN Non-Low,0.0204863229
ACH-000085,1.0950107248,1.06695762940251,CN-NonLow,CN Non-Low,-0.0846209465
ACH-000514,1.1395024291,1.09727531693688,CN-NonLow,CN Non-Low,-0.0681292322
ACH-000673,1.4537729833,1.29500178077862,CN-NonLow,CN Non-Low,-0.0080610991
ACH-001099,0.9919121794,0.994154042417519,CN-NonLow,CN Non-Low,-0.0861617587
ACH-000127,1.3440054609,1.22897593085409,CN-NonLow,CN Non-Low,-0.0748277083
ACH-002458,1.1370667908,1.09563199796036,CN-NonLow,CN Non-Low,-0.0415619339
ACH-000958,1.0852820288,1.06024251749972,CN-NonLow,CN Non-Low,0.1483542312
ACH-000713,0.6427332441,0.716098226691415,CN-NonLow,CN Non-Low,-0.6074943313
ACH-000799,1.1122329632,1.07876896174102,CN-NonLow,CN Non-Low,-0.0289786994
ACH-001164,1.0296556968,1.02123501477594,CN-NonLow,CN Non-Low,-0.0269404481
ACH-002040,0.7273310138,0.788544577486073,CN-NonLow,CN Non-Low,-0.5970795626
ACH-000331,1.0622356102,1.0442091698781,CN-NonLow,CN Non-Low,0.070938129
ACH-000435,0.9393544871,0.955576532190675,CN-NonLow,CN Non-Low,-0.3133847801
ACH-001075,1.0337014703,1.02410791964439,CN-NonLow,CN Non-Low,-0.0138469474
ACH-000142,1.1042432396,1.07330148233059,CN-NonLow,CN Non-Low,-1.2364369978
ACH-000843,1.4860009107,1.31382682489488,CN-NonLow,CN Non-Low,0.0668288593
ACH-001196,0.8341692291,0.875126754919864,CN-NonLow,CN Non-Low,-0.0807503685
ACH-000551,1.0704533315,1.04994668439226,CN-NonLow,CN Non-Low,0.0312514992
ACH-000975,1.1798856125,1.12425243288811,CN-NonLow,CN Non-Low,-0.0290457578
ACH-001533,0.9319497028,0.950057534926493,CN-NonLow,CN Non-Low,0.1316605806
ACH-000971,1.0881074282,1.06219593707278,CN-NonLow,CN Non-Low,0.0065762465
ACH-002004,0.783117124,0.834401469459999,CN-NonLow,CN Non-Low,0.0968457675
ACH-000257,0.6350578835,0.709341710194443,CN-NonLow,CN Non-Low,-0.0127759018
ACH-000595,1.0059960636,1.00431877492799,CN-NonLow,CN Non-Low,-0.1156851596
ACH-000820,1.0335252961,1.02398293736067,CN-NonLow,CN Non-Low,-0.2788077708
ACH-002500,0.997098185,0.997905262942366,CN-NonLow,CN Non-Low,-0.4361683034
ACH-000191,0.9118162338,0.934943856306746,CN-NonLow,CN Non-Low,-0.6116968397
ACH-000581,1.9343341,1.55303314400785,CN-NonLow,CN Non-Low,-0.3633707009
ACH-000097,0.9231596037,0.943478497421219,CN-NonLow,CN Non-Low,0.0005391751
ACH-002512,0.6488352025,0.721447211742615,CN-NonLow,CN Non-Low,-0.3572231663
ACH-000475,1.0479685343,1.03419354944041,CN-NonLow,CN Non-Low,0.0100636382
ACH-001765,1.0066334054,1.00477707284413,CN-NonLow,CN Non-Low,-0.1807505724
ACH-001622,1.1126601466,1.07906070657755,CN-NonLow,CN Non-Low,0.0599013882
ACH-000912,1.2220387223,1.15188395803367,CN-NonLow,CN Non-Low,0.1637829404
ACH-000251,1.272091107,1.18402068562684,CN-NonLow,CN Non-Low,-0.3315010655
ACH-000316,0.6874277517,0.754825733573557,CN-NonLow,CN Non-Low,-0.3929518956
ACH-000345,1.0420075999,1.0299882356171,CN-NonLow,CN Non-Low,-0.0310713297
ACH-000634,0.9872332566,0.990761222557116,CN-NonLow,CN Non-Low,0.1058593747
ACH-000655,0.8146402487,0.859683563174244,CN-NonLow,CN Non-Low,-0.4652134295
ACH-000783,1.1271683441,1.08893421270039,CN-NonLow,CN Non-Low,-0.0759985862
ACH-000152,0.8384397378,0.878481887228193,CN-NonLow,CN Non-Low,-0.2914925587
ACH-000888,1.8208877638,1.49614926577093,CN-NonLow,CN Non-Low,-0.8451611014
ACH-000769,0.9723512709,0.979916515029674,CN-NonLow,CN Non-Low,-0.2759118954
ACH-003186,0.8168748664,0.861459060276028,CN-NonLow,CN Non-Low,-1.2654876999
ACH-002042,1.2100418963,1.14407371939558,CN-NonLow,CN Non-Low,0.1513189256
ACH-000012,1.4852574242,1.31339529459721,CN-NonLow,CN Non-Low,-0.0012042265
ACH-000325,1.0327100134,1.02340441485302,CN-NonLow,CN Non-Low,-0.7704302446
ACH-000746,1.2553241977,1.17333483250315,CN-NonLow,CN Non-Low,-0.2567036728
ACH-000291,1.1768357674,1.12223256669227,CN-NonLow,CN Non-Low,-0.0039214614
ACH-000770,1.0494768914,1.03525572315124,CN-NonLow,CN Non-Low,-0.1437398442
ACH-000836,0.9995847102,0.999700400626286,CN-NonLow,CN Non-Low,-0.0692157827
ACH-000959,1.0643318194,1.04567488729541,CN-NonLow,CN Non-Low,-0.1121059653
ACH-002025,0.7901700118,0.840096606223351,CN-NonLow,CN Non-Low,-1.2896881919
ACH-001318,0.8156267516,0.860467650337292,CN-NonLow,CN Non-Low,-0.2352270397
ACH-002027,1.06602007,1.04685426908624,CN-NonLow,CN Non-Low,0.2120359411
ACH-000363,0.5332463165,0.616589485024868,CN-NonLow,CN Non-Low,-0.021922256
ACH-000541,1.0613598651,1.04359638759167,CN-NonLow,CN Non-Low,0.0119471044
ACH-001715,0.9554957756,0.967534419462567,CN-NonLow,CN Non-Low,-0.3945141299
ACH-001656,1.0634436578,1.0450540461849,CN-NonLow,CN Non-Low,-0.1014801283
ACH-000915,1.2153762456,1.14755173786162,CN-NonLow,CN Non-Low,-0.0367768809
ACH-000521,1.7907314532,1.48064330327288,CN-NonLow,CN Non-Low,0.0242951064
ACH-000760,0.9660877229,0.975327693280422,CN-NonLow,CN Non-Low,-0.371675143
ACH-000939,1.0208154008,1.0149375391773,CN-NonLow,CN Non-Low,-0.1738919168
ACH-000834,1.3005239791,1.20196249419311,CN-NonLow,CN Non-Low,-0.6739309185
ACH-002690,1.1851042712,1.12770212547135,CN-NonLow,CN Non-Low,-0.0019399536
ACH-000365,1.2333899534,1.15923516997789,CN-NonLow,CN Non-Low,-0.0669243139
ACH-000030,0.9813749829,0.986501941698965,CN-NonLow,CN Non-Low,-0.2131222639
ACH-001322,1.5050933817,1.32486438338235,CN-NonLow,CN Non-Low,0.0487190195
ACH-000227,1.0268756583,1.01925758724771,CN-NonLow,CN Non-Low,-0.0189026173
ACH-001736,1.0291535865,1.02087806671904,CN-NonLow,CN Non-Low,-0.1684403472
ACH-002538,0.8255617303,0.8683404534849,CN-NonLow,CN Non-Low,-0.0394813194
ACH-000725,1.1368390369,1.09547823723861,CN-NonLow,CN Non-Low,0.0758704082
ACH-002401,1.0296227956,1.02121162815776,CN-NonLow,CN Non-Low,-0.513311894
ACH-002024,1.1349344699,1.09419178815902,CN-NonLow,CN Non-Low,-0.2038612969
ACH-003410,0.72253481,0.784533138056957,CN-NonLow,CN Non-Low,-0.0694870549
ACH-000484,1.416381593,1.27284830187219,CN-NonLow,CN Non-Low,0.1356970735
ACH-002044,1.1373694825,1.09583632516859,CN-NonLow,CN Non-Low,0.0210138814
ACH-000661,0.8611837487,0.896220495081063,CN-NonLow,CN Non-Low,-0.1089647583
ACH-000048,0.9508405925,0.964095896960053,CN-NonLow,CN Non-Low,-0.0498971743
ACH-000188,1.1751085247,1.12108738447426,CN-NonLow,CN Non-Low,-0.1936766921
ACH-000929,0.836300888,0.876802471638177,CN-NonLow,CN Non-Low,-0.4100406818
ACH-000128,0.9252018142,0.945009687929297,CN-NonLow,CN Non-Low,-0.4461979266
ACH-000406,0.873331329,0.905606086143209,CN-NonLow,CN Non-Low,-0.1324594972
ACH-001675,1.4265368354,1.27889876071845,CN-NonLow,CN Non-Low,-0.1636316107
ACH-001295,0.9884746686,0.991662183607577,CN-NonLow,CN Non-Low,0.2324057018
ACH-002710,1.213711893,1.14646747253197,CN-NonLow,CN Non-Low,0.1404742596
ACH-000621,0.9256206785,0.945323539555511,CN-NonLow,CN Non-Low,0.1120635726
ACH-000961,1.0337681076,1.02415519095173,CN-NonLow,CN Non-Low,-0.2168897022
ACH-000588,0.8974285584,0.924045566598652,CN-NonLow,CN Non-Low,-0.3463796248
ACH-001986,0.8701602383,0.903161887811718,CN-NonLow,CN Non-Low,0.0091798053
ACH-000286,1.1468947484,1.10225146474888,CN-NonLow,CN Non-Low,-1.2657946895
ACH-001662,0.9131235613,0.935930054822565,CN-NonLow,CN Non-Low,-0.1602245971
ACH-002780,0.5429837771,0.625722893522117,CN-NonLow,CN Non-Low,-0.1069380626
ACH-000736,0.9868540915,0.990485929357348,CN-NonLow,CN Non-Low,-0.1420554963
ACH-000108,1.4260840369,1.27862952470371,CN-NonLow,CN Non-Low,-0.0030168638
ACH-000805,0.9479086248,0.961926003067173,CN-NonLow,CN Non-Low,-0.1037251822
ACH-002463,1.0318696964,1.02280788518821,CN-NonLow,CN Non-Low,0.1679051431
ACH-000838,1.1931223555,1.13298630300506,CN-NonLow,CN Non-Low,-0.1352175141
ACH-000589,1.4881046638,1.31504717468446,CN-NonLow,CN Non-Low,-0.0669695099
ACH-001197,1.0385426034,1.02753810795309,CN-NonLow,CN Non-Low,-0.1576612953
ACH-000273,0.9080093132,0.932068213311277,CN-NonLow,CN Non-Low,-0.5355163635
ACH-000865,1.5809316549,1.36789193823841,CN-NonLow,CN Non-Low,0.0499564721
ACH-001433,1.062973772,1.04472547936978,CN-NonLow,CN Non-Low,0.0968310836
ACH-001711,0.8239324682,0.867052314153647,CN-NonLow,CN Non-Low,0.0831895336
ACH-002066,1.1545694843,1.10739962573471,CN-NonLow,CN Non-Low,-0.0208749732
ACH-000421,1.0313467757,1.02243654631911,CN-NonLow,CN Non-Low,-0.1846930514
ACH-000397,0.9316112716,0.949804787257487,CN-NonLow,CN Non-Low,-1.5102114175
ACH-000155,1.1575174959,1.10937225866069,CN-NonLow,CN Non-Low,0.1628017024
ACH-000835,1.0985823358,1.06941506704565,CN-NonLow,CN Non-Low,0.0082510285
ACH-000329,1.0879136113,1.06206202075482,CN-NonLow,CN Non-Low,-0.0426831658
ACH-001643,1.0862167382,1.06088904802217,CN-NonLow,CN Non-Low,-0.031926697
ACH-000011,0.7534256212,0.810176234011434,CN-NonLow,CN Non-Low,0.0125970553
ACH-002706,0.930374203,0.948880541007864,CN-NonLow,CN Non-Low,0.0376463857
ACH-000204,1.2057409654,1.14126337575456,CN-NonLow,CN Non-Low,-0.1687347073
ACH-000732,1.0272380162,1.01951548428205,CN-NonLow,CN Non-Low,0.0931796053
ACH-000941,1.2976991885,1.20018993476992,CN-NonLow,CN Non-Low,-0.0223849154
ACH-000481,1.1277685373,1.08934122026976,CN-NonLow,CN Non-Low,-0.2421304023
ACH-000976,0.6607699575,0.731852251410922,CN-NonLow,CN Non-Low,-1.1733318061
ACH-001303,0.999821947,0.999871556192406,CN-NonLow,CN Non-Low,0.0496357933
ACH-000488,1.0164092429,1.01178847256021,CN-NonLow,CN Non-Low,-0.2634023141
ACH-000724,1.0665794229,1.04724481051725,CN-NonLow,CN Non-Low,-0.5181528178
ACH-001306,0.996940964,0.997791682705078,CN-NonLow,CN Non-Low,-0.0146638349
ACH-001227,1.1640766037,1.11375156839859,CN-NonLow,CN Non-Low,-0.5236338144
ACH-002662,1.0499937206,1.0356194905731,CN-NonLow,CN Non-Low,-0.3882774945
ACH-002465,1.0299550673,1.02144779396174,CN-NonLow,CN Non-Low,0.2332775396
ACH-000272,1.0615545435,1.04373263177945,CN-NonLow,CN Non-Low,-0.133142535
ACH-000391,0.9547881724,0.967012280583511,CN-NonLow,CN Non-Low,-0.0597287834
ACH-000968,0.5799072178,0.659839836661748,CN-NonLow,CN Non-Low,-1.6434656637
ACH-000374,0.8168114528,0.861408705634368,CN-NonLow,CN Non-Low,-1.0254444751
ACH-000914,1.0648072505,1.04600711252768,CN-NonLow,CN Non-Low,-0.1185394991
ACH-000889,1.6652837257,1.41428911942818,CN-NonLow,CN Non-Low,-0.0473216198
ACH-001848,0.9451011841,0.959845206112414,CN-NonLow,CN Non-Low,-0.1911540467
ACH-001618,0.9725447231,0.9800580105369,CN-NonLow,CN Non-Low,-0.3061289965
ACH-000322,1.089858623,1.06340534862404,CN-NonLow,CN Non-Low,0.0710472133
ACH-001699,1.2483392017,1.16885970802056,CN-NonLow,CN Non-Low,-0.3252395034
ACH-000874,1.0209860822,1.01505938643305,CN-NonLow,CN Non-Low,0.3136790895
ACH-001334,1.1038628998,1.07304069311728,CN-NonLow,CN Non-Low,-0.1018147285
ACH-000187,0.9435953407,0.958727879059367,CN-NonLow,CN Non-Low,-0.2395567572
ACH-000336,1.0344410269,1.02463246107909,CN-NonLow,CN Non-Low,-0.1406279005
ACH-002711,0.8292902295,0.871283986755732,CN-NonLow,CN Non-Low,-0.8776559919
ACH-002524,0.8147119644,0.859740578243977,CN-NonLow,CN Non-Low,-0.508137632
ACH-000599,1.1860304089,1.1283134698406,CN-NonLow,CN Non-Low,0.067703962
ACH-000663,1.1785181686,1.12334714521995,CN-NonLow,CN Non-Low,0.0111994803
ACH-000261,1.3473512447,1.23103373494678,CN-NonLow,CN Non-Low,0.0336715743
ACH-002067,1.2181856374,1.14938010803766,CN-NonLow,CN Non-Low,-0.0111575484
ACH-000697,1.5008450103,1.32241564936202,CN-NonLow,CN Non-Low,0.0815825696
ACH-001642,1.8705363475,1.52132032351582,CN-NonLow,CN Non-Low,0.152866696
ACH-000426,0.5090149731,0.593607120980531,CN-NonLow,CN Non-Low,-1.0340013533
ACH-000947,1.0465575157,1.03319921232176,CN-NonLow,CN Non-Low,0.0154173864
ACH-000973,0.8286805695,0.870803089824016,CN-NonLow,CN Non-Low,0.0095637405
ACH-000092,1.1664294093,1.11531922875749,CN-NonLow,CN Non-Low,-0.192881017
ACH-000368,0.8786448207,0.909692334533018,CN-NonLow,CN Non-Low,-0.0618015957
ACH-000499,0.734620469,0.794620038948628,CN-NonLow,CN Non-Low,-0.2750431161
ACH-000881,0.9937811829,0.995507082921838,CN-NonLow,CN Non-Low,-0.0403235966
ACH-000160,0.9913864873,0.99377324576953,CN-NonLow,CN Non-Low,-0.0150441258
ACH-000318,1.5314677642,1.33997411303504,CN-NonLow,CN Non-Low,-0.1935919309
ACH-001528,1.0254073188,1.0182120698346,CN-NonLow,CN Non-Low,-0.0747288349
ACH-000938,1.0892665249,1.06299654679683,CN-NonLow,CN Non-Low,-0.2627524807
ACH-000700,1.5057111131,1.32522009394054,CN-NonLow,CN Non-Low,-0.2027199328
ACH-001183,1.0230865515,1.01655804246108,CN-NonLow,CN Non-Low,-0.0411396122
ACH-000120,1.5782863734,1.36641251449036,CN-NonLow,CN Non-Low,-0.1110161544
ACH-000906,0.9810948332,0.986297942374136,CN-NonLow,CN Non-Low,-0.0279028185
ACH-000671,1.0608708251,1.04325407992423,CN-NonLow,CN Non-Low,-0.1935903023
ACH-000431,0.8775072803,0.908818502004443,CN-NonLow,CN Non-Low,-0.1155515071
ACH-003184,0.9030451339,0.928309777944857,CN-NonLow,CN Non-Low,-0.2355035765
ACH-001461,0.8883801114,0.917149193532361,CN-NonLow,CN Non-Low,-0.8406086569
ACH-000978,1.014276362,1.0102616370359,CN-NonLow,CN Non-Low,-0.1111365573
ACH-000622,0.9645404185,0.974191850143077,CN-NonLow,CN Non-Low,-0.2208575491
ACH-002659,0.8886498632,0.917355265280486,CN-NonLow,CN Non-Low,-0.1818209068
ACH-000785,0.8933565541,0.920946122818388,CN-NonLow,CN Non-Low,-0.1848026456
ACH-000903,0.9748935482,0.981774890442658,CN-NonLow,CN Non-Low,-0.2582627542
ACH-001992,0.8191820453,0.863289920510082,CN-NonLow,CN Non-Low,-0.0003830367
ACH-000777,0.9462900756,0.960726745803544,CN-NonLow,CN Non-Low,-0.5591319582
ACH-001128,1.0200904644,1.01441990169929,CN-NonLow,CN Non-Low,-0.1116416746
ACH-002433,1.0511681002,1.03644573042678,CN-NonLow,CN Non-Low,-0.4896066571
ACH-002664,1.2977441641,1.20021817408008,CN-NonLow,CN Non-Low,-0.5920051508
ACH-000466,1.0672188102,1.0476911026884,CN-NonLow,CN Non-Low,-1.3474234384
ACH-000304,0.9750539156,0.981892036938882,CN-NonLow,CN Non-Low,-0.3756069214
ACH-001670,0.7520487032,0.809042879327507,CN-NonLow,CN Non-Low,-0.0868121544
ACH-000093,0.9949578815,0.996358287905007,CN-NonLow,CN Non-Low,0.0010492397
ACH-000424,0.8926366826,0.920397492648859,CN-NonLow,CN Non-Low,-0.1669797836
ACH-000405,1.018461751,1.01325624861409,CN-NonLow,CN Non-Low,-0.1684338774
ACH-001641,0.9808641897,0.986129970806477,CN-NonLow,CN Non-Low,-0.4443687944
ACH-001001,1.1884910179,1.12993646281739,CN-NonLow,CN Non-Low,0.0155032607
ACH-000237,0.9155807273,0.937781825772903,CN-NonLow,CN Non-Low,-0.7945772584
ACH-000527,1.08410538,1.05942822740515,CN-NonLow,CN Non-Low,-0.3472429909
ACH-000853,0.8768494095,0.908312899032302,CN-NonLow,CN Non-Low,0.0497355445
ACH-000206,1.047312005,1.03373098207081,CN-NonLow,CN Non-Low,-0.0593547956
ACH-000437,1.2366729361,1.16135430960939,CN-NonLow,CN Non-Low,0.0703146394
ACH-001421,0.9913554274,0.99375074370203,CN-NonLow,CN Non-Low,0.0754693666
ACH-001608,0.8268674594,0.869371969158292,CN-NonLow,CN Non-Low,0.0147417674
ACH-000847,1.1214544315,1.08505369010401,CN-NonLow,CN Non-Low,-0.1631809001
ACH-000401,0.8105904031,0.856460212631792,CN-NonLow,CN Non-Low,-0.014805244
ACH-001623,0.9232779901,0.943567304515096,CN-NonLow,CN Non-Low,-0.2166158826
ACH-000172,1.0020018138,1.00144328124637,CN-NonLow,CN Non-Low,0.1330902221
ACH-000524,0.754538803,0.811091854423828,CN-NonLow,CN Non-Low,-0.0864192741
ACH-001301,1.0602393564,1.04281195790905,CN-NonLow,CN Non-Low,-0.0109980844
ACH-000706,1.0725374326,1.05139815882052,CN-NonLow,CN Non-Low,-0.1098087042
ACH-000144,1.1142693388,1.08015917473367,CN-NonLow,CN Non-Low,-0.4002349315
ACH-001053,1.1237491309,1.08661335701679,CN-NonLow,CN Non-Low,-0.3905079766
ACH-000385,0.8763420553,0.90792285370707,CN-NonLow,CN Non-Low,0.1245311239
ACH-002020,1.4486238169,1.29197114908374,CN-NonLow,CN Non-Low,0.083862528
ACH-001190,1.0033657796,1.00242585611661,CN-NonLow,CN Non-Low,-0.0818199573
ACH-000956,1.0146412365,1.01052294922224,CN-NonLow,CN Non-Low,0.0250370591
ACH-000790,0.988129957,0.99141206383761,CN-NonLow,CN Non-Low,-0.3148274347
ACH-000183,1.110734493,1.0777451150552,CN-NonLow,CN Non-Low,-0.2722454829
ACH-000290,0.6012075367,0.679160311453956,CN-NonLow,CN Non-Low,-0.4148299559
ACH-000025,0.90081765,0.926620137426217,CN-NonLow,CN Non-Low,-0.1159947001
ACH-002508,0.6894582035,0.756560659262198,CN-NonLow,CN Non-Low,-0.4055483712
ACH-000766,0.86724168,0.900908669916564,CN-NonLow,CN Non-Low,-0.4426076762
ACH-002061,1.161602932,1.11210153665031,CN-NonLow,CN Non-Low,-0.0851378834
ACH-000898,1.404568514,1.26577803388665,CN-NonLow,CN Non-Low,-0.2391153397
ACH-000801,0.9843173981,0.98864280800347,CN-NonLow,CN Non-Low,-0.0850956952
ACH-000855,1.3454324877,1.22985397405402,CN-NonLow,CN Non-Low,-0.1534532446
ACH-000819,1.936548992,1.55412170728054,CN-NonLow,CN Non-Low,0.0137106092
ACH-000238,1.0906453119,1.06394832248835,CN-NonLow,CN Non-Low,-0.1655955503
ACH-001745,1.3848886662,1.25392191844453,CN-NonLow,CN Non-Low,-0.1787479642
ACH-000243,1.2065929015,1.14182048862905,CN-NonLow,CN Non-Low,-0.1415208872
ACH-000416,1.8866894838,1.52941592770718,CN-NonLow,CN Non-Low,0.1738592221
ACH-002926,0.6623106674,0.733190030984968,CN-NonLow,CN Non-Low,-0.1261293799
ACH-000377,0.7423631481,0.801045345728742,CN-NonLow,CN Non-Low,-0.0950757182
ACH-001029,0.8548955089,0.89133791836212,CN-NonLow,CN Non-Low,0.0133134856
ACH-000921,1.4231966304,1.27691147709348,CN-NonLow,CN Non-Low,-0.0268586468
ACH-000395,1.4117679748,1.27009111880232,CN-NonLow,CN Non-Low,-0.1041471745
ACH-002792,1.0494363736,1.03522720104045,CN-NonLow,CN Non-Low,-0.2895363058
ACH-001695,1.1132680476,1.079475770783,CN-NonLow,CN Non-Low,0.0514072223
ACH-001668,0.9901781368,0.992897569249313,CN-NonLow,CN Non-Low,-0.1813939304
ACH-001685,0.9602632029,0.971047376802214,CN-NonLow,CN Non-Low,0.0084129636
ACH-001975,1.1824137898,1.12592466531656,CN-NonLow,CN Non-Low,-0.2571084999
ACH-000738,0.6747930407,0.743982828344628,CN-NonLow,CN Non-Low,-0.4465523401
ACH-000696,1.206535195,1.14178275898261,CN-NonLow,CN Non-Low,0.0090814459
ACH-000773,0.6120277615,0.688876589420163,CN-NonLow,CN Non-Low,-0.1303609774
ACH-000496,1.3642613062,1.24138949588993,CN-NonLow,CN Non-Low,-0.1195042317
ACH-000007,1.0377183996,1.02695469351998,CN-NonLow,CN Non-Low,-0.2357420027
ACH-000965,1.0309910437,1.02218387762615,CN-NonLow,CN Non-Low,-0.1127455534
ACH-000639,1.154940877,1.10764828804802,CN-NonLow,CN Non-Low,-0.0191762464
ACH-000894,0.9118320345,0.934955779783977,CN-NonLow,CN Non-Low,-0.1253088714
ACH-000701,1.1481220385,1.1030759576331,CN-NonLow,CN Non-Low,0.04832567
ACH-000277,0.8849372108,0.914516466636541,CN-NonLow,CN Non-Low,-0.5497456172
ACH-000532,1.1030964963,1.07251504671241,CN-NonLow,CN Non-Low,-0.1357064887
ACH-002526,1.1130882656,1.07935303120272,CN-NonLow,CN Non-Low,-0.6062854584
ACH-000846,1.5023427582,1.3232794160773,CN-NonLow,CN Non-Low,-0.0533419756
ACH-000198,0.9919464883,0.994178891331106,CN-NonLow,CN Non-Low,-0.1838289937
ACH-000557,1.0246736524,1.01768938552481,CN-NonLow,CN Non-Low,-0.069925809
ACH-001134,0.9992018894,0.999424169995999,CN-NonLow,CN Non-Low,0.0038794601
ACH-000009,1.4115204201,1.26994302650133,CN-NonLow,CN Non-Low,-0.3780435559
ACH-000168,1.0717308211,1.05083656659027,CN-NonLow,CN Non-Low,-0.3722189489
ACH-000410,0.7995033589,0.84759879515725,CN-NonLow,CN Non-Low,-0.1076240894
ACH-000036,1.0717267353,1.05083372135133,CN-NonLow,CN Non-Low,0.0064391934
ACH-000123,1.0217271648,1.01558831645532,CN-NonLow,CN Non-Low,0.038297769
ACH-001737,1.0622617487,1.04422745568655,CN-NonLow,CN Non-Low,-0.4058939567
ACH-002475,1.0779012394,1.05512708599679,CN-NonLow,CN Non-Low,0.0227671054
ACH-000454,0.9209725105,0.941836873897199,CN-NonLow,CN Non-Low,-0.4321769284
ACH-000253,1.0837207086,1.05916191901755,CN-NonLow,CN Non-Low,-1.3466507979
ACH-000559,1.017387871,1.01248848889449,CN-NonLow,CN Non-Low,-0.6541361815
ACH-000576,0.9639463779,0.973755539940877,CN-NonLow,CN Non-Low,-0.1040917967
ACH-000800,0.6959130661,0.762062218060957,CN-NonLow,CN Non-Low,-0.7641897783
ACH-000716,0.978818721,0.984639453571221,CN-NonLow,CN Non-Low,-0.1251921006
ACH-001021,1.2709841155,1.18331761508508,CN-NonLow,CN Non-Low,0.0094581958
ACH-000393,1.1226054746,1.08583624466246,CN-NonLow,CN Non-Low,-0.1149909941
ACH-001211,1.0393352588,1.02809896831613,CN-NonLow,CN Non-Low,0.1230296125
ACH-001354,0.964673874,0.974289852223783,CN-NonLow,CN Non-Low,-0.1156245619
ACH-000505,1.2797943479,1.18890368989605,CN-NonLow,CN Non-Low,-0.068787405
ACH-000515,0.9178854341,0.939516542779224,CN-NonLow,CN Non-Low,-0.1925124636
ACH-001578,0.8528340825,0.889733696760969,CN-NonLow,CN Non-Low,0.2922339575
ACH-001344,0.8113323957,0.857051318030132,CN-NonLow,CN Non-Low,-0.1967335429
ACH-000782,1.0267301104,1.01915398504976,CN-NonLow,CN Non-Low,-0.001115426
ACH-000021,0.7686107183,0.822616537242088,CN-NonLow,CN Non-Low,-0.1062159456
ACH-002215,1.0539378538,1.03839253055049,CN-NonLow,CN Non-Low,-0.0246217291
ACH-000649,1.1190775377,1.08343637733193,CN-NonLow,CN Non-Low,-0.0039279367
ACH-001791,0.9764386453,0.982903170186458,CN-NonLow,CN Non-Low,-0.0041629507
ACH-000734,0.9660190202,0.97527727906175,CN-NonLow,CN Non-Low,-0.2305548395
ACH-002478,0.9399101792,0.955989854978047,CN-NonLow,CN Non-Low,-0.0882803702
ACH-000148,0.8181781984,0.862493604014503,CN-NonLow,CN Non-Low,-0.116035004
ACH-000389,1.0227747151,1.01633564984843,CN-NonLow,CN Non-Low,-0.120383696
ACH-000858,1.2434073396,1.16569159700277,CN-NonLow,CN Non-Low,-0.0154242084
ACH-000511,0.7608927388,0.816307033011132,CN-NonLow,CN Non-Low,-0.2106143778
ACH-000896,1.2492983033,1.16947500489207,CN-NonLow,CN Non-Low,-0.8527007462
ACH-001431,0.5047843193,0.589556720357321,CN-NonLow,CN Non-Low,-0.3753572525
ACH-000739,1.4469368917,1.29097689373217,CN-NonLow,CN Non-Low,-0.1879146537
ACH-000490,1.1351760053,1.09435499795239,CN-NonLow,CN Non-Low,-0.0688105909
ACH-000666,0.9018578748,0.927409438110967,CN-NonLow,CN Non-Low,-0.3445332741
ACH-002499,1.6856266165,1.42525874036908,CN-NonLow,CN Non-Low,0.1301751109
ACH-000169,0.9153954334,0.937642267300267,CN-NonLow,CN Non-Low,-0.0650541185
ACH-000994,0.9753566108,0.982113126297508,CN-NonLow,CN Non-Low,-0.1336677701
ACH-000320,1.0933437051,1.06580920644954,CN-NonLow,CN Non-Low,0.1565446471
ACH-000652,1.098607465,1.0694323423055,CN-NonLow,CN Non-Low,-0.009560518
ACH-001279,1.0350551933,1.02506792275707,CN-NonLow,CN Non-Low,-0.1124825434
ACH-000330,0.7001112042,0.765629116069312,CN-NonLow,CN Non-Low,-0.5659149334
ACH-000262,0.7004194249,0.765890644945307,CN-NonLow,CN Non-Low,-0.8299050987
ACH-002660,1.0335818205,1.02402303833133,CN-NonLow,CN Non-Low,-0.6175921553
ACH-000087,0.7857057372,0.836494361277056,CN-NonLow,CN Non-Low,-0.5048226798
ACH-001606,0.9387626185,0.955136171119847,CN-NonLow,CN Non-Low,0.0931310822
ACH-000841,1.1557489084,1.10818914947176,CN-NonLow,CN Non-Low,-0.6408207495
ACH-000995,1.0418850388,1.02990164260065,CN-NonLow,CN Non-Low,-0.0331205651
ACH-000355,0.922681733,0.94311996900974,CN-NonLow,CN Non-Low,-0.4902703947
ACH-002023,1.0875366345,1.061801515885,CN-NonLow,CN Non-Low,-0.2562092338
ACH-000624,0.9583258568,0.969620843018701,CN-NonLow,CN Non-Low,0.1748024462
ACH-002043,1.2054952781,1.14110267166613,CN-NonLow,CN Non-Low,-0.084306994
ACH-000763,1.0644369523,1.04574835942325,CN-NonLow,CN Non-Low,-0.3679174625
ACH-001422,0.9988462226,0.99916748537613,CN-NonLow,CN Non-Low,-0.0632866521
ACH-000411,1.0508690466,1.03623537487367,CN-NonLow,CN Non-Low,-0.1473427041
ACH-000015,1.1981819456,1.13631080446329,CN-NonLow,CN Non-Low,0.0071387669
ACH-001338,1.0229014802,1.01642605915079,CN-NonLow,CN Non-Low,0.1555241673
ACH-000714,1.0052876717,1.00380921561522,CN-NonLow,CN Non-Low,-0.347577478
ACH-000366,1.3230219525,1.2160027876436,CN-NonLow,CN Non-Low,0.0111859974
ACH-000917,1.2848518332,1.19210061323157,CN-NonLow,CN Non-Low,0.0382401605
ACH-000164,0.7905332231,0.840389287916709,CN-NonLow,CN Non-Low,-0.0074309542
ACH-001302,1.006186013,1.00445537842822,CN-NonLow,CN Non-Low,0.1176503878
ACH-000469,1.0849420605,1.06000729245135,CN-NonLow,CN Non-Low,-0.12614557
ACH-000948,1.060906122,1.04327878900637,CN-NonLow,CN Non-Low,-0.4416319728
ACH-000114,1.3598645893,1.23870407909978,CN-NonLow,CN Non-Low,-0.0688714372
ACH-000602,1.0343115412,1.02454063520657,CN-NonLow,CN Non-Low,-0.0353167225
ACH-001735,1.0700705374,1.04967992821898,CN-NonLow,CN Non-Low,-0.077541555
ACH-000587,1.2828415614,1.1908307340635,CN-NonLow,CN Non-Low,-0.0677986679
ACH-000407,0.8499359318,0.887475307241607,CN-NonLow,CN Non-Low,-0.0517531791
ACH-003012,1.1809681036,1.12496867088898,CN-NonLow,CN Non-Low,0.1176934364
ACH-000222,0.9444650397,0.959373296225014,CN-NonLow,CN Non-Low,-0.2529234397
ACH-001151,0.8595753402,0.894973199539606,CN-NonLow,CN Non-Low,-0.4880364726
ACH-000528,0.9222188119,0.942772571738616,CN-NonLow,CN Non-Low,0.0689426395
ACH-001038,0.8882809766,0.917073453993631,CN-NonLow,CN Non-Low,0.1730788048
ACH-000932,1.0336333327,1.02405958244945,CN-NonLow,CN Non-Low,0.0581506213
ACH-000607,1.0478104097,1.03408215398695,CN-NonLow,CN Non-Low,-0.0027820423
ACH-000141,1.2615619039,1.17731948623121,CN-NonLow,CN Non-Low,0.1378051119
ACH-000542,0.9432275091,0.958454818594667,CN-NonLow,CN Non-Low,0.0170746087
ACH-000256,0.8281781239,0.870406642577473,CN-NonLow,CN Non-Low,-0.5488145566
ACH-000740,0.9615995993,0.972030589439068,CN-NonLow,CN Non-Low,-0.2491906008
ACH-002077,1.6454817207,1.40353044929068,CN-NonLow,CN Non-Low,0.1256247151
ACH-000487,0.5753050343,0.655631212017332,CN-NonLow,CN Non-Low,-0.2058678679
ACH-001562,1.383296096,1.25295820024575,CN-NonLow,CN Non-Low,0.0122608032
ACH-000045,1.0081984909,1.00590187271726,CN-NonLow,CN Non-Low,-0.2832157589
ACH-000312,1.0266723952,1.01911290083337,CN-NonLow,CN Non-Low,0.010425887
ACH-002045,0.8974441098,0.924057390936184,CN-NonLow,CN Non-Low,-1.4353498308
ACH-000260,1.0691909268,1.04906677059141,CN-NonLow,CN Non-Low,-0.1367862489
ACH-000350,0.9124750395,0.935440918720552,CN-NonLow,CN Non-Low,-0.0860213609
ACH-000004,0.794466339,0.843554861012312,CN-NonLow,CN Non-Low,-0.1494066962
ACH-000343,0.8314013525,0.872947993106572,CN-NonLow,CN Non-Low,-0.0271467374
ACH-002528,1.0346096837,1.02475205670295,CN-NonLow,CN Non-Low,-0.0355243236
ACH-000657,1.0497957048,1.03548012906779,CN-NonLow,CN Non-Low,-0.1141584183
ACH-001674,1.2990833518,1.20105877099244,CN-NonLow,CN Non-Low,-0.008143481
ACH-001649,0.99527055,0.996584382878294,CN-NonLow,CN Non-Low,0.0663013843
ACH-000648,0.7272034757,0.788438051651674,CN-NonLow,CN Non-Low,-0.517019901
ACH-000879,1.0627706564,1.04458342797801,CN-NonLow,CN Non-Low,-0.2933396988
ACH-000078,0.9527610233,0.96551540462899,CN-NonLow,CN Non-Low,-0.0049725313
ACH-000645,1.1187479199,1.08321195187073,CN-NonLow,CN Non-Low,0.0456114666
ACH-002511,0.8892364555,0.91780327971906,CN-NonLow,CN Non-Low,-0.0647272461
ACH-001526,0.6469602593,0.719805743648039,CN-NonLow,CN Non-Low,-0.3898468763
ACH-000928,1.0957160662,1.06744326953143,CN-NonLow,CN Non-Low,-0.075652463
ACH-002681,0.7130548689,0.776571361475729,CN-NonLow,CN Non-Low,-0.3309609719
ACH-002214,1.0196619269,1.01411381911377,CN-NonLow,CN Non-Low,0.0637083032
ACH-000580,1.0224935199,1.0161350802458,CN-NonLow,CN Non-Low,-0.0136999568
ACH-000548,1.1728325104,1.11957697077866,CN-NonLow,CN Non-Low,-0.6466459201
ACH-002142,1.0782180751,1.05534704950576,CN-NonLow,CN Non-Low,-0.2808715739
ACH-002530,1.2591297878,1.17576715644888,CN-NonLow,CN Non-Low,-0.6952909001
ACH-002055,1.0652789067,1.04633662432855,CN-NonLow,CN Non-Low,0.0256472802
ACH-002806,1.0355509951,1.02541936466452,CN-NonLow,CN Non-Low,-0.0437139353
ACH-000573,0.6905237784,0.757470308889378,CN-NonLow,CN Non-Low,-0.1330472492
ACH-000311,0.8312826466,0.872854478944086,CN-NonLow,CN Non-Low,-0.1756694769
ACH-000554,1.2450476866,1.16674608928298,CN-NonLow,CN Non-Low,0.1475607726
ACH-000461,0.9011498916,0.926872282298403,CN-NonLow,CN Non-Low,-0.4465657445
ACH-000211,0.7935939872,0.842853346809009,CN-NonLow,CN Non-Low,-0.8033103374
ACH-000476,0.9125136216,0.935470023227399,CN-NonLow,CN Non-Low,-0.5150885025
ACH-000504,0.7385256839,0.79786438070457,CN-NonLow,CN Non-Low,-0.0865447412
ACH-001239,0.8376630839,0.87787228798626,CN-NonLow,CN Non-Low,-0.037848456
ACH-002688,0.7620803386,0.817279702611086,CN-NonLow,CN Non-Low,-0.9349127192
ACH-003176,1.0215055907,1.01543019354976,CN-NonLow,CN Non-Low,0.1365188635
ACH-000417,0.8633030556,0.897862339472195,CN-NonLow,CN Non-Low,-0.0834137789
ACH-000047,0.8112621021,0.856995329302605,CN-NonLow,CN Non-Low,-0.022518916
ACH-000937,1.0534707078,1.03806436781218,CN-NonLow,CN Non-Low,-0.0598873633
ACH-001184,0.8809212743,0.911439466323189,CN-NonLow,CN Non-Low,-0.212776709
ACH-001972,0.8343201534,0.875245461949695,CN-NonLow,CN Non-Low,0.0623161136
ACH-001333,0.9582014488,0.969529188963615,CN-NonLow,CN Non-Low,-0.0799950716
ACH-002041,1.270134255,1.18277762055375,CN-NonLow,CN Non-Low,0.026957362
ACH-000390,1.2959050348,1.19906296925379,CN-NonLow,CN Non-Low,-0.0344986063
ACH-000840,0.8520801219,0.889146511647549,CN-NonLow,CN Non-Low,-0.208035352
ACH-000052,0.9837427477,0.988224948768651,CN-NonLow,CN Non-Low,-0.0449690236
ACH-000464,0.962621199,0.97278174842324,CN-NonLow,CN Non-Low,-0.440106703
ACH-001400,1.0558208783,1.03971456937331,CN-NonLow,CN Non-Low,0.0561694096
ACH-000082,0.9015028764,0.927140121332363,CN-NonLow,CN Non-Low,-0.0509288381
ACH-001676,0.9375721363,0.954250023287502,CN-NonLow,CN Non-Low,-0.2133665374
ACH-000247,0.9742365404,0.981294854646234,CN-NonLow,CN Non-Low,-0.8448099604
ACH-000116,0.9276213948,0.946821718849062,CN-NonLow,CN Non-Low,-0.319931278
ACH-001530,1.2612331542,1.17710975505541,CN-NonLow,CN Non-Low,-0.4715863281
ACH-000748,1.0837447465,1.05917856191933,CN-NonLow,CN Non-Low,0.0122464439
ACH-000630,1.1565863655,1.10874949329643,CN-NonLow,CN Non-Low,-0.1645290372
ACH-000402,1.145045558,1.10100828903144,CN-NonLow,CN Non-Low,-0.0533316538
ACH-002030,1.8156636884,1.49347502429731,CN-NonLow,CN Non-Low,-0.2492139721
ACH-000922,1.1469845832,1.10231183170867,CN-NonLow,CN Non-Low,0.0753374473
ACH-001707,1.0725500709,1.0514069563249,CN-NonLow,CN Non-Low,-0.1311258072
ACH-000966,0.9923426736,0.994465805531478,CN-NonLow,CN Non-Low,-0.0383199709
ACH-000579,0.89829487,0.924704109558624,CN-NonLow,CN Non-Low,-0.1369478642
ACH-000502,1.214617449,1.14705751047529,CN-NonLow,CN Non-Low,-0.0040002895
ACH-000408,1.6184951025,1.38873790644639,CN-NonLow,CN Non-Low,-0.1831367058
ACH-001702,1.1574396725,1.10932021854587,CN-NonLow,CN Non-Low,0.0945621629
ACH-000849,0.7324671685,0.792828012511961,CN-NonLow,CN Non-Low,-0.6757729027
ACH-002399,1.6997163401,1.43280783089482,CN-NonLow,CN Non-Low,-0.00138719
ACH-001277,1.3669988223,1.24305898825995,CN-NonLow,CN Non-Low,-0.0588252862
ACH-001543,1.0517725137,1.03687078379579,CN-NonLow,CN Non-Low,-0.120331895
ACH-003185,0.6539702898,0.72593331967051,CN-NonLow,CN Non-Low,-0.4884874092
ACH-000900,0.8995260704,0.925639512676107,CN-NonLow,CN Non-Low,-0.2892308879
ACH-001624,0.8684038337,0.901806310459641,CN-NonLow,CN Non-Low,0.1555106209
ACH-000848,1.0736568729,1.05217719177924,CN-NonLow,CN Non-Low,0.0253256184
ACH-002019,1.4914348933,1.31697687370417,CN-NonLow,CN Non-Low,0.1218466553
ACH-001709,1.610612014,1.38438806198993,CN-NonLow,CN Non-Low,0.0502000574
ACH-001119,1.0439595404,1.03136663881859,CN-NonLow,CN Non-Low,-0.1665044112
ACH-000986,0.9930973346,0.995012167134224,CN-NonLow,CN Non-Low,-0.0071957332
ACH-000427,1.1378914995,1.0961886364516,CN-NonLow,CN Non-Low,-0.3928517226
ACH-000387,0.9346414337,0.952066202153551,CN-NonLow,CN Non-Low,-0.0511010006
ACH-001802,0.747027884,0.804902635036288,CN-NonLow,CN Non-Low,0.0737995193
ACH-000550,1.140677531,1.09806748630455,CN-NonLow,CN Non-Low,-0.147364435
ACH-000024,1.246310034,1.16755706115167,CN-NonLow,CN Non-Low,0.0957085114
ACH-000370,1.0534659615,1.03806103322778,CN-NonLow,CN Non-Low,0.0458147789
ACH-000605,0.8657641698,0.899766642909119,CN-NonLow,CN Non-Low,-0.2117955074
ACH-000945,1.1307664626,1.09137247875554,CN-NonLow,CN Non-Low,-0.194339603
ACH-000137,0.9144391017,0.936921768794618,CN-NonLow,CN Non-Low,-0.3963381848
ACH-000764,0.764927012,0.819608522531625,CN-NonLow,CN Non-Low,-0.5251749692
ACH-002051,0.809689683,0.855742332016255,CN-NonLow,CN Non-Low,-0.0374405893
ACH-000118,1.1798561708,1.12423294760816,CN-NonLow,CN Non-Low,-0.188370378
ACH-000802,1.5001180122,1.32199619552632,CN-NonLow,CN Non-Low,-0.0671797239
ACH-000341,0.9638283218,0.973668814523515,CN-NonLow,CN Non-Low,-0.1979654168
ACH-000113,1.0499439402,1.03558445690081,CN-NonLow,CN Non-Low,-0.3154847427
ACH-000545,1.4035057749,1.26514026984135,CN-NonLow,CN Non-Low,0.1058776163
ACH-000593,1.2689990595,1.18205601101335,CN-NonLow,CN Non-Low,-0.0849922115
ACH-002470,0.7287909756,0.78976344636888,CN-NonLow,CN Non-Low,-0.2281935702
ACH-000216,1.3229770179,1.21597488108356,CN-NonLow,CN Non-Low,-0.4736205245
ACH-000809,1.0309663893,1.02216636450288,CN-NonLow,CN Non-Low,-0.185586476
ACH-001804,0.8812895479,0.911721910090015,CN-NonLow,CN Non-Low,0.0822705193
ACH-000223,1.5487325208,1.34977997627753,CN-NonLow,CN Non-Low,-0.3650916263
ACH-002784,1.0366402385,1.02619115852136,CN-NonLow,CN Non-Low,0.142406685
ACH-000953,1.0715746818,1.05072783147829,CN-NonLow,CN Non-Low,-0.5151409637
ACH-002535,0.8876199507,0.916568324851774,CN-NonLow,CN Non-Low,-0.804326571
ACH-000212,0.9900220756,0.992784434880479,CN-NonLow,CN Non-Low,0.0629860222
ACH-000911,0.9493706142,0.963008401749333,CN-NonLow,CN Non-Low,-0.0964262455
ACH-001977,1.0694566466,1.04925202562048,CN-NonLow,CN Non-Low,-0.1045977469
ACH-000310,1.0185465384,1.01331684911464,CN-NonLow,CN Non-Low,0.0553968293
ACH-000248,0.6193294693,0.695396546707308,CN-NonLow,CN Non-Low,-0.477054718
ACH-000234,0.9934015893,0.995232383798564,CN-NonLow,CN Non-Low,-0.4148115405
ACH-003587,0.7622224468,0.817396048344131,CN-NonLow,CN Non-Low,-0.2423321461
ACH-001192,0.8337408914,0.87478979972842,CN-NonLow,CN Non-Low,-0.3942467686
ACH-003065,1.0440727927,1.0314465738672,CN-NonLow,CN Non-Low,-0.0339743894
ACH-002486,0.9374176086,0.954134959062168,CN-NonLow,CN Non-Low,0.0013532692
ACH-000651,2.4793982139,1.79883780351714,CN-NonLow,CN Non-Low,0.0791259799
ACH-000753,1.2508068281,1.17044224510801,CN-NonLow,CN Non-Low,0.0095723194
ACH-000960,0.9115084906,0.934711608396108,CN-NonLow,CN Non-Low,-0.1176900645
ACH-000455,0.9219580416,0.942576840879431,CN-NonLow,CN Non-Low,0.0177709342
ACH-000279,1.0886121174,1.06254458993378,CN-NonLow,CN Non-Low,-0.3275457266
ACH-000445,1.2481462585,1.16873589656806,CN-NonLow,CN Non-Low,-0.2219744393
ACH-000231,1.2801172879,1.18910803768807,CN-NonLow,CN Non-Low,0.063353915
ACH-002533,1.36272835,1.24045376784903,CN-NonLow,CN Non-Low,-0.0504373429
ACH-001694,1.0317650624,1.0227335896563,CN-NonLow,CN Non-Low,-1.4315999346
ACH-000292,0.8365687429,0.877012897259246,CN-NonLow,CN Non-Low,-0.0274861481
ACH-000983,1.0496266824,1.03536116217178,CN-NonLow,CN Non-Low,-0.0275306161
ACH-002799,0.9270936599,0.946426690673393,CN-NonLow,CN Non-Low,-0.0310416589
ACH-000099,0.9961189397,0.997197686909145,CN-NonLow,CN Non-Low,0.0696573113
ACH-001799,0.9140309992,0.936614195565816,CN-NonLow,CN Non-Low,-0.0322074897
ACH-000335,2.2010013041,1.67852326464301,CN-NonLow,CN Non-Low,0.1866303146
ACH-002782,1.3666918566,1.24287187933215,CN-NonLow,CN Non-Low,-0.0324009885
ACH-000337,0.5350898247,0.618323076349684,CN-NonLow,CN Non-Low,-1.3887931981
ACH-002016,1.0326323498,1.02334929285808,CN-NonLow,CN Non-Low,0.1207395058
ACH-002522,1.7648774393,1.4672155305023,CN-NonLow,CN Non-Low,0.1951994251
ACH-000174,0.9930525714,0.994979765118153,CN-NonLow,CN Non-Low,-0.002597181
ACH-002400,1.118989113,1.08337617541123,CN-NonLow,CN Non-Low,-0.2225529239
ACH-000315,0.9350650901,0.95238209535424,CN-NonLow,CN Non-Low,-0.2241904548
ACH-000153,1.1526719652,1.10612849124887,CN-NonLow,CN Non-Low,-0.0781153669
ACH-000664,2.104401524,1.63431516809852,CN-NonLow,CN Non-Low,0.2028084151
ACH-000935,0.7615111153,0.816813578402331,CN-NonLow,CN Non-Low,-0.0617701024
ACH-000924,1.1715536319,1.11872758416214,CN-NonLow,CN Non-Low,-0.6482790579
ACH-000053,1.0143686054,1.01032770346609,CN-NonLow,CN Non-Low,-0.0220399187
ACH-000771,1.0627103996,1.0445412839539,CN-NonLow,CN Non-Low,-0.0629416594
ACH-000665,1.6167100939,1.38775409662105,CN-NonLow,CN Non-Low,-0.088000823
ACH-000507,0.8467441385,0.884983998595921,CN-NonLow,CN Non-Low,-0.2900331721
ACH-000633,1.4845853115,1.31300507956761,CN-NonLow,CN Non-Low,-0.1228701755
ACH-002647,1.1988864305,1.13677309287611,CN-NonLow,CN Non-Low,-0.0150593191
ACH-000905,0.7164053419,0.779390296248252,CN-NonLow,CN Non-Low,-0.3049574501
ACH-000767,0.744448524,0.802771026442792,CN-NonLow,CN Non-Low,-0.4846933408
ACH-000139,0.7672714614,0.821523661811117,CN-NonLow,CN Non-Low,-0.6879762535
ACH-000756,1.0109083451,1.00784732675361,CN-NonLow,CN Non-Low,-0.4459222982
ACH-000570,1.0377982441,1.02701122194289,CN-NonLow,CN Non-Low,-0.2060388733
ACH-000215,0.9786500012,0.984516439980468,CN-NonLow,CN Non-Low,-0.0833880707
ACH-000936,1.1217972877,1.08528683061666,CN-NonLow,CN Non-Low,-0.1273335006
ACH-000719,0.9881236558,0.991407491337525,CN-NonLow,CN Non-Low,-1.0611009355
ACH-002680,1.1020685774,1.07180973621781,CN-NonLow,CN Non-Low,-0.114327275
ACH-000452,1.0654555454,1.04646000954231,CN-NonLow,CN Non-Low,-0.2956583722
ACH-001067,1.005793615,1.00417316829609,CN-NonLow,CN Non-Low,0.0194656177
ACH-000946,1.0307604589,1.02202007462263,CN-NonLow,CN Non-Low,0.1460296319
ACH-000354,1.0860277748,1.0607583670137,CN-NonLow,CN Non-Low,-1.5108195048
ACH-001740,1.157602546,1.10942912908669,CN-NonLow,CN Non-Low,-0.2665514692
ACH-000111,0.8057202946,0.852574437201292,CN-NonLow,CN Non-Low,0.4085828692
ACH-000503,1.1066990834,1.07498425725429,CN-NonLow,CN Non-Low,-0.1662668532
ACH-000887,1.179028016,1.12368474545998,CN-NonLow,CN Non-Low,-0.1929664443
ACH-000826,1.2797916867,1.18890200583965,CN-NonLow,CN Non-Low,-0.6970516562
ACH-000293,1.0111358907,1.0080105665838,CN-NonLow,CN Non-Low,-0.4211586471
ACH-000667,1.4359027078,1.2844565118249,CN-NonLow,CN Non-Low,-0.2899867262
ACH-000910,0.7430993436,0.80165479461267,CN-NonLow,CN Non-Low,-1.3745202495
ACH-000866,0.5728149296,0.653348921321685,CN-NonLow,CN Non-Low,-0.5187923062
ACH-000278,0.6674547787,0.737647636114565,CN-NonLow,CN Non-Low,-0.0228053163
ACH-000029,1.5530615426,1.35222831492235,CN-NonLow,CN Non-Low,-1.7375623374
ACH-000829,1.039310765,1.02808164046587,CN-NonLow,CN Non-Low,0.0380605681
ACH-000957,1.0302465268,1.02165492021704,CN-NonLow,CN Non-Low,0.0399002805
ACH-000668,1.5999635075,1.3784913740544,CN-NonLow,CN Non-Low,0.0797523158
ACH-000258,1.0368604957,1.02634717369907,CN-NonLow,CN Non-Low,-0.0140987668
ACH-000997,1.0862566431,1.0609166434535,CN-NonLow,CN Non-Low,0.048997233
ACH-000470,0.9653826475,0.974810223378272,CN-NonLow,CN Non-Low,-0.5289266867
ACH-001701,1.0759566848,1.053776341925,CN-NonLow,CN Non-Low,-0.3642493301
ACH-000934,1.2211149371,1.15128405064885,CN-NonLow,CN Non-Low,0.104572166
ACH-001193,0.5882796353,0.667464938264449,CN-NonLow,CN Non-Low,-0.2889657738
ACH-000433,1.3307310297,1.2207825246266,CN-NonLow,CN Non-Low,-0.001704239
ACH-001750,0.7058937731,0.770527812076301,CN-NonLow,CN Non-Low,-0.0001322723
ACH-001619,0.6906745647,0.757598984361985,CN-NonLow,CN Non-Low,-0.6739521349
ACH-003178,0.9080420417,0.93209295996181,CN-NonLow,CN Non-Low,-0.0811520085
ACH-000014,1.1298129953,1.09072676256509,CN-NonLow,CN Non-Low,-0.2821205293
ACH-000246,1.2164550405,1.14825409857106,CN-NonLow,CN Non-Low,0.0764119578
ACH-000878,1.2267123558,1.15491520443768,CN-NonLow,CN Non-Low,0.1737267877
ACH-000299,1.0810093489,1.05728344637136,CN-NonLow,CN Non-Low,0.0857759222
ACH-000480,1.2240724922,1.15320381253669,CN-NonLow,CN Non-Low,0.077073725
ACH-000963,1.4191007322,1.27447084489438,CN-NonLow,CN Non-Low,0.0009087786
ACH-002029,1.1280515516,1.08953310024551,CN-NonLow,CN Non-Low,-0.0781201044
ACH-000899,0.8395918108,0.879385680486211,CN-NonLow,CN Non-Low,-0.0662630812
ACH-001610,1.607301971,1.38255768177457,CN-NonLow,CN Non-Low,0.0158969078
ACH-000778,0.8159026888,0.860686893076383,CN-NonLow,CN Non-Low,-1.0924302996
ACH-001349,1.0172995838,1.01242535066776,CN-NonLow,CN Non-Low,0.0217092871
ACH-001336,1.2464923252,1.16767413312117,CN-NonLow,CN Non-Low,-0.3596353353
ACH-000219,1.1839933681,1.12696847538608,CN-NonLow,CN Non-Low,0.0358412615
ACH-000544,1.388663453,1.25620360185174,CN-NonLow,CN Non-Low,-0.1370443593
ACH-002510,0.6150842758,0.691609447338093,CN-NonLow,CN Non-Low,-0.0241692327
ACH-001061,0.9630047371,0.973063654303031,CN-NonLow,CN Non-Low,-0.010291822
ACH-000364,1.0922256933,1.06503848688221,CN-NonLow,CN Non-Low,-0.1192740293
ACH-002015,1.1426717288,1.09941083671097,CN-NonLow,CN Non-Low,0.0245794202
ACH-000596,0.8801546843,0.910851360356235,CN-NonLow,CN Non-Low,-0.2419396937
ACH-002014,0.4902501578,0.575554526073219,CN-Low,Shallow CN Loss,-0.2257237958
ACH-002018,0.6360089621,0.710180651422578,CN-NonLow,CN Non-Low,-0.2922266814
ACH-000516,0.8550667783,0.891471121610608,CN-NonLow,CN Non-Low,0.1146487275
ACH-000762,1.0889728609,1.06279374960975,CN-NonLow,CN Non-Low,-1.2232412012
ACH-001129,1.0214728792,1.01540684802903,CN-NonLow,CN Non-Low,-0.109760246
ACH-002460,1.1184408811,1.08300286826568,CN-NonLow,CN Non-Low,-0.0922726767
ACH-000592,1.0190385293,1.01366844187278,CN-NonLow,CN Non-Low,-0.1472105472
ACH-000688,0.539631324,0.62258492837866,CN-NonLow,CN Non-Low,-0.8965878789
ACH-000381,1.1364041459,1.09518458903542,CN-NonLow,CN Non-Low,0.1829468431
ACH-000637,1.2980842301,1.20043167706173,CN-NonLow,CN Non-Low,0.0665455032
ACH-003177,0.861051838,0.896118240987588,CN-NonLow,CN Non-Low,-0.0896508727
ACH-000133,0.8838791297,0.913706404135204,CN-NonLow,CN Non-Low,-0.4612318306
ACH-001401,1.0359910934,1.02573125024673,CN-NonLow,CN Non-Low,-0.0274169467
ACH-000749,1.1777023814,1.12280679968505,CN-NonLow,CN Non-Low,0.0880964504
ACH-000831,1.4395540921,1.28661747241715,CN-NonLow,CN Non-Low,0.0170071565
ACH-000323,0.9278200963,0.946970425900943,CN-NonLow,CN Non-Low,-0.0670135501
ACH-000022,1.0351983335,1.02516939440026,CN-NonLow,CN Non-Low,-1.1672673126
ACH-003171,1.1345813071,1.09395311649321,CN-NonLow,CN Non-Low,-0.3121274002
ACH-000684,0.8857208588,0.915116131246173,CN-NonLow,CN Non-Low,0.0190859064
ACH-002672,0.9484412398,0.962320424025604,CN-NonLow,CN Non-Low,-0.9010065255
ACH-000522,1.09383111,1.06614507808918,CN-NonLow,CN Non-Low,0.011491275
ACH-000098,0.8024842597,0.849986661101658,CN-NonLow,CN Non-Low,-0.2636459995
ACH-000074,0.8705988382,0.903500196636544,CN-NonLow,CN Non-Low,-0.0666164998
ACH-001647,1.0656976589,1.04662911290348,CN-NonLow,CN Non-Low,-0.2362492608
ACH-000890,1.0699452688,1.04959262208465,CN-NonLow,CN Non-Low,-0.1791141894
ACH-002026,1.0123318543,1.00886824007094,CN-NonLow,CN Non-Low,-0.0346950464
ACH-000698,0.7556850569,0.812034070613969,CN-NonLow,CN Non-Low,-0.2088362345
ACH-002834,1.3947523672,1.25987647972626,CN-NonLow,CN Non-Low,0.0236819795
ACH-000988,1.0213496184,1.01531887595256,CN-NonLow,CN Non-Low,-0.0865463878
ACH-001502,1.2280965616,1.15581175777791,CN-NonLow,CN Non-Low,0.2284120642
ACH-002039,1.4667418748,1.30260675680972,CN-NonLow,CN Non-Low,-0.9921097753
ACH-001280,0.8850795291,0.914625390240812,CN-NonLow,CN Non-Low,-0.1957833336
ACH-002708,0.8803609144,0.9110095977761,CN-NonLow,CN Non-Low,-0.0213212867
ACH-000867,1.3728823518,1.24664057306356,CN-NonLow,CN Non-Low,0.1082370532
ACH-000145,0.8959784884,0.922942595641921,CN-NonLow,CN Non-Low,-0.2579297346
ACH-000618,1.0274870422,1.01969269411528,CN-NonLow,CN Non-Low,-0.3523679207
ACH-002021,0.9976301213,0.998289480244656,CN-NonLow,CN Non-Low,-0.222530644
ACH-000263,1.0312924466,1.02239796040544,CN-NonLow,CN Non-Low,-0.5612446853
ACH-000721,1.1212709959,1.08492893933466,CN-NonLow,CN Non-Low,-0.0301667059
ACH-002464,1.0093413757,1.00672269059711,CN-NonLow,CN Non-Low,0.1591323336
ACH-000810,0.8849077685,0.914493931884881,CN-NonLow,CN Non-Low,-0.2586794468
ACH-000758,0.9517658529,0.964779987776946,CN-NonLow,CN Non-Low,-0.0195599808
ACH-002693,0.8451252067,0.883718718158983,CN-NonLow,CN Non-Low,-0.0974517317
ACH-002677,1.0719822369,1.05101163485549,CN-NonLow,CN Non-Low,-0.1695041864
ACH-000647,0.8224392373,0.865870713862318,CN-NonLow,CN Non-Low,-0.2596056985
ACH-000880,0.97269095,0.980164955135931,CN-NonLow,CN Non-Low,-0.9801793042
ACH-000163,1.1353082028,1.09444431835187,CN-NonLow,CN Non-Low,-0.1995780714
ACH-000463,0.8614297178,0.896411145227522,CN-NonLow,CN Non-Low,-0.068589449
ACH-002705,1.0849661255,1.06002394435571,CN-NonLow,CN Non-Low,0.0383854505
ACH-000444,0.8435239872,0.882466188327225,CN-NonLow,CN Non-Low,-0.0497366926
ACH-000359,0.6572144018,0.728760263032436,CN-NonLow,CN Non-Low,-0.0281512626
ACH-000807,1.1800336498,1.12435040382097,CN-NonLow,CN Non-Low,-0.0428971745
ACH-001436,0.8172650813,0.861768878341032,CN-NonLow,CN Non-Low,-0.0342820842
ACH-002678,1.0621966614,1.04418192189006,CN-NonLow,CN Non-Low,-0.1438486522
ACH-000781,1.1758923573,1.12160718736459,CN-NonLow,CN Non-Low,-0.042410724
ACH-001232,0.9721956608,0.979802688056089,CN-NonLow,CN Non-Low,-0.0710370935
ACH-002059,1.0172498023,1.01238974841517,CN-NonLow,CN Non-Low,-0.0065262388
ACH-002052,1.3058525459,1.2053002588264,CN-NonLow,CN Non-Low,0.1485502391
ACH-000468,1.0469337853,1.03346443447447,CN-NonLow,CN Non-Low,-0.2503620052
ACH-000608,0.8818908425,0.912182948177441,CN-NonLow,CN Non-Low,-0.3778946336
ACH-001982,0.8686446397,0.901992237736191,CN-NonLow,CN Non-Low,0.0217063001
ACH-001366,1.0167155444,1.01200760768705,CN-NonLow,CN Non-Low,-0.0287022134
ACH-000019,1.1131561627,1.07939938668979,CN-NonLow,CN Non-Low,0.0112307282
ACH-001385,0.9680671308,0.976779431866414,CN-NonLow,CN Non-Low,0.0174427037
ACH-000221,1.1502273121,1.10448918293312,CN-NonLow,CN Non-Low,-0.1770732988
ACH-000837,1.6251568897,1.39240364648482,CN-NonLow,CN Non-Low,-0.0862671441
ACH-000259,0.9800973093,0.985571331413421,CN-NonLow,CN Non-Low,-0.0599870522
ACH-000788,1.0201193134,1.01444050474296,CN-NonLow,CN Non-Low,-0.0363775577
ACH-002650,0.8855808927,0.915009044403612,CN-NonLow,CN Non-Low,-0.6169021671
ACH-001188,1.0048517498,1.00349555950518,CN-NonLow,CN Non-Low,-0.1453221875
ACH-000792,1.1193056124,1.08359164514388,CN-NonLow,CN Non-Low,-0.1438348136
ACH-000804,1.2272770798,1.15528104478392,CN-NonLow,CN Non-Low,-0.121186847
ACH-001577,0.9716986705,0.979439085289512,CN-NonLow,CN Non-Low,0.0949072549
ACH-000441,0.8604951703,0.895686645345017,CN-NonLow,CN Non-Low,0.0288645041
ACH-000159,1.0873798506,1.06169315857728,CN-NonLow,CN Non-Low,0.0929176557
ACH-000326,1.0415796738,1.02968587065061,CN-NonLow,CN Non-Low,-0.1103131684
ACH-000422,1.0521145587,1.03711127122524,CN-NonLow,CN Non-Low,-0.1628141578
ACH-000348,1.1557881632,1.10821541978063,CN-NonLow,CN Non-Low,-0.3574156351
ACH-000471,0.7672246616,0.821485456739147,CN-NonLow,CN Non-Low,-1.0982830773
ACH-000235,1.183123765,1.12639392148324,CN-NonLow,CN Non-Low,-0.6387152252
ACH-000477,0.7944090701,0.843508817865857,CN-NonLow,CN Non-Low,-0.2841658855
ACH-000383,0.847143337,0.885295822766171,CN-NonLow,CN Non-Low,-0.5526193731
ACH-002778,0.8168171145,0.861413201474469,CN-NonLow,CN Non-Low,-0.6340820857
ACH-001481,1.3410034975,1.22712708986306,CN-NonLow,CN Non-Low,0.0566598789
ACH-000060,1.4918650094,1.31722591605688,CN-NonLow,CN Non-Low,-0.3189766777
ACH-000974,1.0059062828,1.00425420390718,CN-NonLow,CN Non-Low,-0.0642484191
ACH-000313,1.0125170486,1.00900100475595,CN-NonLow,CN Non-Low,-0.0297243725
ACH-000747,0.9037564854,0.928848951453726,CN-NonLow,CN Non-Low,-0.1862690877
ACH-001793,1.1071302806,1.07527951651162,CN-NonLow,CN Non-Low,0.0491876046
ACH-001609,0.928209263,0.947261631603888,CN-NonLow,CN Non-Low,0.0905542528
ACH-000683,1.3320313155,1.22158716178593,CN-NonLow,CN Non-Low,-0.2329728884
ACH-002003,1.1095087152,1.07690704790325,CN-NonLow,CN Non-Low,-0.0342004768
ACH-000415,1.1721083995,1.1190961029207,CN-NonLow,CN Non-Low,-0.2638273453
ACH-000288,1.0410311226,1.02929818142911,CN-NonLow,CN Non-Low,-0.0644325437
ACH-002923,0.8905984463,0.91884297457822,CN-NonLow,CN Non-Low,-0.0708548477
ACH-003180,1.3752853632,1.24810084706147,CN-NonLow,CN Non-Low,-0.194201041
ACH-001465,1.1371842319,1.09571127813913,CN-NonLow,CN Non-Low,0.1004642255
ACH-000859,1.4326815803,1.28254749471709,CN-NonLow,CN Non-Low,-0.0333256402
ACH-002060,0.991971516,0.994197017878207,CN-NonLow,CN Non-Low,-0.01013192
ACH-000190,1.2319101191,1.15827892979271,CN-NonLow,CN Non-Low,0.1500428534
ACH-002709,1.1016240798,1.0715046356608,CN-NonLow,CN Non-Low,-0.2505503816
ACH-000711,0.8216204525,0.865222394739719,CN-NonLow,CN Non-Low,-0.0356938553
ACH-001442,1.0272405795,1.01951730846738,CN-NonLow,CN Non-Low,-0.1120326861
ACH-000517,0.7579255256,0.813873952094829,CN-NonLow,CN Non-Low,0.1517476211
ACH-000210,0.9788232668,0.984642767768482,CN-NonLow,CN Non-Low,0.1632684151
ACH-000583,1.0126970822,1.0091300580553,CN-NonLow,CN Non-Low,-0.1512750752
ACH-000996,1.0167032117,1.01199878523334,CN-NonLow,CN Non-Low,-0.292940136
ACH-000791,0.8846906617,0.91432775030886,CN-NonLow,CN Non-Low,-1.0802039901
ACH-000919,1.0435235795,1.03105889020538,CN-NonLow,CN Non-Low,0.0302312788
ACH-000533,1.111627939,1.07835565958021,CN-NonLow,CN Non-Low,-0.1965269686
ACH-001611,1.391192442,1.25773024211428,CN-NonLow,CN Non-Low,-0.0149460568
ACH-000448,1.0524818833,1.03736948778208,CN-NonLow,CN Non-Low,-0.0777687847
ACH-002544,0.8840966502,0.913872974073718,CN-NonLow,CN Non-Low,-0.2731506878
ACH-001990,0.8174180466,0.861890309713233,CN-NonLow,CN Non-Low,-0.2690789089
ACH-000143,1.0125693357,1.00903848685331,CN-NonLow,CN Non-Low,-0.5026691906
ACH-002084,0.8451714859,0.88375490320203,CN-NonLow,CN Non-Low,-0.2560195776
ACH-001863,1.2104563034,1.14434421518263,CN-NonLow,CN Non-Low,-0.1141152688
ACH-000295,0.8521604496,0.889209082299869,CN-NonLow,CN Non-Low,-0.1703919226
ACH-000096,1.0161670574,1.01161518392573,CN-NonLow,CN Non-Low,-0.149726886
ACH-003190,0.7483069088,0.805958466839464,CN-NonLow,CN Non-Low,-0.8002366935
ACH-000352,1.3292375926,1.21985780836928,CN-NonLow,CN Non-Low,0.0612052452
ACH-000040,0.7957598418,0.844594422344498,CN-NonLow,CN Non-Low,-0.0720774856
ACH-000228,1.3696782209,1.24469116856265,CN-NonLow,CN Non-Low,-0.0233485535
ACH-000338,0.941165342,0.956923007244891,CN-NonLow,CN Non-Low,-0.1830410642
ACH-000308,1.1143612526,1.08022189176728,CN-NonLow,CN Non-Low,-0.0395481844
ACH-000373,1.080717911,1.05708138795307,CN-NonLow,CN Non-Low,-0.1513271665
ACH-000969,1.0119027886,1.00856059848695,CN-NonLow,CN Non-Low,0.0203407297
ACH-000264,1.1328658246,1.09279321074515,CN-NonLow,CN Non-Low,-0.0491548045
ACH-000375,1.0337753448,1.02416032479857,CN-NonLow,CN Non-Low,-0.175384494
ACH-000334,1.0064335004,1.00463334139925,CN-NonLow,CN Non-Low,-0.4353371795
ACH-000367,1.0796988714,1.05637464942966,CN-NonLow,CN Non-Low,-0.3485718722
ACH-000167,0.9801418758,0.985603802113062,CN-NonLow,CN Non-Low,-0.0121709652
ACH-000265,1.1555566594,1.10806048465098,CN-NonLow,CN Non-Low,0.0738526683
ACH-000371,1.0400182178,1.02858203583028,CN-NonLow,CN Non-Low,0.0656351298
ACH-000460,0.7847227874,0.835700004617647,CN-NonLow,CN Non-Low,-1.4485905242
ACH-000095,1.014894947,1.01070462118844,CN-NonLow,CN Non-Low,0.049498531
ACH-002001,1.0574853669,1.04088217005109,CN-NonLow,CN Non-Low,0.1401119582
ACH-000013,0.6816216193,0.749853122138944,CN-NonLow,CN Non-Low,-0.5113179551
ACH-000023,1.4549958114,1.2957205630827,CN-NonLow,CN Non-Low,0.0526333943
ACH-000754,1.5119097251,1.3287846165023,CN-NonLow,CN Non-Low,0.0812914865
ACH-000132,1.0502102635,1.03577187585416,CN-NonLow,CN Non-Low,0.0052696499
ACH-000768,0.7381075743,0.797517375654237,CN-NonLow,CN Non-Low,-0.0798276591
ACH-000151,0.9888832445,0.991958586616664,CN-NonLow,CN Non-Low,-0.0834362316
ACH-001548,1.0494598694,1.03524374074876,CN-NonLow,CN Non-Low,-0.2161028116
ACH-001228,0.8433988736,0.882368274279575,CN-NonLow,CN Non-Low,-0.1995412067
ACH-000585,1.1194258747,1.083673510119,CN-NonLow,CN Non-Low,-0.1749128979
ACH-000793,1.1896448965,1.13069692115176,CN-NonLow,CN Non-Low,-0.0565670563
ACH-000882,0.871154796,0.903928914101839,CN-NonLow,CN Non-Low,-0.1285269914
ACH-000620,1.0388085548,1.02772631188822,CN-NonLow,CN Non-Low,-0.1244828403
ACH-000872,1.1000011256,1.07039010117573,CN-NonLow,CN Non-Low,-0.1386224556
ACH-000037,1.7832821704,1.47678717715705,CN-NonLow,CN Non-Low,0.0214347178
ACH-003573,0.8571977688,0.893127452793484,CN-NonLow,CN Non-Low,-0.0982905869
ACH-000146,1.0653984595,1.04642013519926,CN-NonLow,CN Non-Low,-0.4104087977
ACH-000192,0.8540763795,0.890700677650679,CN-NonLow,CN Non-Low,-1.0185996993
ACH-000189,1.0347018399,1.02481740106991,CN-NonLow,CN Non-Low,0.0458802933
ACH-001275,1.0048442833,1.00349018658792,CN-NonLow,CN Non-Low,0.016067559
ACH-002485,0.9661520775,0.975374915254157,CN-NonLow,CN Non-Low,-0.0546768819
ACH-000498,1.0735869202,1.05212852311232,CN-NonLow,CN Non-Low,-0.3827940707
ACH-000520,0.8351926958,0.875931554446929,CN-NonLow,CN Non-Low,0.0881125464
ACH-002283,1.063697627,1.04523160255167,CN-NonLow,CN Non-Low,0.0913004105
ACH-000456,0.9985193773,0.998931560949048,CN-NonLow,CN Non-Low,-0.2271460162
ACH-001036,0.9896742176,0.992532228191406,CN-NonLow,CN Non-Low,-0.1412258676
ACH-000676,0.8406394111,0.880207024422141,CN-NonLow,CN Non-Low,0.0588822558
ACH-002446,1.426385557,1.27880881549374,CN-NonLow,CN Non-Low,-0.1121657207
ACH-000276,1.0232623648,1.01668341226059,CN-NonLow,CN Non-Low,0.1444798729
ACH-000614,1.0423828117,1.03025330146543,CN-NonLow,CN Non-Low,-0.0741446336
ACH-001494,0.9118958722,0.935003951795934,CN-NonLow,CN Non-Low,-0.1066967254
ACH-000478,0.7926962189,0.842131037220605,CN-NonLow,CN Non-Low,-0.7991311496
ACH-000944,1.1402972881,1.09781120142983,CN-NonLow,CN Non-Low,0.0409284562
ACH-002080,1.3643691127,1.24145527895571,CN-NonLow,CN Non-Low,0.1566161029
ACH-000720,1.3852054799,1.2541135564041,CN-NonLow,CN Non-Low,-0.1810239701
ACH-000147,1.0721018732,1.05109493369411,CN-NonLow,CN Non-Low,-0.0947008264
ACH-000070,1.0478723638,1.03412580037158,CN-NonLow,CN Non-Low,-0.2244203881
ACH-000861,1.274198461,1.18535815845494,CN-NonLow,CN Non-Low,0.0338850235
ACH-000845,0.9100066543,0.933577664496044,CN-NonLow,CN Non-Low,-0.457897132
ACH-002523,0.9818673942,0.986860435718078,CN-NonLow,CN Non-Low,-0.0592894582
ACH-000979,1.1215453831,1.08511554041183,CN-NonLow,CN Non-Low,-0.0545340325
ACH-000202,1.3469002404,1.23075651858072,CN-NonLow,CN Non-Low,-0.0690448604
ACH-001020,1.03742986,1.0267503943759,CN-NonLow,CN Non-Low,0.0691681294
ACH-000977,1.0092258747,1.00663975918918,CN-NonLow,CN Non-Low,0.0150932311
ACH-000226,1.0162215054,1.01165414438719,CN-NonLow,CN Non-Low,-0.0511445137
ACH-002069,1.2257374582,1.15428342642147,CN-NonLow,CN Non-Low,0.0018510197
ACH-000182,1.1417659945,1.09880086243344,CN-NonLow,CN Non-Low,0.1070634605
ACH-003273,0.9358167133,0.952942362048992,CN-NonLow,CN Non-Low,-0.1670684886
ACH-000718,1.028395427,1.02033892697732,CN-NonLow,CN Non-Low,-0.9310969607
ACH-002070,1.0227320382,1.01630521126274,CN-NonLow,CN Non-Low,-0.0798864639
ACH-000623,1.071832153,1.05090712954807,CN-NonLow,CN Non-Low,-0.1888310471
