ModelID,Expression,Chronos
ACH-001289,4.6404995918,-0.3947467495
ACH-001538,5.5331645012,-0.4823303643
ACH-000242,5.6489343643,-0.3446726727
ACH-000233,4.4886822701,-0.4727264548
ACH-000461,5.1019611359,-0.378404419
ACH-001794,5.1027884483,-0.1582082987
ACH-002023,5.6431751251,-0.3182976392
ACH-000528,5.4437689781,-0.1291439721
ACH-001655,3.0334441662,-0.5735607869
ACH-000167,4.7486009598,-0.2199172292
ACH-000792,4.6673755646,-0.5437583762
ACH-001098,5.6114735603,-0.1264430213
ACH-000570,5.2931275368,-0.5338187164
ACH-002040,4.0208220482,-0.3557751819
ACH-000769,4.7212634087,-0.3942230243
ACH-000421,4.8188047409,-0.4920891726
ACH-000765,5.1285243034,-0.2957586235
ACH-001375,4.3823904991,-0.4369621775
ACH-001814,5.0244040489,-0.6662959387
ACH-000800,4.3180999756,-0.4632584591
ACH-000606,5.2170834541,-0.1265239039
ACH-000317,4.8262944221,-0.4964369629
ACH-000123,4.769528389,-0.1266448381
ACH-002066,5.3689184189,-0.5275866467
ACH-001536,3.2166023254,-0.8368863535
ACH-000313,5.4436297417,-0.1388172645
ACH-002019,4.8754997253,-0.2006844236
ACH-000700,3.9490213394,-0.9651874954
ACH-000823,4.3506102562,-0.221840476
ACH-002029,5.2594418526,-0.3597622097
ACH-001377,5.3454957008,-0.2786195909
ACH-000754,3.5612406731,-0.4741944839
ACH-000138,4.8097901344,-1.5802412345
ACH-001864,5.2040858269,-0.3217658581
ACH-000383,4.8886361122,-1.3444378073
ACH-001547,5.2811307907,0.0076107614
ACH-000917,4.5143117905,-0.6452024392
ACH-002471,5.6082091331,-0.4666834183
ACH-000984,5.2013988495,-0.2518906757
ACH-002678,5.2037882805,-0.3253225714
ACH-001409,5.4858903885,-0.3298036113
ACH-001707,4.3559184074,-0.2801239622
ACH-000633,4.7423834801,-0.2374796894
ACH-000520,3.4364283085,-1.5003523304
ACH-000176,5.3825325966,-0.7228175855
ACH-000017,4.4416360855,-0.4209614213
ACH-001385,3.8578615189,-0.2192943138
ACH-000587,4.9490303993,-0.2505645599
ACH-000785,3.9932396412,-2.0217401487
ACH-002142,6.1268839836,-0.266318039
ACH-000554,3.4521987438,-0.2490595501
ACH-003180,5.3175969124,-0.5343500788
ACH-001398,4.2702074051,-0.1450071849
ACH-001991,5.4811406136,-0.0884288255
ACH-001332,5.3512573242,-0.4016638773
ACH-000585,4.0773968697,-0.6025087336
ACH-000550,4.7844305038,-0.8889441323
ACH-000627,5.3212895393,-0.8511977749
ACH-000704,3.9871661663,-0.8197749407
ACH-000276,5.3834795952,-0.1830853847
ACH-000075,4.7642507553,-1.5497481371
ACH-003184,4.6293334961,-0.4456693463
ACH-001616,4.3880033493,-0.0564798319
ACH-000941,4.4471297264,-0.4301537101
ACH-000269,4.4862961769,-0.5501201481
ACH-001670,4.4386320114,-0.3032977478
ACH-000856,4.9578728676,-0.0886335278
ACH-002687,4.3520312309,-1.2207248175
ACH-001119,4.690495491,-0.3268244151
ACH-000376,4.8683509827,-0.5432482907
ACH-000685,3.8536365032,-0.4350965051
ACH-001283,5.397919178,0.0005701532
ACH-000880,4.5060305595,-0.9841610301
ACH-000035,5.3980255127,-0.7534378042
ACH-000322,4.8129706383,-0.4244227588
ACH-000552,4.9024691582,-0.2521977844
ACH-002508,3.8355503082,-1.8788504682
ACH-000222,4.3127593994,-1.0076260081
ACH-000260,4.7844305038,-0.3607052018
ACH-001652,3.9955568314,-0.3430822823
ACH-000608,4.6868872643,-0.4069676883
ACH-000501,4.1012129784,-0.5040202412
ACH-002033,3.9137797356,-0.2653405788
ACH-001184,4.139526844,-1.0373580893
ACH-001688,2.282943964,-0.1604758525
ACH-001838,5.8136296272,-0.1665702961
ACH-000638,5.2378582954,-0.270333774
ACH-000798,5.2554140091,-0.048728566
ACH-000894,4.4335136414,-0.2108278953
ACH-001559,5.3914170265,-0.1265229747
ACH-000344,4.5400271416,-0.395863374
ACH-000223,3.7461407185,-2.0951535033
ACH-001861,5.8546266556,-0.035865408
ACH-000946,4.8793821335,-0.1217546961
ACH-000596,5.1022715569,-0.6316156428
ACH-000632,5.2316551208,-0.2260516921
ACH-000978,4.5957841873,-0.5915072849
ACH-000332,5.469162941,-0.1544586251
ACH-001841,6.053841114,-0.2506170002
ACH-003273,5.6355195045,-0.5599968586
ACH-000887,5.0587668419,-0.7740431919
ACH-000368,4.9967546463,-0.4043491271
ACH-001611,4.478913784,-0.6496590372
ACH-000406,4.9531068802,-0.2327740896
ACH-000441,5.2472062111,-0.187607628
ACH-000960,5.2974481583,-0.2357326607
ACH-000098,4.8135194778,-0.97204603
ACH-001651,4.3249187469,-0.1266487279
ACH-001336,4.6657624245,-0.3511788784
ACH-000971,5.3927845955,-0.1790104065
ACH-003065,4.8825697899,-0.4956480565
ACH-001454,5.3877968788,-0.2304894825
ACH-000926,5.2211966515,-0.3276839316
ACH-000576,4.485742569,0.032451839
ACH-000019,4.3020629883,0.0569026992
ACH-001577,4.3482394218,-0.4263831993
ACH-000330,3.7071051598,-0.5014294254
ACH-000848,4.1725516319,-0.181976734
ACH-000481,4.9980239868,-0.2733958479
ACH-001517,3.8492085934,-0.3049105324
ACH-000338,5.2105016708,-0.3318862474
ACH-001959,5.3453397751,-0.2081073026
ACH-001414,5.4517617226,-0.0519286713
ACH-001227,5.3192062378,-0.305416291
ACH-000871,6.0295610428,-0.2663998682
ACH-001403,4.6541318893,-0.4779302651
ACH-000805,4.7794542313,-0.355821694
ACH-001554,4.8267469406,-0.5223448561
ACH-000847,4.2325148582,-0.4328834885
ACH-000832,4.9518346786,-0.2744408847
ACH-001975,4.6172513962,-0.4919918395
ACH-001382,4.3123965263,-1.029065571
ACH-001302,5.4623012543,-0.0906820192
ACH-001134,2.5510804653,-0.5845872805
ACH-000914,5.3383889198,-0.3296440705
ACH-000858,3.4975867271,-0.4523374796
ACH-001421,4.9198122025,-0.3715719424
ACH-000544,3.7323343754,-0.3848601489
ACH-000725,4.4120292664,-0.338172544
ACH-003064,5.5336723328,-0.4269298839
ACH-000760,5.4092583656,-0.1988366474
ACH-001745,3.8839139938,-1.0214092341
ACH-000787,4.8001027107,-0.28688307
ACH-000749,4.7398319244,-0.2942266026
ACH-001691,4.3903307915,-1.8962871605
ACH-001328,5.6797671318,-0.3097375698
ACH-001502,4.4118599892,-0.0380784479
ACH-001654,4.6949081421,-0.3319471433
ACH-001521,5.9736433029,-0.4735125854
ACH-000209,3.7970130444,-0.1527919772
ACH-001520,3.2721157074,-0.0424452562
ACH-000213,5.4362416267,-0.1235442239
ACH-001610,5.2543826103,-0.5351039612
ACH-001408,5.0434799194,-1.2470949973
ACH-000991,6.3871073723,-0.2252671162
ACH-001412,5.2626171112,-0.2763774264
ACH-000331,5.2123942375,-0.1272069947
ACH-001407,4.329791069,-2.5035970749
ACH-000580,5.5740804672,-0.3015241506
ACH-000684,4.0134620667,-0.5127923599
ACH-000732,4.0541887283,-0.5969811906
ACH-001481,4.3783173561,-0.4703787448
ACH-000310,4.6933197975,-0.3148652079
ACH-002475,4.8132987022,-0.363236616
ACH-000234,4.3658394814,-0.3206853234
ACH-001498,5.054210186,-0.128621484
ACH-000896,5.2174015045,-0.4932295336
ACH-000203,5.3321313858,-0.6189428018
ACH-001607,5.2941904068,-0.1183117253
ACH-002706,4.5780267715,-0.2945697883
ACH-002780,5.4333200455,-0.0595777678
ACH-000677,5.0473942757,-0.1265338987
ACH-000055,4.132215023,-0.2579448134
ACH-000485,5.8338260651,-0.1581384507
ACH-000672,4.7146630287,-0.2410566076
ACH-000784,3.4072520733,-0.412501085
ACH-002024,5.5825018883,-0.5902153863
ACH-001737,5.4402513504,-0.8704420815
ACH-001400,2.6204197407,-0.7427823045
ACH-001054,3.3824431896,-0.4477410135
ACH-001695,4.6411471367,-0.2665707441
ACH-000009,4.6203575134,-0.5901511697
ACH-000491,4.706823349,-0.2389424046
ACH-001568,3.2743809223,-0.2540002896
ACH-000993,4.6439714432,-0.1732333158
ACH-002680,5.7700309753,-0.3547202208
ACH-000711,3.9003257751,-2.0191808889
ACH-001515,5.4412078857,-0.2808746473
ACH-002847,5.3784666061,-0.1809044705
ACH-000702,4.9699840546,-0.3688354401
ACH-001020,4.5787272453,-0.3492090826
ACH-000354,4.2291417122,-1.1676132166
ACH-000012,5.0229716301,-0.3145560862
ACH-002533,4.7666535378,-0.6285063415
ACH-000459,5.244658947,-0.122238105
ACH-001413,4.2369441986,-1.2426643571
ACH-000208,5.0228381157,-0.3840259573
ACH-000249,4.659907341,-0.1068096093
ACH-001368,4.3023042679,-0.5076343868
ACH-000231,5.411216259,-0.2080174783
ACH-000945,4.5959215164,-1.070047839
ACH-000662,5.1615610123,-0.1881077479
ACH-002458,4.9101281166,-0.3857356464
ACH-001029,6.1007609367,-0.2049074378
ACH-000248,4.671236515,-0.1465448031
ACH-000943,4.2910065651,-0.1539063192
ACH-001696,3.5029287338,-0.5159073725
ACH-001016,6.378010273,-0.073264552
ACH-002215,4.8029894829,-0.2378398476
ACH-000261,4.1204099655,-0.4420143345
ACH-000164,4.4918336868,-0.35359875
ACH-001793,5.3279390335,-0.1228453461
ACH-000262,4.8299460411,-0.323899233
ACH-000773,4.5840544701,-0.0655254315
ACH-000722,5.0228648186,-0.4123135575
ACH-001129,5.6286687851,-0.4174076701
ACH-001619,4.520321846,-0.1188668749
ACH-000329,4.9815602303,-0.1349141551
ACH-002544,4.8123135567,-0.3548178722
ACH-002499,4.6729741096,-0.3010670152
ACH-001701,5.5012574196,-0.258417112
ACH-000197,5.3640890121,-0.3462663195
ACH-000545,5.0035843849,-0.542169257
ACH-000124,4.7109441757,-0.2831551593
ACH-001626,3.9849812984,-0.680407805
ACH-000619,4.5062022209,-0.6367938319
ACH-001973,5.7854876518,-0.2747492639
ACH-001340,4.5209059715,-1.7157932012
ACH-000546,5.2782373428,-0.5482667402
ACH-001709,5.2006258965,-0.0969834073
ACH-002018,5.0849275589,-0.5214677576
ACH-000153,5.4878177643,-0.6204199857
ACH-000116,5.9480495453,-0.3641597047
ACH-001270,3.6443870068,-0.4944965828
ACH-002523,4.4437990189,-0.2705196581
ACH-000324,5.3255734444,-0.2849125866
ACH-000898,5.6402564049,-0.2423430293
ACH-000517,4.0748476982,-2.4423293114
ACH-001415,6.0546855927,-0.3287077
ACH-000681,4.4213442802,-0.1443656361
ACH-001310,5.5362176895,-0.6984865639
ACH-000070,4.9130759239,-0.0722180827
ACH-000484,5.5243835449,0.0234995218
ACH-000108,5.0881752968,-0.3812362807
ACH-000656,4.6158103943,-0.2302252386
ACH-000997,5.3410248756,-0.1601663779
ACH-000866,5.5837206841,-0.1424463255
ACH-000819,4.8846416473,-0.5226947663
ACH-000226,5.146463871,-0.2264067622
ACH-000087,5.1078300476,-0.4238841859
ACH-002005,5.2876238823,-0.2062304162
ACH-000758,5.7605004311,-1.3748114785
ACH-000258,4.3915133476,-0.4544815228
ACH-000163,5.458129406,-0.3100286805
ACH-000076,5.7499175072,-0.074216529
ACH-001193,5.1488771439,-0.0958963486
ACH-000571,4.5651278496,-0.6115653593
ACH-000391,4.7525668144,-0.2643840642
ACH-000293,4.3992943764,-0.3004197194
ACH-000532,3.8680446148,-0.2700683468
ACH-000584,6.4906358719,-0.1952962086
ACH-001690,3.6754546165,-1.8071224286
ACH-000944,4.55194664,-0.1521970348
ACH-000561,4.8345293999,-0.4954994991
ACH-001648,6.3922128677,-0.1082124664
ACH-000204,5.6624903679,-0.2003948078
ACH-000160,4.3821897507,-0.3152261781
ACH-001347,5.7199473381,-0.7566267843
ACH-000268,4.8362827301,-0.5996141057
ACH-001341,4.6170811653,-0.3701223098
ACH-000714,5.8702216148,-0.196374589
ACH-000937,5.5918979645,-0.1616188842
ACH-000763,5.0579786301,-0.4104988463
ACH-002834,4.3891191483,-0.6644334503
ACH-001673,4.7443761826,-0.2364479808
ACH-000326,3.6623308659,-0.4894155722
ACH-000901,3.7451512814,-0.6831972298
ACH-000511,5.8874545097,-0.2271220159
ACH-002077,5.4402012825,-0.505018386
ACH-000583,4.7605614662,-0.4280750876
ACH-000836,4.7805776596,-0.3174175229
ACH-000975,4.5783228874,-0.3945726096
ACH-000467,3.9175367355,-0.507579616
ACH-000671,4.0242400169,-0.2539116711
ACH-002708,5.2159891129,-0.2398698257
ACH-000864,3.9598164558,-0.6827068038
ACH-002067,5.7947173119,-0.6413160246
ACH-001461,3.4220244884,-1.0438820988
ACH-000890,4.9855732918,-0.7767322885
ACH-001692,4.5458693504,-1.4083696175
ACH-003185,3.7574605942,-0.3612380305
ACH-000562,4.8242588043,-0.3624805792
ACH-000748,5.1179819107,-0.2062920099
ACH-001669,4.7641601562,-0.138245923
ACH-000834,5.0557508469,-0.5761938464
ACH-000565,4.6899924278,-0.722929514
ACH-002080,4.2044692039,-0.212224933
ACH-000770,5.5358695984,-0.2063754306
ACH-000507,4.9631733894,-0.446601353
ACH-000022,4.7882890701,-0.4674233683
ACH-001668,3.0773284435,-0.3467627485
ACH-000334,5.0487856865,-0.5041427728
ACH-000374,6.3358511925,-0.1406907467
ACH-000519,5.0711965561,-0.2186187415
ACH-002003,4.7729520798,-0.2130671132
ACH-000148,4.6487989426,-0.4764425979
ACH-002461,4.9945478439,-1.304098248
ACH-000646,3.2675118446,-0.2990886765
ACH-003190,3.597411871,-0.3812492166
ACH-000040,5.5028972626,-0.304389351
ACH-000430,4.4123888016,0.0462038298
ACH-001041,5.6882448196,-0.2467988347
ACH-001977,4.7947435379,-0.5723215872
ACH-000370,4.7542619705,-0.5210755626
ACH-001630,5.0388836861,-0.1888325517
ACH-000437,5.7618889809,-1.0943560341
ACH-000498,4.8513393402,-0.4208363246
ACH-001392,3.734210968,-0.3035088498
ACH-000503,5.1172418594,-0.390306317
ACH-002778,3.5654630661,-0.9227197148
ACH-000403,4.6907525063,-1.7823086182
ACH-000318,4.3197770119,-0.1811867353
ACH-001430,5.8948736191,-0.11018507
ACH-000928,5.3694353104,-0.418439079
ACH-000889,5.0530676842,-0.3521002627
ACH-000799,5.1691474915,-0.412691332
ACH-001623,5.1278810501,-0.5374432598
ACH-000736,4.7159919739,-0.3753299705
ACH-000876,4.0754556656,-0.2263940547
ACH-001232,5.2331519127,-0.2415247764
ACH-001618,4.0725259781,-0.1449817049
ACH-002650,4.0969872475,-2.3829578472
ACH-000235,5.0705137253,-0.5200881546
ACH-000381,3.8115532398,-0.10860795
ACH-001993,7.3560028076,-0.3166357553
ACH-001301,5.1749973297,-0.1510255798
ACH-000187,5.4261269569,-0.2052167741
ACH-000569,4.7587881088,-0.2118863266
ACH-000668,6.0418300629,-0.2564991594
ACH-000924,4.6638627052,-0.293911889
ACH-001450,4.621260643,0.1089645607
ACH-000296,4.1509008408,-0.0642661608
ACH-000713,5.0659213066,-0.644303223
ACH-001360,4.0740942955,-0.2191679718
ACH-000273,4.4946908951,-1.2556315319
ACH-001715,5.1602506638,-1.2256698881
ACH-000639,6.5758914948,-0.1142296982
ACH-000094,5.5936527252,-0.3185121718
ACH-000361,4.2920308113,-0.254515569
ACH-000719,4.2086186409,-0.8637464326
ACH-001396,3.6841342449,-0.2534762669
ACH-001848,5.0124969482,-0.1478715096
ACH-000339,4.8498539925,-0.8033308846
ACH-002048,3.5567114353,-0.7142194472
ACH-002486,4.9365816116,-0.3887930961
ACH-002711,5.4145717621,-0.5980305309
ACH-000215,4.8833618164,-0.4645997049
ACH-001001,4.8728680611,-0.2543078595
ACH-000407,3.0684678555,-1.325531303
ACH-002027,5.0779733658,-0.0071268787
ACH-001278,4.8718533516,-0.1955716201
ACH-003573,4.974070549,-0.4508981729
ACH-001419,3.8718831539,-0.8504652211
ACH-000865,4.086359024,-0.4964487841
ACH-001523,4.6681985855,-0.3417664634
ACH-002030,4.8303160667,-0.3046227997
ACH-000024,5.491859436,-0.2188849853
ACH-000599,5.1849584579,-0.5311632422
ACH-000263,4.8086681366,-0.2180052946
ACH-003191,4.5077185631,-0.8285989785
ACH-000303,3.9271948338,-0.2629026833
ACH-001551,4.3845262527,-0.5121356057
ACH-000793,5.3474636078,-0.2418315293
ACH-002511,5.1846256256,-0.23249755
ACH-000286,3.7408735752,-1.0101395795
ACH-000250,4.2866296768,-0.4805708793
ACH-000299,4.9660797119,-0.6186513601
ACH-000139,4.3621053696,-0.6659710438
ACH-001735,5.5846438408,-0.1744157385
ACH-001389,4.8309702873,-0.1731132823
ACH-001183,5.0004463196,-0.3455755176
ACH-000551,3.4850919247,-0.4307926926
ACH-001163,4.9299139977,-0.2810743049
ACH-000037,4.7541232109,-0.3529264459
ACH-000420,4.4359021187,-0.4937187086
ACH-000336,4.8511142731,-0.1645239464
ACH-000486,4.7624549866,-0.2873286445
ACH-001557,4.9140911102,-0.778033797
ACH-000247,5.4692153931,-0.0190633629
ACH-000947,4.9598212242,-0.2320368922
ACH-000807,5.1452903748,-0.2526223549
ACH-000476,4.3291592598,-0.0934180916
ACH-000525,4.898788929,-0.3213744919
ACH-000853,4.669860363,-0.4657873197
ACH-000479,5.5124578476,-0.1033172166
ACH-001664,4.948843956,-0.1901840592
ACH-002705,5.6223649979,-0.3228109581
ACH-002490,5.7698459625,-0.7232508594
ACH-001683,5.0960130692,-0.1929887807
ACH-001990,5.5040068626,-0.1781508745
ACH-001647,4.1260890961,-0.4130844919
ACH-002043,4.5058908463,-0.186576641
ACH-001649,5.4098863602,-0.0082615518
ACH-000155,3.6578571796,-1.4455607234
ACH-003177,4.3766236305,-0.6248675199
ACH-000683,5.0033144951,-0.31817233
ACH-000655,4.4293951988,-0.6010641409
ACH-000145,5.3136487007,-0.3153467541
ACH-001495,3.8130218983,-0.3512073539
ACH-000188,3.9532651901,-0.4086767919
ACH-000146,5.1594958305,-0.2106386754
ACH-000415,4.2552890778,-0.5888095917
ACH-001518,5.1183223724,-0.2676615434
ACH-001625,4.7382650375,-0.7846231884
ACH-002400,5.2519574165,-0.2770579572
ACH-000851,4.4697818756,-0.4339954479
ACH-000824,4.5000882149,-0.1631686854
ACH-000983,5.0253829956,-0.1699750775
ACH-000541,4.8961844444,-0.0211998818
ACH-002460,4.9749283791,-0.6276542409
ACH-000111,4.8850226402,-0.0447721364
ACH-002463,4.7835507393,-0.1486266555
ACH-002928,5.0793142319,-0.384938068
ACH-003176,5.287812233,-0.1384043174
ACH-000618,5.6390032768,-0.2536677968
ACH-000470,4.6047654152,-0.5716379679
ACH-002039,5.3277878761,-1.7455498435
ACH-000118,5.245906353,-0.1350011554
ACH-000614,5.6336607933,-0.4126404915
ACH-001338,4.7582497597,-0.3931612614
ACH-000556,5.1300826073,-0.2877221233
ACH-001804,5.4790492058,-0.3637202914
ACH-001386,5.6535930634,-0.2828827909
ACH-001525,3.7452373505,-1.145928627
ACH-001539,5.0011491776,0.0042300197
ACH-000014,4.7968468666,-0.1645435442
ACH-002785,5.4610209465,-0.1334145908
ACH-000637,4.8313045502,-0.361817956
ACH-002693,3.7308681011,-0.4396159006
ACH-000455,4.7321062088,-0.6475053301
ACH-000389,5.3534255028,-0.0423032925
ACH-002710,5.5595898628,-0.2781136119
ACH-000490,4.8965530396,-0.3580691838
ACH-000434,3.5356547832,-1.107293991
ACH-002042,5.2594985962,-0.5209153887
ACH-000597,5.0857133865,-0.3079287415
ACH-002923,3.3189573288,-0.718526146
ACH-000756,4.9783010483,-0.504914745
ACH-000396,4.9120845795,-0.1832481205
ACH-002478,5.0565619469,-0.3769710254
ACH-000371,4.7122602463,-0.120239214
ACH-000265,4.652033329,-0.3137342177
ACH-000132,4.9436354637,-1.028485407
ACH-000216,5.5124669075,-0.2158560984
ACH-000855,5.2111210823,-0.2764262233
ACH-000906,4.3645305634,-0.3095922068
ACH-000348,5.1336746216,-0.5643859121
ACH-000238,5.1891841888,-0.2295618721
ACH-000237,4.8418273926,-0.9463396232
ACH-000393,4.7372813225,-0.6117603471
ACH-000623,4.7361450195,-0.6489186309
ACH-000359,4.6012506485,-1.3045668878
ACH-001028,3.744161129,-0.2271833563
ACH-000621,4.1510958672,-1.104582986
ACH-001641,6.441883564,-0.2002054395
ACH-000483,4.6339893341,-0.6398541992
ACH-000514,5.5027632713,-0.4953675175
ACH-000936,5.131251812,-0.323769799
ACH-000716,4.4632496834,-0.4076638535
ACH-000988,5.3184614182,-0.1265029218
ACH-000609,5.1993346214,-0.2645351375
ACH-001411,5.1398339272,-0.0548426542
ACH-000504,4.9394898415,-0.2378594018
ACH-002677,5.0435633659,-0.2946114203
ACH-000956,5.4510760307,-0.3083157201
ACH-002709,5.5835971832,-0.3190229721
ACH-000652,4.214202404,-1.3497237697
ACH-000414,4.081510067,-0.2679632275
ACH-000472,3.2973191738,-0.7531168916
ACH-000007,5.1775631905,-0.0592854952
ACH-000446,3.7088384628,-1.0499863949
ACH-001850,5.7754721642,-0.6137419284
ACH-000028,4.2511510849,-0.2716140467
ACH-000665,5.3784489632,-0.2597684202
ACH-000078,3.6171927452,-0.2338526272
ACH-002046,5.2483224869,-0.5030006966
ACH-000397,4.7397398949,-0.8100478305
ACH-002925,3.6136848927,-0.444982643
ACH-000518,4.9640936852,-0.3694345573
ACH-001566,4.1979832649,-0.2530375295
ACH-000252,5.0631575584,-0.3753021668
ACH-001605,5.7812104225,-0.5038590263
ACH-002522,5.0096516609,-0.4800510687
ACH-000277,4.7911109924,-0.3460130152
ACH-001239,4.9617624283,-0.1244755063
ACH-001970,5.7038564682,-0.198463692
ACH-000537,4.6250777245,-0.5074710966
ACH-002660,4.4189386368,-0.6150616393
ACH-002806,2.6560592651,-3.2481124732
ACH-002782,5.8237595558,-0.2987484201
ACH-000724,5.7179040909,-0.2699474109
ACH-000522,4.4537086487,-0.2120144445
ACH-001549,4.6610369682,-0.3888096086
ACH-000706,5.2968425751,-0.1616977981
ACH-000548,4.2822246552,-2.5952892403
ACH-001839,5.2528014183,-0.1031986957
ACH-001799,4.6643748283,-0.3329011044
ACH-001205,5.4488182068,-0.5057799969
ACH-000425,3.6622054577,-0.4138048198
ACH-000375,4.4013166428,-0.9560854789
ACH-000753,4.949464798,-0.2088184235
ACH-000735,4.293510437,-0.4440148649
ACH-000654,4.6501841545,-0.4370044501
ACH-001067,4.8178839684,-0.2721134785
ACH-001394,4.6661996841,-0.131350004
ACH-001433,5.4201455116,-0.4363022344
ACH-000404,4.7787132263,-0.0211203476
ACH-000882,4.1259651184,-0.2109091344
ACH-001509,4.9922924042,-0.3347439858
ACH-000210,4.7074861526,-0.1294038473
ACH-000604,2.6875400543,-0.0419846748
ACH-000090,4.9202885628,-0.1859448871
ACH-000195,4.9309406281,-0.5036425796
ACH-001791,2.6340193748,-0.151585212
ACH-001650,4.8350248337,-0.2844471741
ACH-000605,4.4911990166,-0.5425318733
ACH-000458,5.6249198914,-0.3843508557
ACH-002084,5.7489228249,-0.2417381016
ACH-000004,4.365503788,-0.6209563206
ACH-000251,4.7411489487,-0.8874308749
ACH-001194,4.4707255363,-0.5438543935
ACH-002055,4.8481373787,-0.2767363075
ACH-001443,4.737859726,-0.322076209
ACH-000688,4.9533815384,-0.1215957187
ACH-000405,4.7316775322,-0.3183763688
ACH-000821,5.1111564636,-0.0996111872
ACH-001677,5.4757852554,-0.2591946902
ACH-002526,5.2024412155,-0.4841640363
ACH-001627,4.6370944977,-0.1282060583
ACH-001036,4.5695581436,-0.5771081592
ACH-002792,5.7199501991,-0.1720321325
ACH-000547,4.5913743973,-0.588917898
ACH-000826,5.0512371063,-1.1331948746
ACH-001986,4.8793382645,-0.2451429325
ACH-002470,4.1114988327,-0.8439220795
ACH-000018,5.3227214813,-0.4362190377
ACH-000721,4.8303718567,-0.2373224967
ACH-000092,4.9627571106,-0.2635730112
ACH-001099,4.9442586899,-0.537968422
ACH-000648,4.2244186401,-0.4309427832
ACH-000950,4.8221592903,-0.1568802071
ACH-002051,5.1668763161,-0.197284046
ACH-000367,5.3904166222,-0.3318602155
ACH-000589,4.0931968689,-0.6772026035
ACH-001522,4.7858014107,-0.3167913969
ACH-000831,3.8198726177,-0.5987362077
ACH-000424,5.6056303978,-0.0540059555
ACH-000616,5.6673388481,-0.419414121
ACH-000512,4.5738592148,-0.445625456
ACH-000232,4.2212662697,-0.3276617207
ACH-000820,4.9298901558,-0.7772948269
ACH-001295,4.5701956749,-0.1188946793
ACH-001164,4.0744538307,-0.0512409547
ACH-002524,5.0961818695,-0.0213722359
ACH-000645,4.8657851219,-0.1971226452
ACH-000099,4.2970151901,-0.2181653647
ACH-000649,5.2604622841,-0.3775259864
ACH-000086,4.3924136162,-0.290316126
ACH-000149,5.2280068398,-0.0404613334
ACH-002538,5.5305733681,-0.3119602495
ACH-000142,5.394071579,-1.719074536
ACH-002535,4.1321983337,-1.1456738157
ACH-000227,4.7764778137,-0.3300608535
ACH-000697,3.4377524853,-0.793139187
ACH-000264,3.9545035362,-0.357423794
ACH-000809,4.5080294609,-0.1755808184
ACH-000100,5.0064282417,-0.3784719329
ACH-000060,5.5003175735,-0.2242623449
ACH-000001,4.6976904869,-0.0239445909
ACH-000957,5.2575387955,-0.0317611863
ACH-001096,3.2988986969,-1.898545381
ACH-002799,4.5658349991,-0.8170154407
ACH-000239,5.1606459618,-0.4272337046
ACH-000762,5.043261528,-1.2718717621
ACH-000922,4.8449678421,-0.3008765435
ACH-002784,5.3118772507,-0.2099840283
ACH-001606,5.4125952721,-0.3571109421
ACH-000859,5.4956760406,-0.2176208951
ACH-000410,4.7747344971,-0.5091281132
ACH-001853,5.7384839058,-0.2275985127
ACH-000694,5.633913517,-0.2879644485
ACH-000935,4.7184271812,-0.4182737219
ACH-001563,4.9907870293,-0.0738969703
ACH-000974,4.4168329239,-0.0723837386
ACH-001719,4.2984895706,-1.0431179306
ACH-000243,5.1078009605,-0.6470440705
ACH-001418,4.6880235672,-1.5544742921
ACH-000362,4.8429536819,-0.1620705245
ACH-000843,4.263507843,-0.6871775762
ACH-002052,5.8341298103,-0.1357692511
ACH-000840,5.1543359756,-1.2084310798
ACH-001852,5.7165327072,-0.2986533026
ACH-001528,4.9162569046,-0.2742278193
ACH-001656,5.1988282204,-0.0793031511
ACH-001460,4.4650797844,-1.629628633
ACH-000592,5.5065894127,-0.2097961733
ACH-001192,5.4368014336,-0.2431371938
ACH-000045,4.586584568,-0.0133090907
ACH-000741,6.3001494408,-0.2912901326
ACH-000912,5.4596085548,-0.1337961996
ACH-000577,4.9800481796,-0.2825018604
ACH-000768,4.7337665558,-0.542657191
ACH-000667,4.51141119,-0.2898449939
ACH-000905,5.1895122528,-0.4782059295
ACH-001494,4.7547755241,-0.1458395855
ACH-000387,4.2678127289,-0.1581190147
ACH-002510,5.3907504082,-0.2320196068
ACH-001303,4.0041775703,-0.6748030764
ACH-000026,4.4725265503,-0.3357191459
ACH-000838,4.6107177734,-0.2276452792
ACH-001172,4.1795430183,-0.356279712
ACH-000822,5.0339250565,-0.5452414001
ACH-000527,5.0027832985,-0.4217007046
ACH-000279,5.2944440842,-0.718298456
ACH-000516,5.0632009506,-0.5395737457
ACH-001662,0.7384194136,-0.4310015671
ACH-001300,4.7239460945,-0.2801503282
ACH-000524,3.8777933121,-0.4475783735
ACH-000411,5.2991933823,-0.1213327634
ACH-000718,4.4173126221,-0.8286863499
ACH-000903,4.9084429741,-0.230151784
ACH-002021,5.0880103111,-0.4184055327
ACH-000433,4.2698187828,-0.6767794842
ACH-000499,4.7166070938,-0.4446539712
ACH-000278,4.1439323425,-1.3117602462
ACH-000202,4.2001357079,-0.3936748353
ACH-001736,5.7133822441,-0.2195147365
ACH-001379,6.0419306755,-0.4609598518
ACH-002070,5.2892370224,-0.2218773447
ACH-000128,4.7611203194,-0.3561154444
ACH-002528,5.8054986,-0.1600243072
ACH-000696,4.0369253159,-0.5190713733
ACH-000041,5.8198494911,-0.2786798336
ACH-000747,5.3643169403,-0.2145533446
ACH-003590,5.0948696136,-0.246275029
ACH-001307,5.026866436,-0.3314200075
ACH-000341,4.9793395996,-0.3750460609
ACH-001740,4.4714150429,-0.9292639923
ACH-000417,4.7617640495,-0.6768005656
ACH-003587,4.899078846,-0.4336568508
ACH-001393,5.3273677826,-0.2783605772
ACH-000120,5.4181833267,-0.316648763
ACH-001694,6.0020589828,-0.2535889029
ACH-001542,4.5877971649,-0.2977356772
ACH-000438,4.0090155602,-0.3517426414
ACH-001366,4.2482919693,-0.4128700213
ACH-000653,5.508605957,0.3481584778
ACH-001675,5.7891817093,-0.4520065987
ACH-000839,4.354868412,-0.5581034093
ACH-000673,5.6705799103,-0.258647743
ACH-001524,5.006814003,-1.2089308752
ACH-000323,5.1716551781,-0.3154027156
ACH-000021,4.8368077278,-0.1651774959
ACH-001863,5.4563527107,-0.4326090076
ACH-000980,5.335372448,-0.2548030637
ACH-000106,4.6751160622,-0.2689403629
ACH-000734,4.1889152527,-0.1093267709
ACH-001021,3.1068022251,-0.2367555898
ACH-000845,4.3956727982,-0.127719113
ACH-001982,5.5901107788,-0.1374379805
ACH-001334,5.1111316681,-0.9262276349
ACH-000698,6.5629444122,0.034792269
ACH-000802,4.375143528,-0.781230232
ACH-001836,5.4940028191,-0.0574306987
ACH-000573,4.5485844612,-1.7316589809
ACH-001699,5.797287941,-0.4713323363
ACH-000963,5.1867618561,-0.2833960371
ACH-001567,4.8606004715,-0.2360703586
ACH-001653,5.1993780136,-0.1888125376
ACH-001862,6.2045674324,-0.3764121925
ACH-000661,5.060488224,-0.4826463249
ACH-001500,5.4094352722,-0.4413018886
ACH-001190,5.3232870102,-0.1204134427
ACH-002467,5.0211019516,-0.2980050339
ACH-000364,4.7518815994,-0.3269892803
ACH-000448,4.8312487602,-0.187117831
ACH-000979,3.2990908623,-0.1766065567
ACH-000932,4.9232349396,-0.2020720453
ACH-000783,4.8881440163,-0.1203513008
ACH-002044,4.8479466438,-0.2177982778
ACH-000976,3.8751018047,-0.8392897327
ACH-001354,4.4341878891,-0.1600411096
ACH-001645,5.0855989456,-0.1062709513
ACH-000867,4.8729224205,-0.1147879583
ACH-000304,5.2412834167,-0.3135306724
ACH-002069,4.08893013,-0.8076313235
ACH-001374,4.9818754196,-0.3872931241
ACH-000302,3.3201482296,-0.2643137853
ACH-000305,3.7530481815,-0.4659640123
ACH-000766,4.5456223488,-1.9228462463
ACH-000533,4.6353597641,-0.461364514
ACH-000343,5.2239861488,-0.3224667149
ACH-000535,5.7289218903,-0.2271460447
ACH-000774,4.6112904549,-0.2638229437
ACH-000178,5.5496816635,-0.6396168081
ACH-001306,5.2530856133,-0.4834478576
ACH-000994,4.8566021919,-0.1990708632
ACH-001188,5.1974682808,-0.2321466672
ACH-000804,4.0566616058,-0.505214583
ACH-000011,4.4040312767,-0.0906218223
ACH-001603,4.9107756615,-0.4216695578
ACH-000829,4.4250159264,-0.2190044459
ACH-000141,4.9688835144,-0.2576976458
ACH-000810,4.8874864578,-0.2459843662
ACH-001145,4.825633049,-0.3955087412
ACH-000717,4.1476159096,-1.2621536878
ACH-000738,5.4263114929,-0.7003803896
ACH-001843,4.7207217216,-0.4388558456
ACH-002664,5.6433367729,-0.6863547197
ACH-001548,4.8988032341,-0.231770985
ACH-001555,5.0190300941,-0.1896223758
ACH-000969,3.922264576,-0.4022145255
ACH-000873,3.6672790051,-0.4678047699
ACH-001275,4.8202710152,-0.2634555317
ACH-002654,5.0259990692,-0.1935733263
ACH-001972,4.6818876266,-0.1905455219
ACH-000921,4.6453614235,-0.3281512402
ACH-002800,4.6970396042,-0.2515029366
ACH-000082,5.5342545509,-0.3134075444
ACH-000488,5.1115236282,-0.1271251421
ACH-000790,4.8740100861,-0.384559213
ACH-000172,5.0943417549,-0.2370897406
ACH-000647,4.301302433,-0.8331471855
ACH-000602,4.9714884758,-0.1842936251
ACH-002681,5.0943880081,-0.1868737995
ACH-001465,5.3750777245,-0.5306906916
ACH-003012,3.9017357826,-0.2050960462
ACH-002001,4.4500761032,-0.2793254231
ACH-000315,6.4110908508,-0.1081852791
ACH-002446,4.3281183243,-0.3859992657
ACH-000435,4.5244145393,-0.1927405061
ACH-000965,5.1619400978,-0.2662719855
ACH-001550,5.5656428337,-0.2834241106
ACH-002026,5.4720849991,-0.1821792733
ACH-000450,4.4685049057,-0.3574623642
ACH-002672,5.7079029083,-0.2580717775
ACH-000835,4.5785284042,-0.6163186829
ACH-001802,4.8258414268,-0.3063634343
ACH-003171,4.7224006653,-0.798463485
ACH-000874,3.5235619545,0.1215522059
ACH-000910,5.0311303139,-0.2831220531
ACH-001196,3.5730593204,-2.0115309692
ACH-001484,4.6202287674,-0.3074464804
ACH-000693,4.2707457542,-0.2185115626
ACH-000811,5.4142875671,-0.0853488447
ACH-000101,5.3577070236,-0.2867642559
ACH-000290,6.051132679,-0.2252435065
ACH-001497,4.0500836372,-0.5104172269
ACH-000817,4.8665075302,-0.2894931477
ACH-001556,5.2469592094,-0.2035295174
ACH-000378,4.6605577469,-1.0072330726
ACH-000913,5.199362278,-0.4570607062
ACH-000634,5.0934333801,-1.3031565131
ACH-002291,3.7111203671,-0.5888662738
ACH-001322,4.8987064362,-0.3450718609
ACH-000767,5.3141274452,-0.2641541928
ACH-001642,2.2761213779,-0.3196992544
ACH-001552,4.8588910103,-0.224496107
ACH-000879,4.789744854,-0.4033733242
ACH-001842,4.4866886139,-0.7515035024
ACH-002662,4.9377398491,-0.8291926547
ACH-000189,4.6848187447,-0.4214187446
ACH-000454,5.4459285736,-0.3167098006
ACH-000660,4.8462824821,-0.5451090435
ACH-001197,5.4387784004,-0.2987638629
ACH-000915,4.8270926476,-0.1714994122
ACH-000480,4.152402401,-0.3394293729
ACH-000161,4.9731888771,-0.1130631081
ACH-000395,5.3836627007,-0.3033373734
ACH-001459,4.2991786003,-1.2600978736
ACH-000916,4.4979953766,-0.880002552
ACH-001609,3.8764777184,-0.9452901399
ACH-001960,4.689204216,-0.2909960379
ACH-001856,4.6803860664,-0.2203965184
ACH-002433,3.6756238937,-1.3852043809
ACH-000295,5.3514800072,-0.1125323504
ACH-000292,5.0274195671,-0.4785749881
ACH-000137,4.965862751,-0.2551182291
ACH-000308,4.6522169113,-0.2340516369
ACH-000445,4.2980861664,-1.1866904259
ACH-001229,4.2712388039,-0.2401283008
ACH-000144,4.205947876,-0.9604211701
ACH-000837,5.3379821777,-0.2892959637
ACH-000048,4.7303195,-0.2473604029
ACH-000463,4.2941060066,-0.3824092114
ACH-000881,4.8744626045,-0.3083072149
ACH-001992,4.4129981995,-1.52669171
ACH-000147,4.6843194962,-0.5068519839
ACH-000899,5.7605032921,-0.1517364844
ACH-000366,4.7317261696,-0.5877832784
ACH-001526,4.9338183403,-0.4635523739
ACH-001329,5.1475834846,-0.1281511474
ACH-001676,5.4396233559,-0.1089352882
ACH-001280,5.5770845413,-0.406402996
ACH-002922,3.7289652824,-0.6140069828
ACH-000861,3.8970274925,-1.3153880139
ACH-000133,5.3651814461,-0.5388472739
ACH-001530,4.3044962883,-0.6843055448
ACH-000651,4.2079629898,-0.4673138307
ACH-000563,6.2395853996,-0.3992867754
ACH-000345,4.9892477989,-0.0086341923
ACH-000316,5.3036165237,-0.4769372957
ACH-000884,4.4097509384,-0.3999994567
ACH-001451,3.416418314,-0.2567306771
ACH-000355,4.1343522072,-1.1935772173
ACH-002926,5.0026531219,-0.2412770948
ACH-000962,4.5921821594,-0.4011229288
ACH-000473,5.2067918777,-0.3106386609
ACH-000192,4.3710432053,-0.4657101195
ACH-001624,3.7407224178,-1.0040940075
ACH-001344,4.8376708031,-0.1086730736
ACH-000757,4.3956594467,-0.1939938716
ACH-000054,5.3624277115,-0.1961730559
ACH-001318,4.29144907,-0.5573233417
ACH-000601,4.4569964409,-0.1494638149
ACH-001857,4.3765125275,-0.7457033544
ACH-000966,4.5110821724,-0.5241159301
ACH-000630,5.140504837,-0.294603387
ACH-000657,4.7705755234,-0.2826977872
ACH-000624,4.918639183,-0.0379884197
ACH-000699,4.1670770645,-1.7068387953
ACH-000740,4.5332579613,-0.4735323475
ACH-001416,6.3084101677,-0.327757711
ACH-000319,5.1217947006,-0.4017790946
ACH-000198,5.1388759613,-0.1221562483
ACH-000280,4.6818933487,-0.4513696081
ACH-001835,6.2324709892,-0.1559294245
ACH-000493,4.3638720512,-0.4279712762
ACH-000042,3.9176609516,-0.2220898545
ACH-002045,4.6767864227,-2.2871360868
ACH-000221,3.4023933411,-0.4221359735
ACH-000093,4.9754328728,-0.5536942148
ACH-000477,5.0614652634,-0.1239146199
ACH-000746,5.7362613678,-0.3607005489
ACH-000356,4.9211935997,-0.396725292
ACH-002060,5.4515967369,-0.3757042345
ACH-000244,5.1459054947,-0.2693006235
ACH-000255,4.4473810196,-0.3407900425
ACH-001038,4.8128008842,-0.3199121645
ACH-000352,4.5701169968,-0.3466230085
ACH-002016,5.2650766373,-0.0142358715
ACH-000416,3.5163807869,-1.5454958872
ACH-000862,6.1945285797,-0.3728843328
ACH-000401,5.4671816826,-0.423774426
ACH-003189,5.2506279945,-0.2225797967
ACH-000593,5.0152788162,-0.361063336
ACH-000182,4.7548661232,-0.4116321004
ACH-000442,4.5752215385,-0.2692530543
ACH-000159,4.4643025398,-0.8213644512
ACH-000907,4.7364535332,-0.1905924686
ACH-000191,4.8447170258,-0.2896567689
ACH-000103,4.6531457901,-0.6007151595
ACH-000739,4.202911377,-0.1818425484
ACH-001558,5.0575108528,-0.484734402
ACH-000206,4.8653993607,-0.2765317444
ACH-000841,3.9148037434,-2.1806440568
ACH-001613,6.0213484764,-0.112306351
ACH-001608,4.9986515045,-0.3799943066
ACH-000801,4.7120676041,-0.1057968846
ACH-000464,4.6567993164,-0.2448141451
ACH-000622,5.2338805199,-0.575370499
ACH-000452,3.9994227886,-0.574921251
ACH-001390,4.3561577797,-0.0695222207
ACH-001401,4.3437914848,-0.4777411208
ACH-000365,3.9962892532,-0.1590374483
ACH-001431,5.3394117355,-0.2839412349
ACH-000475,3.2679476738,-0.4057920693
ACH-000860,4.404296875,-0.288627333
ACH-000074,4.4266138077,-0.2038992513
ACH-000377,4.8012671471,-0.3926994923
ACH-001562,5.3571333885,-0.0672052136
ACH-000259,4.3025822639,-0.2086255111
ACH-002801,5.0169153214,-0.5071162715
ACH-001388,3.3160574436,-0.2536484332
ACH-002025,5.4572200775,-0.9868737285
ACH-002688,5.0215239525,-1.0167105226
ACH-000720,4.6522169113,-1.1928043719
ACH-000095,4.0646500587,-0.0711715809
ACH-001345,5.254049778,-0.0280419761
ACH-000558,4.8433103561,-0.7192967999
ACH-000664,3.9300370216,-0.556869693
ACH-000335,5.3359727859,-0.1616917264
ACH-000631,5.2694969177,-0.40518465
ACH-000207,4.5577468872,-0.4334584453
ACH-000764,4.0771403313,-0.7273142706
ACH-000995,4.8307876587,-0.5359945869
ACH-000373,5.1232275963,-0.1781239981
ACH-000953,5.8641219139,-0.1424952553
ACH-000709,4.8912391663,-0.4689793285
ACH-000846,4.7489657402,-1.0924238929
ACH-001702,4.543217659,-0.1416571485
ACH-002059,5.9308719635,-0.1391367399
ACH-000929,3.6249196529,-1.2968150633
ACH-000948,5.7038731575,-0.1713136011
ACH-002015,5.3305225372,-0.1388009721
ACH-000981,5.2997503281,-0.3680079734
ACH-000311,3.8747181892,-0.2818428997
ACH-001834,6.6063990593,-0.0556010684
ACH-000390,4.7547755241,-0.2734520659
ACH-000468,4.7939949036,-0.9427715913
ACH-001061,5.3295040131,-0.1544494571
ACH-000077,4.7812023163,-0.2290953767
ACH-000456,5.0085763931,-0.2838307277
ACH-000496,5.2976021767,-0.2719993346
ACH-002512,4.690557003,-0.3178276004
ACH-002464,5.5341768265,-0.0788506969
ACH-002004,4.730694294,-0.6143021626
ACH-000878,4.6572170258,-0.3328869664
ACH-001380,3.9326093197,-0.0768185064
ACH-002061,4.2596263885,-0.4781475165
ACH-000385,4.7737169266,-0.4859357341
ACH-000427,4.5851726532,-0.2882338668
ACH-000938,5.4352283478,-0.0323492306
ACH-000939,5.1321492195,-0.1981684197
ACH-000325,5.0243992805,-0.5926198923
ACH-000515,5.8418273926,-0.4029928974
ACH-001033,5.1895914078,-0.3434303516
ACH-000919,5.3312392235,-0.5590618917
ACH-000863,4.8471803665,-0.6705592674
ACH-000581,5.5019168854,-0.3241152448
ACH-001050,4.875480175,-0.2733075142
ACH-001533,4.3331518173,-0.2563042176
ACH-001508,5.3195095062,-0.4335140087
ACH-000827,5.1380977631,-0.1513563314
ACH-000961,4.7617535591,-0.3479078469
ACH-000778,4.5675392151,-1.9091664937
ACH-000190,3.6853346825,-1.5996797734
ACH-001819,4.5717616081,-0.4573270154
ACH-001786,5.5364789963,-0.4685040713
ACH-000253,5.1802434921,-0.9629181291
ACH-001376,3.2959742546,-1.0883975131
ACH-000958,5.4995942116,0.0130621754
ACH-000228,5.1747140884,-0.3287673226
ACH-000266,3.9575338364,-2.2221093485
ACH-001750,4.6178627014,-0.2129139235
ACH-000174,4.4427843094,-0.8085966537
ACH-001279,4.9963121414,-0.2930569863
ACH-000620,4.952524662,-0.1520318899
ACH-001513,4.4799289703,-0.2022087772
ACH-000168,4.3258900642,-0.0333000861
ACH-000257,5.6097784042,-0.1494309649
ACH-000211,5.0379400253,-0.171845731
ACH-003410,4.5782866478,-0.2142021272
ACH-002401,5.5608096123,-0.0977756151
ACH-002041,5.2595362663,-0.325732087
ACH-000682,5.1670207977,-0.3827075002
ACH-000212,4.8812141418,-0.1313394705
ACH-000096,4.7021589279,-0.2192770882
ACH-002500,5.1876411438,-0.4295439627
ACH-001349,3.1346316338,-0.8871403849
ACH-001999,5.3327689171,-1.0283214509
ACH-000776,4.9221596718,-0.2679820789
ACH-000521,4.7914180756,-0.1662918424
ACH-000025,4.2718138695,-1.2977151561
ACH-000591,4.7931518555,-0.9331976475
ACH-000833,4.2257761955,-1.0688268007
ACH-001628,5.2305145264,-0.4179227307
ACH-000398,7.7760577202,-0.2532436579
ACH-000274,5.1146712303,-0.2508086431
ACH-001370,3.8960876465,-1.1861425476
ACH-000029,4.430024147,-1.1144605785
ACH-001849,4.8682422638,-0.3516053802
ACH-001422,6.7800211906,-0.2294915674
ACH-000588,6.1433873177,-0.253086957
ACH-000849,4.8475961685,-0.1264821315
ACH-002690,3.7401828766,-2.0715273845
ACH-000219,5.0185542107,-0.5147193125
ACH-001053,3.2136614323,-0.5419571145
ACH-001274,5.4877018929,-0.2825221269
ACH-002014,4.9118447304,-0.6691177929
ACH-001634,3.106780529,-0.2498151547
ACH-002531,5.5382494926,-0.0946012131
ACH-000495,5.6014437675,-0.2440981793
ACH-000911,5.0824384689,-0.325246912
ACH-000013,4.2664790154,-0.332493904
ACH-000777,5.3550548553,-0.2709105108
ACH-001765,4.907866478,-0.3264026579
ACH-000312,3.9392642975,-0.2251763233
ACH-000085,4.2365078926,-0.2851995078
ACH-000436,4.7342271805,-0.1701455884
ACH-000869,4.6072592735,-0.371137933
ACH-000489,3.4119684696,-0.7830482665
ACH-000431,5.1203894615,-0.2335332517
ACH-000152,5.0214395523,-0.3317410114
ACH-000460,4.5913920403,-0.4764982602
ACH-001570,5.1575126648,-0.1131898364
ACH-000986,5.1154909134,-0.2723505547
ACH-001335,5.3763875961,-0.3720797458
ACH-000023,4.4160900116,-0.7750488761
ACH-002062,5.0050811768,-0.3985609169
ACH-002462,5.6705713272,-0.1571011221
ACH-000151,5.0663175583,-0.276335062
ACH-001277,5.0630540848,-0.2521200094
ACH-000607,4.7807407379,-0.2192079241
ACH-002647,4.9066643715,-0.526729441
ACH-001211,4.7334465981,-0.2579452241
ACH-001511,4.6970896721,-0.3663717285
ACH-000113,5.2706522942,-0.2424325416
ACH-000337,4.2695121765,-0.3384920007
ACH-000281,3.9967412949,-1.6265548996
ACH-000985,4.6155514717,-0.1770064022
ACH-000444,4.6388845444,-0.047535109
ACH-001399,5.4895205498,-0.8741495493
ACH-000127,5.6418843269,-0.356569868
ACH-001961,3.8169989586,-1.4052757467
ACH-001796,3.6768429279,-0.2203875924
ACH-000307,5.0267648697,-1.3593207563
ACH-002485,7.4257531166,-0.1658726701
ACH-000595,5.5279555321,-0.4340704966
ACH-000771,5.6732258797,-0.1359401499
ACH-000500,3.9547638893,-1.3223803142
ACH-000363,7.0564751625,-0.1061900748
ACH-000350,5.6351389885,-0.1940476462
ACH-000053,5.3318662643,-0.2355970635
ACH-001543,4.9078855515,-0.3024080205
ACH-000663,3.5071349144,-0.5675253977
ACH-000346,4.5753002167,-0.1061320366
ACH-000970,4.9702739716,-0.0694957975
ACH-001333,5.4625988007,-0.175859989
ACH-000794,4.8543996811,-0.392688736
ACH-000039,5.5087327957,-0.3883429678
ACH-000471,4.3574676514,-0.192221195
ACH-000291,3.8212306499,-0.3225770358
ACH-001453,5.7064170837,-0.3293810742
ACH-001458,3.8511893749,-0.6630383693
ACH-000886,5.0227408409,-0.4519746597
ACH-000888,4.1524834633,-1.1609261191
ACH-000030,4.9426789284,-0.1543448962
ACH-000271,3.5990321636,-0.266825071
ACH-000549,5.3129520416,-0.2150446824
ACH-000478,4.7723608017,-0.6326563237
ACH-000775,5.1461052895,-0.4985434057
ACH-002214,4.6601700783,0.0149162481
ACH-001442,4.4639430046,-0.2047843451
ACH-000559,5.2483301163,-0.4226514622
ACH-000510,4.4633479118,-0.2649918559
ACH-000676,4.8765854836,-0.1188617823
ACH-002659,5.5662765503,-0.2871150908
ACH-002465,5.5749340057,-0.1531538981
ACH-000272,4.7641763687,-0.1747957268
ACH-000959,5.6434521675,-0.2339109074
ACH-002283,4.1946463585,-0.4316095932
ACH-000169,4.8350548744,-0.3071868734
ACH-001402,5.521572113,-0.2429449225
ACH-000796,4.5954322815,-0.2215461812
ACH-000143,6.5320520401,-0.0456542066
ACH-000067,5.1294064522,-0.2270779796
ACH-001674,4.3653564453,-0.5120553905
ACH-001698,3.5235118866,-0.4676322082
ACH-002002,5.7068152428,-0.3508661308
ACH-000469,4.9865746498,-0.5099286331
ACH-001353,4.405236721,-0.5921087189
ACH-001574,3.3298254013,-0.1577728773
ACH-000097,5.5301675797,-0.1812984694
ACH-000256,4.0864949226,-0.3829000422
ACH-000977,4.7291178703,-0.1865519396
ACH-000972,4.2186570168,-0.7136594629
ACH-001367,4.8796372414,-0.3517182881
ACH-000579,4.5083270073,-0.1652736759
ACH-002035,5.3956866264,-0.3953244705
ACH-001532,4.1861281395,-0.2987866194
ACH-000695,5.5076932907,-0.4526284263
ACH-001795,5.3606276512,-0.2040109355
ACH-001510,3.0799157619,-0.1916412912
ACH-000502,3.9338085651,-0.4706390494
ACH-000183,6.1597380638,-0.2163903749
ACH-000408,4.668510437,-0.4060141423
ACH-001496,5.1777305603,-0.3682141769
ACH-000788,4.9216551781,-0.1513664544
ACH-001622,4.015791893,-1.0204864193
ACH-000466,4.9987959862,-0.6990249998
ACH-001560,4.6672735214,-0.3536208724
ACH-003178,4.876683712,-0.4036488741
ACH-000005,4.9020252228,-0.380930545
ACH-001687,3.2791993618,-0.3146533903
ACH-001151,3.9791929722,-0.4492265925
ACH-000701,4.4658179283,-0.6262501516
ACH-000542,4.6161637306,-0.1657573977
ACH-001685,5.3912901878,-0.2791752751
ACH-000015,4.2343478203,-0.3855851074
ACH-001111,3.3136956692,-0.3264962546
ACH-000487,3.9108190536,-0.6204043058
ACH-000288,5.150478363,-0.5414186715
ACH-001820,6.5547499657,-0.0668832354
ACH-000782,5.5237503052,-0.083233695
ACH-001632,4.058151722,-0.2338003699
ACH-002399,5.8413920403,-0.1735648945
ACH-001031,4.5448560715,-0.2648168728
ACH-003186,2.7108118534,-0.5222069575
ACH-001048,5.3596334457,-0.3197023287
ACH-000791,5.6043114662,-0.2497734278
ACH-000567,5.291135788,-0.097021112
ACH-001391,4.7547430992,-0.1835309584
ACH-001075,5.3278632164,-0.2574171475
ACH-000557,4.6128535271,-0.1914111882
ACH-001356,5.2652416229,-0.3458209296
ACH-001844,5.0224919319,-0.6274791828
ACH-001346,4.9027056694,-0.3145243783
ACH-000885,5.0058088303,-0.3395788987
ACH-000900,4.9091682434,-0.242670581
ACH-000666,4.7020978928,-0.1105638621
ACH-001428,4.6796770096,-0.5114355963
ACH-000217,4.6626496315,-0.5656525921
ACH-000872,4.601351738,-0.2771900344
ACH-002020,4.73508358,-0.3250811315
ACH-001228,5.2557387352,-0.4237224735
ACH-000181,5.2272791862,-0.0910116868
ACH-000115,4.1289944649,-0.2783273076
ACH-001711,4.7453231812,-0.0250801553
ACH-000934,4.9958100319,-0.2612411785
ACH-000996,4.9515552521,-0.284946386
ACH-001529,5.1727156639,-0.1125245578
ACH-000320,3.3733711243,-1.2529413648
ACH-000505,4.0378828049,-0.5541765727
ACH-000781,4.555079937,-0.246643687
ACH-000920,5.4536099434,-0.616230952
ACH-000294,4.8296265602,-0.6963672367
ACH-000422,4.7193369865,-0.3073244246
ACH-000200,5.7830924988,-0.0654447008
ACH-000968,4.7833256721,-0.3206910867
ACH-000114,4.2134637833,-0.9177586332
ACH-000402,4.6460819244,-0.4376359513
ACH-001578,4.6339483261,-0.379844505
ACH-000036,3.8355503082,-0.7947159521
ACH-000973,5.0325241089,-0.4734222432
ACH-001128,4.9438557625,-0.4131947803
ACH-002669,4.9155545235,-0.202628158
ACH-001858,4.3165078163,-1.3510585134
ACH-001997,6.2024765015,-0.4035493389
ACH-000052,6.0760564804,-0.4338055568
