ModelID,MutationValue,Chronos,MutationStatus,definition
ACH-002059,0,-0.1391367399,WT,damaging
ACH-000402,0,-0.4376359513,WT,damaging
ACH-000693,0,-0.2185115626,WT,damaging
ACH-001691,0,-1.8962871605,WT,damaging
ACH-000917,0,-0.6452024392,WT,damaging
ACH-000956,0,-0.3083157201,WT,damaging
ACH-000756,0,-0.504914745,WT,damaging
ACH-000776,0,-0.2679820789,WT,damaging
ACH-002021,0,-0.4184055327,WT,damaging
ACH-000882,0,-0.2109091344,WT,damaging
ACH-000978,0,-0.5915072849,WT,damaging
ACH-000769,0,-0.3942230243,WT,damaging
ACH-000316,0,-0.4769372957,WT,damaging
ACH-000961,0,-0.3479078469,WT,damaging
ACH-000969,0,-0.4022145255,WT,damaging
ACH-000975,0,-0.3945726096,WT,damaging
ACH-000524,0,-0.4475783735,WT,damaging
ACH-000981,0,-0.3680079734,WT,damaging
ACH-000840,0,-1.2084310798,WT,damaging
ACH-000946,0,-0.1217546961,WT,damaging
ACH-000988,0,-0.1265029218,WT,damaging
ACH-000338,0,-0.3318862474,WT,damaging
ACH-000281,0,-1.6265548996,WT,damaging
ACH-000995,0,-0.5359945869,WT,damaging
ACH-001366,0,-0.4128700213,WT,damaging
ACH-001428,0,-0.5114355963,WT,damaging
ACH-000966,0,-0.5241159301,WT,damaging
ACH-000848,0,-0.181976734,WT,damaging
ACH-001656,0,-0.0793031511,WT,damaging
ACH-001192,0,-0.2431371938,WT,damaging
ACH-001128,0,-0.4131947803,WT,damaging
ACH-000911,0,-0.325246912,WT,damaging
ACH-000941,0,-0.4301537101,WT,damaging
ACH-000915,0,-0.1714994122,WT,damaging
ACH-000422,0,-0.3073244246,WT,damaging
ACH-000983,0,-0.1699750775,WT,damaging
ACH-002923,0,-0.718526146,WT,damaging
ACH-000968,0,-0.3206910867,WT,damaging
ACH-000620,0,-0.1520318899,WT,damaging
ACH-000647,0,-0.8331471855,WT,damaging
ACH-000965,0,-0.2662719855,WT,damaging
ACH-000900,0,-0.242670581,WT,damaging
ACH-000996,0,-0.284946386,WT,damaging
ACH-003178,0,-0.4036488741,WT,damaging
ACH-000957,0,-0.0317611863,WT,damaging
ACH-000352,0,-0.3466230085,WT,damaging
ACH-000924,0,-0.293911889,WT,damaging
ACH-000570,0,-0.5338187164,WT,damaging
ACH-000879,0,-0.4033733242,WT,damaging
ACH-002922,0,-0.6140069828,WT,damaging
ACH-002801,0,-0.5071162715,WT,damaging
ACH-000937,0,-0.1616188842,WT,damaging
ACH-000963,0,-0.2833960371,WT,damaging
ACH-000856,0,-0.0886335278,WT,damaging
ACH-001398,0,-0.1450071849,WT,damaging
ACH-000817,0,-0.2894931477,WT,damaging
ACH-002041,0,-0.325732087,WT,damaging
ACH-001239,0,-0.1244755063,WT,damaging
ACH-000997,0,-0.1601663779,WT,damaging
ACH-001061,0,-0.1544494571,WT,damaging
ACH-001695,0,-0.2665707441,WT,damaging
ACH-001685,0,-0.2791752751,WT,damaging
ACH-000304,0,-0.3135306724,WT,damaging
ACH-000734,0,-0.1093267709,WT,damaging
ACH-000714,0,-0.196374589,WT,damaging
ACH-000979,0,-0.1766065567,WT,damaging
ACH-000355,0,-1.1935772173,WT,damaging
ACH-002023,0,-0.3182976392,WT,damaging
ACH-000802,0,-0.781230232,WT,damaging
ACH-001574,0,-0.1577728773,WT,damaging
ACH-000362,0,-0.1620705245,WT,damaging
ACH-000542,0,-0.1657573977,WT,damaging
ACH-000754,0,-0.4741944839,WT,damaging
ACH-000012,0,-0.3145560862,WT,damaging
ACH-000029,0,-1.1144605785,WT,damaging
ACH-001119,0,-0.3268244151,WT,damaging
ACH-000819,0,-0.5226947663,WT,damaging
ACH-001610,0,-0.5351039612,WT,damaging
ACH-000724,0,-0.2699474109,WT,damaging
ACH-000545,0,-0.542169257,WT,damaging
ACH-000874,0,0.1215522059,WT,damaging
ACH-000408,0,-0.4060141423,WT,damaging
ACH-000265,0,-0.3137342177,WT,damaging
ACH-000416,0,-1.5454958872,WT,damaging
ACH-000971,0,-0.1790104065,WT,damaging
ACH-000938,0,-0.0323492306,WT,damaging
ACH-000762,0,-1.2718717621,WT,damaging
ACH-000985,0,-0.1770064022,WT,damaging
ACH-000373,0,-0.1781239981,WT,damaging
ACH-003012,0,-0.2050960462,WT,damaging
ACH-001197,0,-0.2987638629,WT,damaging
ACH-000871,0,-0.2663998682,WT,damaging
ACH-000928,1,-0.418439079,Mutant,damaging
ACH-000785,0,-2.0217401487,WT,damaging
ACH-000953,0,-0.1424952553,WT,damaging
ACH-000986,0,-0.2723505547,WT,damaging
ACH-000932,0,-0.2020720453,WT,damaging
ACH-000592,0,-0.2097961733,WT,damaging
ACH-000525,0,-0.3213744919,WT,damaging
ACH-000021,0,-0.1651774959,WT,damaging
ACH-000890,0,-0.7767322885,WT,damaging
ACH-002004,0,-0.6143021626,WT,damaging
ACH-000500,0,-1.3223803142,WT,damaging
ACH-000922,0,-0.3008765435,WT,damaging
ACH-001737,0,-0.8704420815,WT,damaging
ACH-000903,0,-0.230151784,WT,damaging
ACH-001669,1,-0.138245923,Mutant,damaging
ACH-001578,0,-0.379844505,WT,damaging
ACH-000024,0,-0.2188849853,WT,damaging
ACH-000919,0,-0.5590618917,WT,damaging
ACH-002084,0,-0.2417381016,WT,damaging
ACH-000912,0,-0.1337961996,WT,damaging
ACH-000855,0,-0.2764262233,WT,damaging
ACH-000217,0,-0.5656525921,WT,damaging
ACH-002524,0,-0.0213722359,WT,damaging
ACH-001020,0,-0.3492090826,WT,damaging
ACH-000994,0,-0.1990708632,WT,damaging
ACH-000935,0,-0.4182737219,WT,damaging
ACH-000943,0,-0.1539063192,WT,damaging
ACH-001029,0,-0.2049074378,WT,damaging
ACH-000804,0,-0.505214583,WT,damaging
ACH-002019,0,-0.2006844236,WT,damaging
ACH-002478,0,-0.3769710254,WT,damaging
ACH-000554,0,-0.2490595501,WT,damaging
ACH-002508,0,-1.8788504682,WT,damaging
ACH-000747,0,-0.2145533446,WT,damaging
ACH-000865,0,-0.4964487841,WT,damaging
ACH-000945,0,-1.070047839,WT,damaging
ACH-000520,0,-1.5003523304,WT,damaging
ACH-000889,0,-0.3521002627,WT,damaging
ACH-000319,0,-0.4017790946,WT,damaging
ACH-000958,0,0.0130621754,WT,damaging
ACH-000503,0,-0.390306317,WT,damaging
ACH-000522,0,-0.2120144445,WT,damaging
ACH-000809,0,-0.1755808184,WT,damaging
ACH-000929,0,-1.2968150633,WT,damaging
ACH-000204,0,-0.2003948078,WT,damaging
ACH-000973,0,-0.4734222432,WT,damaging
ACH-000826,0,-1.1331948746,WT,damaging
ACH-000017,0,-0.4209614213,WT,damaging
ACH-000248,0,-0.1465448031,WT,damaging
ACH-000237,0,-0.9463396232,WT,damaging
ACH-000763,0,-0.4104988463,WT,damaging
ACH-000948,0,-0.1713136011,WT,damaging
ACH-000250,0,-0.4805708793,WT,damaging
ACH-000361,0,-0.254515569,WT,damaging
ACH-001318,0,-0.5573233417,WT,damaging
ACH-000866,0,-0.1424463255,WT,damaging
ACH-000504,0,-0.2378594018,WT,damaging
ACH-000936,0,-0.323769799,WT,damaging
ACH-001740,0,-0.9292639923,WT,damaging
ACH-000801,0,-0.1057968846,WT,damaging
ACH-002026,0,-0.1821792733,WT,damaging
ACH-001283,0,0.0005701532,WT,damaging
ACH-001336,0,-0.3511788784,WT,damaging
ACH-002785,0,-0.1334145908,WT,damaging
ACH-000921,0,-0.3281512402,WT,damaging
ACH-001623,0,-0.5374432598,WT,damaging
ACH-000684,0,-0.5127923599,WT,damaging
ACH-000544,0,-0.3848601489,WT,damaging
ACH-000872,0,-0.2771900344,WT,damaging
ACH-002526,0,-0.4841640363,WT,damaging
ACH-000397,0,-0.8100478305,WT,damaging
ACH-000887,0,-0.7740431919,WT,damaging
ACH-000463,0,-0.3824092114,WT,damaging
ACH-000203,0,-0.6189428018,WT,damaging
ACH-000839,0,-0.5581034093,WT,damaging
ACH-000668,0,-0.2564991594,WT,damaging
ACH-001709,0,-0.0969834073,WT,damaging
ACH-000377,0,-0.3926994923,WT,damaging
ACH-000479,0,-0.1033172166,WT,damaging
ACH-000673,0,-0.258647743,WT,damaging
ACH-000914,0,-0.3296440705,WT,damaging
ACH-000959,0,-0.2339109074,WT,damaging
ACH-000133,0,-0.5388472739,WT,damaging
ACH-002062,0,-0.3985609169,WT,damaging
ACH-001530,0,-0.6843055448,WT,damaging
ACH-000974,0,-0.0723837386,WT,damaging
ACH-000116,0,-0.3641597047,WT,damaging
ACH-000720,0,-1.1928043719,WT,damaging
ACH-000552,0,-0.2521977844,WT,damaging
ACH-000799,0,-0.412691332,WT,damaging
ACH-002799,0,-0.8170154407,WT,damaging
ACH-002708,0,-0.2398698257,WT,damaging
ACH-000246,0,-0.2398421383,WT,damaging
ACH-000837,0,-0.2892959637,WT,damaging
ACH-000934,0,-0.2612411785,WT,damaging
ACH-000231,0,-0.2080174783,WT,damaging
ACH-001508,0,-0.4335140087,WT,damaging
ACH-000960,0,-0.2357326607,WT,damaging
ACH-001694,0,-0.2535889029,WT,damaging
ACH-002061,0,-0.4781475165,WT,damaging
ACH-003410,0,-0.2142021272,WT,damaging
ACH-000977,0,-0.1865519396,WT,damaging
ACH-000771,0,-0.1359401499,WT,damaging
ACH-000331,0,-0.1272069947,WT,damaging
ACH-001683,0,-0.1929887807,WT,damaging
ACH-000368,0,-0.4043491271,WT,damaging
ACH-000899,0,-0.1517364844,WT,damaging
ACH-000588,0,-0.253086957,WT,damaging
ACH-000483,0,-0.6398541992,WT,damaging
ACH-000435,0,-0.1927405061,WT,damaging
ACH-000047,0,-0.1007739125,WT,damaging
ACH-000725,0,-0.338172544,WT,damaging
ACH-002523,0,-0.2705196581,WT,damaging
ACH-000939,0,-0.1981684197,WT,damaging
ACH-001972,0,-0.1905455219,WT,damaging
ACH-002060,0,-0.3757042345,WT,damaging
ACH-001333,0,-0.175859989,WT,damaging
ACH-000700,0,-0.9651874954,WT,damaging
ACH-002042,0,-0.5209153887,WT,damaging
ACH-000976,0,-0.8392897327,WT,damaging
ACH-000697,0,-0.793139187,WT,damaging
ACH-000849,0,-0.1264821315,WT,damaging
ACH-000247,0,-0.0190633629,WT,damaging
ACH-000835,0,-0.6163186829,WT,damaging
ACH-001021,0,-0.2367555898,WT,damaging
ACH-000739,0,-0.1818425484,WT,damaging
ACH-002048,0,-0.7142194472,WT,damaging
ACH-000682,0,-0.3827075002,WT,damaging
ACH-000770,0,-0.2063754306,WT,damaging
ACH-000783,0,-0.1203513008,WT,damaging
ACH-000200,0,-0.0654447008,WT,damaging
ACH-000811,0,-0.0853488447,WT,damaging
ACH-000950,0,-0.1568802071,WT,damaging
ACH-000793,0,-0.2418315293,WT,damaging
ACH-000182,0,-0.4116321004,WT,damaging
ACH-000905,0,-0.4782059295,WT,damaging
ACH-002782,0,-0.2987484201,WT,damaging
ACH-002027,0,-0.0071268787,WT,damaging
ACH-000009,0,-0.5901511697,WT,damaging
ACH-000527,0,-0.4217007046,WT,damaging
ACH-000450,0,-0.3574623642,WT,damaging
ACH-000521,0,-0.1662918424,WT,damaging
ACH-000732,0,-0.5969811906,WT,damaging
ACH-000302,0,-0.2643137853,WT,damaging
ACH-002650,0,-2.3829578472,WT,damaging
ACH-001393,0,-0.2783605772,WT,damaging
ACH-000475,0,-0.4057920693,WT,damaging
ACH-000719,0,-0.8637464326,WT,damaging
ACH-000947,0,-0.2320368922,WT,damaging
ACH-000637,0,-0.361817956,WT,damaging
ACH-000792,0,-0.5437583762,WT,damaging
ACH-000829,0,-0.2190044459,WT,damaging
ACH-000455,0,-0.6475053301,WT,damaging
ACH-001334,0,-0.9262276349,WT,damaging
ACH-002142,0,-0.266318039,WT,damaging
ACH-000311,0,-0.2818428997,WT,damaging
ACH-002510,0,-0.2320196068,WT,damaging
ACH-000664,0,-0.556869693,WT,damaging
ACH-002035,0,-0.3953244705,WT,damaging
ACH-002471,0,-0.4666834183,WT,damaging
ACH-000907,0,-0.1905924686,WT,damaging
ACH-000836,0,-0.3174175229,WT,damaging
ACH-000721,0,-0.2373224967,WT,damaging
ACH-002464,0,-0.0788506969,WT,damaging
ACH-002005,0,-0.2062304162,WT,damaging
ACH-000579,0,-0.1652736759,WT,damaging
ACH-001619,0,-0.1188668749,WT,damaging
ACH-000477,0,-0.1239146199,WT,damaging
ACH-000847,0,-0.4328834885,WT,damaging
ACH-000378,0,-1.0072330726,WT,damaging
ACH-000074,0,-0.2038992513,WT,damaging
ACH-000097,0,-0.1812984694,WT,damaging
ACH-002029,0,-0.3597622097,WT,damaging
ACH-000415,0,-0.5888095917,WT,damaging
ACH-002680,0,-0.3547202208,WT,damaging
ACH-001196,0,-2.0115309692,WT,damaging
ACH-000853,0,-0.4657873197,WT,damaging
ACH-000649,0,-0.3775259864,WT,damaging
ACH-000833,0,-1.0688268007,WT,damaging
ACH-000207,0,-0.4334584453,WT,damaging
ACH-002847,0,-0.1809044705,WT,damaging
ACH-000832,0,-0.2744408847,WT,damaging
ACH-000782,0,-0.083233695,WT,damaging
ACH-001735,0,-0.1744157385,WT,damaging
ACH-000438,0,-0.3517426414,WT,damaging
ACH-000773,0,-0.0655254315,WT,damaging
ACH-000630,0,-0.294603387,WT,damaging
ACH-001643,0,-0.1664980972,WT,damaging
ACH-000169,0,-0.3071868734,WT,damaging
ACH-000896,0,-0.4932295336,WT,damaging
ACH-001134,0,-0.5845872805,WT,damaging
ACH-000190,0,-1.5996797734,WT,damaging
ACH-000381,0,-0.10860795,WT,damaging
ACH-000698,0,0.034792269,WT,damaging
ACH-000623,0,-0.6489186309,WT,damaging
ACH-000313,0,-0.1388172645,WT,damaging
ACH-000746,0,-0.3607005489,WT,damaging
ACH-000108,0,-0.3812362807,WT,damaging
ACH-000666,0,-0.1105638621,WT,damaging
ACH-001711,0,-0.0250801553,WT,damaging
ACH-000469,0,-0.5099286331,WT,damaging
ACH-001577,0,-0.4263831993,WT,damaging
ACH-001509,0,-0.3347439858,WT,damaging
ACH-000206,0,-0.2765317444,WT,damaging
ACH-002001,0,-0.2793254231,WT,damaging
ACH-000616,0,-0.419414121,WT,damaging
ACH-000662,0,-0.1881077479,WT,damaging
ACH-002067,0,-0.6413160246,WT,damaging
ACH-002024,0,-0.5902153863,WT,damaging
ACH-000259,0,-0.2086255111,WT,damaging
ACH-000599,0,-0.5311632422,WT,damaging
ACH-001401,0,-0.4777411208,WT,damaging
ACH-000132,0,-1.028485407,WT,damaging
ACH-000634,0,-1.3031565131,WT,damaging
ACH-000421,0,-0.4920891726,WT,damaging
ACH-000385,0,-0.4859357341,WT,damaging
ACH-002043,0,-0.186576641,WT,damaging
ACH-000653,0,0.3481584778,WT,damaging
ACH-001067,0,-0.2721134785,WT,damaging
ACH-001001,0,-0.2543078595,WT,damaging
ACH-000315,0,-0.1081852791,WT,damaging
ACH-002709,0,-0.3190229721,WT,damaging
ACH-000632,0,-0.2260516921,WT,damaging
ACH-000784,0,-0.412501085,WT,damaging
ACH-000861,0,-1.3153880139,WT,damaging
ACH-000753,0,-0.2088184235,WT,damaging
ACH-000517,0,-2.4423293114,WT,damaging
ACH-002002,0,-0.3508661308,WT,damaging
ACH-000219,0,-0.5147193125,WT,damaging
ACH-002003,0,-0.2130671132,WT,damaging
ACH-001431,0,-0.2839412349,WT,damaging
ACH-000880,0,-0.9841610301,WT,damaging
ACH-000387,0,-0.1581190147,WT,damaging
ACH-000901,0,-0.6831972298,WT,damaging
ACH-000143,0,-0.0456542066,WT,damaging
ACH-000096,0,-0.2192770882,WT,damaging
ACH-000639,0,-0.1142296982,WT,damaging
ACH-002681,0,-0.1868737995,WT,damaging
ACH-000735,0,-0.4440148649,WT,damaging
ACH-002806,0,-3.2481124732,WT,damaging
ACH-001344,0,-0.1086730736,WT,damaging
ACH-001982,0,-0.1374379805,WT,damaging
ACH-003590,0,-0.246275029,WT,damaging
ACH-000657,0,-0.2826977872,WT,damaging
ACH-002475,0,-0.363236616,WT,damaging
ACH-000869,0,-0.371137933,WT,damaging
ACH-000288,0,-0.5414186715,WT,damaging
ACH-000898,0,-0.2423430293,WT,damaging
ACH-002533,0,-0.6285063415,WT,damaging
ACH-000023,0,-0.7750488761,WT,damaging
ACH-000706,0,-0.1616977981,WT,damaging
ACH-000395,0,-0.3033373734,WT,damaging
ACH-002928,0,-0.384938068,WT,damaging
ACH-001528,0,-0.2742278193,WT,damaging
ACH-002530,0,-0.7024490626,WT,damaging
ACH-000944,0,-0.1521970348,WT,damaging
ACH-001099,0,-0.537968422,WT,damaging
ACH-001848,0,-0.1478715096,WT,damaging
ACH-001385,0,-0.2192943138,WT,damaging
ACH-000910,0,-0.2831220531,WT,damaging
ACH-000148,0,-0.4764425979,WT,damaging
ACH-000258,0,-0.4544815228,WT,damaging
ACH-003191,0,-0.8285989785,WT,damaging
ACH-001190,0,-0.1204134427,WT,damaging
ACH-000841,0,-2.1806440568,WT,damaging
ACH-000411,0,-0.1213327634,WT,damaging
ACH-000516,0,-0.5395737457,WT,damaging
ACH-002433,0,-1.3852043809,WT,damaging
ACH-000263,0,-0.2180052946,WT,damaging
ACH-000498,0,-0.4208363246,WT,damaging
ACH-000665,0,-0.2597684202,WT,damaging
ACH-001986,0,-0.2451429325,WT,damaging
ACH-000114,0,-0.9177586332,WT,damaging
ACH-000548,0,-2.5952892403,WT,damaging
ACH-000261,0,-0.4420143345,WT,damaging
ACH-001992,0,-1.52669171,WT,damaging
ACH-000147,0,-0.5068519839,WT,damaging
ACH-000758,0,-1.3748114785,WT,damaging
ACH-001031,0,-0.2648168728,WT,damaging
ACH-000878,0,-0.3328869664,WT,damaging
ACH-000601,0,-0.1494638149,WT,damaging
ACH-000155,0,-1.4455607234,WT,damaging
ACH-000602,0,-0.1842936251,WT,damaging
ACH-000365,0,-0.1590374483,WT,damaging
ACH-001677,0,-0.2591946902,WT,damaging
ACH-000238,0,-0.2295618721,WT,damaging
ACH-002214,0,0.0149162481,WT,damaging
ACH-001038,0,-0.3199121645,WT,damaging
ACH-000621,0,-1.104582986,WT,damaging
ACH-000168,0,-0.0333000861,WT,damaging
ACH-000738,0,-0.7003803896,WT,damaging
ACH-002399,0,-0.1735648945,WT,damaging
ACH-002400,0,-0.2770579572,WT,damaging
ACH-003189,0,-0.2225797967,WT,damaging
ACH-002066,0,-0.5275866467,WT,damaging
ACH-002659,0,-0.2871150908,WT,damaging
ACH-002664,0,-0.6863547197,WT,damaging
ACH-000431,0,-0.2335332517,WT,damaging
ACH-000272,0,-0.1747957268,WT,damaging
ACH-000888,0,-1.1609261191,WT,damaging
ACH-000478,0,-0.6326563237,WT,damaging
ACH-000557,0,-0.1914111882,WT,damaging
ACH-001338,0,-0.3931612614,WT,damaging
ACH-002654,0,-0.1935733263,WT,damaging
ACH-001977,0,-0.5723215872,WT,damaging
ACH-000608,0,-0.4069676883,WT,damaging
ACH-000800,0,-0.4632584591,WT,damaging
ACH-002486,0,-0.3887930961,WT,damaging
ACH-000663,0,-0.5675253977,WT,damaging
ACH-001307,0,-0.3314200075,WT,damaging
ACH-000195,0,-0.5036425796,WT,damaging
ACH-000541,0,-0.0211998818,WT,damaging
ACH-000015,0,-0.3855851074,WT,damaging
ACH-000580,0,-0.3015241506,WT,damaging
ACH-000256,0,-0.3829000422,WT,damaging
ACH-001750,0,-0.2129139235,WT,damaging
ACH-001624,0,-1.0040940075,WT,damaging
ACH-000137,0,-0.2551182291,WT,damaging
ACH-000822,0,-0.5452414001,WT,damaging
ACH-000528,0,-0.1291439721,WT,damaging
ACH-000410,0,-0.5091281132,WT,damaging
ACH-001481,0,-0.4703787448,WT,damaging
ACH-002669,0,-0.202628158,WT,damaging
ACH-002070,0,-0.2218773447,WT,damaging
ACH-002215,0,-0.2378398476,WT,damaging
ACH-000202,0,-0.3936748353,WT,damaging
ACH-001400,0,-0.7427823045,WT,damaging
ACH-000790,0,-0.384559213,WT,damaging
ACH-002660,0,-0.6150616393,WT,damaging
ACH-001670,0,-0.3032977478,WT,damaging
ACH-000843,0,-0.6871775762,WT,damaging
ACH-000127,0,-0.356569868,WT,damaging
ACH-000681,0,-0.1443656361,WT,damaging
ACH-000354,0,-1.1676132166,WT,damaging
ACH-001676,0,-0.1089352882,WT,damaging
ACH-000146,0,-0.2106386754,WT,damaging
ACH-001354,0,-0.1600411096,WT,damaging
ACH-000906,0,-0.3095922068,WT,damaging
ACH-000318,0,-0.1811867353,WT,damaging
ACH-002015,0,-0.1388009721,WT,damaging
ACH-000407,0,-1.325531303,WT,damaging
ACH-000559,0,-0.4226514622,WT,damaging
ACH-000831,0,-0.5987362077,WT,damaging
ACH-000445,0,-1.1866904259,WT,damaging
ACH-000510,0,-0.2649918559,WT,damaging
ACH-000511,0,-0.2271220159,WT,damaging
ACH-000777,0,-0.2709105108,WT,damaging
ACH-000484,0,0.0234995218,WT,damaging
ACH-000778,0,-1.9091664937,WT,damaging
ACH-002544,0,-0.3548178722,WT,damaging
ACH-002778,0,-0.9227197148,WT,damaging
ACH-000335,0,-0.1616917264,WT,damaging
ACH-001300,0,-0.2801503282,WT,damaging
ACH-000805,0,-0.355821694,WT,damaging
ACH-000085,0,-0.2851995078,WT,damaging
ACH-000515,0,-0.4029928974,WT,damaging
ACH-002051,0,-0.197284046,WT,damaging
ACH-001322,0,-0.3450718609,WT,damaging
ACH-000788,0,-0.1513664544,WT,damaging
ACH-000913,0,-0.4570607062,WT,damaging
ACH-002458,0,-0.3857356464,WT,damaging
ACH-000322,0,-0.4244227588,WT,damaging
ACH-002460,0,-0.6276542409,WT,damaging
ACH-002531,0,-0.0946012131,WT,damaging
ACH-000278,0,-1.3117602462,WT,damaging
ACH-000424,0,-0.0540059555,WT,damaging
ACH-000476,0,-0.0934180916,WT,damaging
ACH-000796,0,-0.2215461812,WT,damaging
ACH-000128,0,-0.3561154444,WT,damaging
ACH-000551,0,-0.4307926926,WT,damaging
ACH-002077,0,-0.505018386,WT,damaging
ACH-002490,0,-0.7232508594,WT,damaging
ACH-000791,0,-0.2497734278,WT,damaging
ACH-001184,0,-1.0373580893,WT,damaging
ACH-000768,0,-0.542657191,WT,damaging
ACH-000614,0,-0.4126404915,WT,damaging
ACH-000576,0,0.032451839,WT,damaging
ACH-002052,0,-0.1357692511,WT,damaging
ACH-001502,0,-0.0380784479,WT,damaging
ACH-000781,0,-0.246643687,WT,damaging
ACH-000401,0,-0.423774426,WT,damaging
ACH-000243,0,-0.6470440705,WT,damaging
ACH-000078,0,-0.2338526272,WT,damaging
ACH-002687,0,-1.2207248175,WT,damaging
ACH-000087,0,-0.4238841859,WT,damaging
ACH-000212,0,-0.1313394705,WT,damaging
ACH-000371,0,-0.120239214,WT,damaging
ACH-000406,0,-0.2327740896,WT,damaging
ACH-000581,0,-0.3241152448,WT,damaging
ACH-000005,0,-0.380930545,WT,damaging
ACH-000004,0,-0.6209563206,WT,damaging
ACH-000344,0,-0.395863374,WT,damaging
ACH-000273,0,-1.2556315319,WT,damaging
ACH-002535,0,-1.1456738157,WT,damaging
ACH-000894,0,-0.2108278953,WT,damaging
ACH-001622,0,-1.0204864193,WT,damaging
ACH-000363,0,-0.1061900748,WT,damaging
ACH-000329,0,-0.1349141551,WT,damaging
ACH-000290,0,-0.2252435065,WT,damaging
ACH-000223,0,-2.0951535033,WT,damaging
ACH-000028,0,-0.2716140467,WT,damaging
ACH-000019,0,0.0569026992,WT,damaging
ACH-001608,0,-0.3799943066,WT,damaging
ACH-000374,0,-0.1406907467,WT,damaging
ACH-000587,0,-0.2505645599,WT,damaging
ACH-002677,0,-0.2946114203,WT,damaging
ACH-001765,0,-0.3264026579,WT,damaging
ACH-000276,0,-0.1830853847,WT,damaging
ACH-000334,0,-0.5041427728,WT,damaging
ACH-001274,0,-0.2825221269,WT,damaging
ACH-000627,0,-0.8511977749,WT,damaging
ACH-000325,0,-0.5926198923,WT,damaging
ACH-000867,0,-0.1147879583,WT,damaging
ACH-001526,0,-0.4635523739,WT,damaging
ACH-000514,0,-0.4953675175,WT,damaging
ACH-002446,0,-0.3859992657,WT,damaging
ACH-000716,0,-0.4076638535,WT,damaging
ACH-000167,0,-0.2199172292,WT,damaging
ACH-000699,0,-1.7068387953,WT,damaging
ACH-002046,0,-0.5030006966,WT,damaging
ACH-000448,0,-0.187117831,WT,damaging
ACH-000740,0,-0.4735323475,WT,damaging
ACH-001990,0,-0.1781508745,WT,damaging
ACH-000585,0,-0.6025087336,WT,damaging
ACH-000011,0,-0.0906218223,WT,damaging
ACH-000295,0,-0.1125323504,WT,damaging
ACH-002044,0,-0.2177982778,WT,damaging
ACH-000286,0,-1.0101395795,WT,damaging
ACH-000036,0,-0.7947159521,WT,damaging
ACH-000234,0,-0.3206853234,WT,damaging
ACH-003190,0,-0.3812492166,WT,damaging
ACH-000820,0,-0.7772948269,WT,damaging
ACH-000859,0,-0.2176208951,WT,damaging
ACH-000881,0,-0.3083072149,WT,damaging
ACH-000210,0,-0.1294038473,WT,damaging
ACH-003177,0,-0.6248675199,WT,damaging
ACH-000007,0,-0.0592854952,WT,damaging
ACH-000244,0,-0.2693006235,WT,damaging
ACH-000760,0,-0.1988366474,WT,damaging
ACH-001675,0,-0.4520065987,WT,damaging
ACH-000845,0,-0.127719113,WT,damaging
ACH-000292,0,-0.4785749881,WT,damaging
ACH-001707,0,-0.2801239622,WT,damaging
ACH-000711,0,-2.0191808889,WT,damaging
ACH-001183,0,-0.3455755176,WT,damaging
ACH-001442,0,-0.2047843451,WT,damaging
ACH-000427,0,-0.2882338668,WT,damaging
ACH-001436,0,-0.395576757,WT,damaging
ACH-001111,0,-0.3264962546,WT,damaging
ACH-000460,0,-0.4764982602,WT,damaging
ACH-000390,0,-0.2734520659,WT,damaging
ACH-000858,0,-0.4523374796,WT,damaging
ACH-000356,0,-0.396725292,WT,damaging
ACH-002672,0,-0.2580717775,WT,damaging
ACH-001975,0,-0.4919918395,WT,damaging
ACH-001715,0,-1.2256698881,WT,damaging
ACH-000694,0,-0.2879644485,WT,damaging
ACH-001668,0,-0.3467627485,WT,damaging
ACH-000215,0,-0.4645997049,WT,damaging
ACH-001649,0,-0.0082615518,WT,damaging
ACH-000605,0,-0.5425318733,WT,damaging
ACH-000709,0,-0.4689793285,WT,damaging
ACH-001036,0,-0.5771081592,WT,damaging
ACH-000098,0,-0.97204603,WT,damaging
ACH-002522,0,-0.4800510687,WT,damaging
ACH-001306,0,-0.4834478576,WT,damaging
ACH-000264,0,-0.357423794,WT,damaging
ACH-000366,0,-0.5877832784,WT,damaging
ACH-000251,0,-0.8874308749,WT,damaging
ACH-000222,0,-1.0076260081,WT,damaging
ACH-000118,0,-0.1350011554,WT,damaging
ACH-000370,0,-0.5210755626,WT,damaging
ACH-000228,0,-0.3287673226,WT,damaging
ACH-000573,0,-1.7316589809,WT,damaging
ACH-000092,0,-0.2635730112,WT,damaging
ACH-000070,0,-0.0722180827,WT,damaging
ACH-001494,0,-0.1458395855,WT,damaging
ACH-000075,0,-1.5497481371,WT,damaging
ACH-000405,0,-0.3183763688,WT,damaging
ACH-002706,0,-0.2945697883,WT,damaging
ACH-002705,0,-0.3228109581,WT,damaging
ACH-000499,0,-0.4446539712,WT,damaging
ACH-001303,0,-0.6748030764,WT,damaging
ACH-000376,0,-0.5432482907,WT,damaging
ACH-000233,0,-0.4727264548,WT,damaging
ACH-001193,0,-0.0958963486,WT,damaging
ACH-001295,0,-0.1188946793,WT,damaging
ACH-000846,0,-1.0924238929,WT,damaging
ACH-000160,0,-0.3152261781,WT,damaging
ACH-000667,0,-0.2898449939,WT,damaging
ACH-002470,0,-0.8439220795,WT,damaging
ACH-000490,1,-0.3580691838,Mutant,damaging
ACH-000473,0,-0.3106386609,WT,damaging
ACH-001280,0,-0.406402996,WT,damaging
ACH-001278,0,-0.1955716201,WT,damaging
ACH-003064,0,-0.4269298839,WT,damaging
ACH-000593,0,-0.361063336,WT,damaging
ACH-001054,0,-0.4477410135,WT,damaging
ACH-000461,0,-0.378404419,WT,damaging
ACH-002528,0,-0.1600243072,WT,damaging
ACH-000496,0,-0.2719993346,WT,damaging
ACH-000807,0,-0.2526223549,WT,damaging
ACH-000343,0,-0.3224667149,WT,damaging
ACH-002662,0,-0.8291926547,WT,damaging
ACH-002784,0,-0.2099840283,WT,damaging
ACH-000253,0,-0.9629181291,WT,damaging
ACH-000040,0,-0.304389351,WT,damaging
ACH-001548,0,-0.231770985,WT,damaging
ACH-000505,0,-0.5541765727,WT,damaging
ACH-001804,0,-0.3637202914,WT,damaging
ACH-001279,0,-0.2930569863,WT,damaging
ACH-002688,0,-1.0167105226,WT,damaging
ACH-000493,0,-0.4279712762,WT,damaging
ACH-002040,0,-0.3557751819,WT,damaging
ACH-001674,0,-0.5120553905,WT,damaging
ACH-000645,0,-0.1971226452,WT,damaging
ACH-000652,0,-1.3497237697,WT,damaging
ACH-000676,0,-0.1188617823,WT,damaging
ACH-001461,0,-1.0438820988,WT,damaging
ACH-000533,0,-0.461364514,WT,damaging
ACH-003273,0,-0.5599968586,WT,damaging
ACH-001863,0,-0.4326090076,WT,damaging
ACH-003184,0,-0.4456693463,WT,damaging
ACH-000183,0,-0.2163903749,WT,damaging
ACH-002647,0,-0.526729441,WT,damaging
ACH-000589,0,-0.6772026035,WT,damaging
ACH-000189,0,-0.4214187446,WT,damaging
ACH-000221,0,-0.4221359735,WT,damaging
ACH-000332,0,-0.1544586251,WT,damaging
ACH-002025,0,-0.9868737285,WT,damaging
ACH-000633,0,-0.2374796894,WT,damaging
ACH-000480,0,-0.3394293729,WT,damaging
ACH-000764,0,-0.7273142706,WT,damaging
ACH-000651,0,-0.4673138307,WT,damaging
ACH-001993,0,-0.3166357553,WT,damaging
ACH-000704,0,-0.8197749407,WT,damaging
ACH-001227,0,-0.305416291,WT,damaging
ACH-001560,0,-0.3536208724,WT,damaging
ACH-000827,0,-0.1513563314,WT,damaging
ACH-000001,0,-0.0239445909,WT,damaging
ACH-000013,0,-0.332493904,WT,damaging
ACH-001277,0,-0.2521200094,WT,damaging
ACH-001188,0,-0.2321466672,WT,damaging
ACH-001609,0,-0.9452901399,WT,damaging
ACH-000383,0,-1.3444378073,WT,damaging
ACH-000767,0,-0.2641541928,WT,damaging
ACH-000403,0,-1.7823086182,WT,damaging
ACH-000607,0,-0.2192079241,WT,damaging
ACH-000488,0,-0.1271251421,WT,damaging
ACH-001647,0,-0.4130844919,WT,damaging
ACH-000683,0,-0.31817233,WT,damaging
ACH-001547,0,0.0076107614,WT,damaging
ACH-000348,0,-0.5643859121,WT,damaging
ACH-000749,0,-0.2942266026,WT,damaging
ACH-000454,0,-0.3167098006,WT,damaging
ACH-000654,0,-0.4370044501,WT,damaging
ACH-000748,0,-0.2062920099,WT,damaging
ACH-000624,0,-0.0379884197,WT,damaging
ACH-000550,0,-0.8889441323,WT,damaging
ACH-001611,0,-0.6496590372,WT,damaging
ACH-000391,0,-0.2643840642,WT,damaging
ACH-000279,0,-0.718298456,WT,damaging
ACH-000471,0,-0.192221195,WT,damaging
ACH-000537,0,-0.5074710966,WT,damaging
ACH-003171,0,-0.798463485,WT,damaging
ACH-000350,0,-0.1940476462,WT,damaging
ACH-002055,0,-0.2767363075,WT,damaging
ACH-000696,0,-0.5190713733,WT,damaging
ACH-000320,0,-1.2529413648,WT,damaging
ACH-001642,0,-0.3196992544,WT,damaging
ACH-000452,0,-0.574921251,WT,damaging
ACH-000111,0,-0.0447721364,WT,damaging
ACH-000466,0,-0.6990249998,WT,damaging
ACH-000661,0,-0.4826463249,WT,damaging
ACH-000838,0,-0.2276452792,WT,damaging
ACH-000468,0,-0.9427715913,WT,damaging
ACH-000291,0,-0.3225770358,WT,damaging
ACH-000622,0,-0.575370499,WT,damaging
ACH-000249,0,-0.1068096093,WT,damaging
ACH-002283,0,-0.4316095932,WT,damaging
ACH-000810,0,-0.2459843662,WT,damaging
ACH-000113,0,-0.2424325416,WT,damaging
ACH-000227,0,-0.3300608535,WT,damaging
ACH-001699,0,-0.4713323363,WT,damaging
ACH-000144,0,-0.9604211701,WT,damaging
ACH-000095,0,-0.0711715809,WT,damaging
ACH-003587,0,-0.4336568508,WT,damaging
ACH-000671,0,-0.2539116711,WT,damaging
ACH-000142,0,-1.719074536,WT,damaging
ACH-000487,0,-0.6204043058,WT,damaging
ACH-001745,0,-1.0214092341,WT,damaging
ACH-000041,0,-0.2786798336,WT,damaging
ACH-000713,0,-0.644303223,WT,damaging
ACH-000441,0,-0.187607628,WT,damaging
ACH-002780,0,-0.0595777678,WT,damaging
ACH-000141,0,-0.2576976458,WT,damaging
ACH-002039,0,-1.7455498435,WT,damaging
ACH-000596,0,-0.6316156428,WT,damaging
ACH-000152,0,-0.3317410114,WT,damaging
ACH-000277,0,-0.3460130152,WT,damaging
ACH-000216,0,-0.2158560984,WT,damaging
ACH-000595,0,-0.4340704966,WT,damaging
ACH-002710,0,-0.2781136119,WT,damaging
ACH-000280,0,-0.4513696081,WT,damaging
ACH-000159,0,-0.8213644512,WT,damaging
ACH-001662,0,-0.4310015671,WT,damaging
ACH-000456,0,-0.2838307277,WT,damaging
ACH-000718,0,-0.8286863499,WT,damaging
ACH-000257,0,-0.1494309649,WT,damaging
ACH-000426,0,-0.1474846867,WT,damaging
ACH-000120,0,-0.316648763,WT,damaging
ACH-000532,0,-0.2700683468,WT,damaging
ACH-000330,0,-0.5014294254,WT,damaging
ACH-000648,0,-0.4309427832,WT,damaging
ACH-002045,0,-2.2871360868,WT,damaging
ACH-000470,0,-0.5716379679,WT,damaging
ACH-000052,0,-0.4338055568,WT,damaging
ACH-001349,0,-0.8871403849,WT,damaging
ACH-002926,0,-0.2412770948,WT,damaging
ACH-001275,0,-0.2634555317,WT,damaging
ACH-000324,0,-0.2849125866,WT,damaging
ACH-002401,0,-0.0977756151,WT,damaging
ACH-000618,0,-0.2536677968,WT,damaging
ACH-002020,0,-0.3250811315,WT,damaging
ACH-001802,0,-0.3063634343,WT,damaging
ACH-002538,0,-0.3119602495,WT,damaging
ACH-000437,0,-1.0943560341,WT,damaging
ACH-000293,0,-0.3004197194,WT,damaging
ACH-001701,0,-0.258417112,WT,damaging
ACH-000766,0,-1.9228462463,WT,damaging
ACH-002925,0,-0.444982643,WT,damaging
ACH-000086,0,-0.290316126,WT,damaging
ACH-000323,0,-0.3154027156,WT,damaging
ACH-000039,0,-0.3883429678,WT,damaging
ACH-001814,0,-0.6662959387,WT,damaging
ACH-002500,0,-0.4295439627,WT,damaging
ACH-001205,0,-0.5057799969,WT,damaging
ACH-000341,0,-0.3750460609,WT,damaging
ACH-000535,0,-0.2271460447,WT,damaging
ACH-000188,0,-0.4086767919,WT,damaging
ACH-000583,0,-0.4280750876,WT,damaging
ACH-000486,0,-0.2873286445,WT,damaging
ACH-002690,0,-2.0715273845,WT,damaging
ACH-000030,0,-0.1543448962,WT,damaging
ACH-000547,0,-0.588917898,WT,damaging
ACH-000035,0,-0.7534378042,WT,damaging
ACH-000174,0,-0.8085966537,WT,damaging
ACH-001151,0,-0.4492265925,WT,damaging
ACH-001301,0,-0.1510255798,WT,damaging
ACH-001618,0,-0.1449817049,WT,damaging
ACH-000834,0,-0.5761938464,WT,damaging
ACH-000090,0,-0.1859448871,WT,damaging
ACH-000701,0,-0.6262501516,WT,damaging
ACH-002711,0,-0.5980305309,WT,damaging
ACH-001696,0,-0.5159073725,WT,damaging
ACH-000299,0,-0.6186513601,WT,damaging
ACH-001433,0,-0.4363022344,WT,damaging
ACH-001793,0,-0.1228453461,WT,damaging
ACH-000364,0,-0.3269892803,WT,damaging
ACH-000655,0,-0.6010641409,WT,damaging
ACH-000336,0,-0.1645239464,WT,damaging
ACH-001641,0,-0.2002054395,WT,damaging
ACH-002069,0,-0.8076313235,WT,damaging
ACH-002080,0,-0.212224933,WT,damaging
ACH-002030,0,-0.3046227997,WT,damaging
ACH-000359,0,-1.3045668878,WT,damaging
ACH-000187,0,-0.2052167741,WT,damaging
ACH-000077,0,-0.2290953767,WT,damaging
ACH-000262,0,-0.323899233,WT,damaging
ACH-000099,0,-0.2181653647,WT,damaging
ACH-000192,0,-0.4657101195,WT,damaging
ACH-001232,0,-0.2415247764,WT,damaging
ACH-000235,0,-0.5200881546,WT,damaging
ACH-000417,0,-0.6768005656,WT,damaging
ACH-001736,0,-0.2195147365,WT,damaging
ACH-000053,0,-0.2355970635,WT,damaging
ACH-000307,0,-1.3593207563,WT,damaging
ACH-000054,0,-0.1961730559,WT,damaging
ACH-003180,0,-0.5343500788,WT,damaging
ACH-000082,0,-0.3134075444,WT,damaging
ACH-000736,0,-0.3753299705,WT,damaging
ACH-000060,0,-0.2242623449,WT,damaging
ACH-000093,0,-0.5536942148,WT,damaging
ACH-000337,0,-0.3384920007,WT,damaging
ACH-001543,0,-0.3024080205,WT,damaging
ACH-002834,0,-0.6644334503,WT,damaging
ACH-000123,0,-0.1266448381,WT,damaging
ACH-000375,0,-0.9560854789,WT,damaging
ACH-002018,0,-0.5214677576,WT,damaging
ACH-001302,0,-0.0906820192,WT,damaging
ACH-001164,0,-0.0512409547,WT,damaging
ACH-000433,0,-0.6767794842,WT,damaging
ACH-000037,0,-0.3529264459,WT,damaging
ACH-000042,0,-0.2220898545,WT,damaging
ACH-000420,0,-0.4937187086,WT,damaging
ACH-001430,0,-0.11018507,WT,damaging
ACH-000389,0,-0.0423032925,WT,damaging
ACH-000164,0,-0.35359875,WT,damaging
ACH-000260,0,-0.3607052018,WT,damaging
ACH-000317,0,-0.4964369629,WT,damaging
ACH-000076,0,-0.074216529,WT,damaging
ACH-000345,0,-0.0086341923,WT,damaging
ACH-000191,0,-0.2896567689,WT,damaging
ACH-000310,0,-0.3148652079,WT,damaging
ACH-002792,0,-0.1720321325,WT,damaging
ACH-003065,0,-0.4956480565,WT,damaging
ACH-001053,0,-0.5419571145,WT,damaging
ACH-000367,0,-0.3318602155,WT,damaging
ACH-000163,0,-0.3100286805,WT,damaging
ACH-002016,0,-0.0142358715,WT,damaging
ACH-000308,0,-0.2340516369,WT,damaging
ACH-000507,0,-0.446601353,WT,damaging
ACH-003185,0,-0.3612380305,WT,damaging
ACH-000226,0,-0.2264067622,WT,damaging
ACH-000312,0,-0.2251763233,WT,damaging
ACH-001228,0,-0.4237224735,WT,damaging
ACH-001562,0,-0.0672052136,WT,damaging
ACH-000502,0,-0.4706390494,WT,damaging
ACH-002291,0,-0.5888662738,WT,damaging
ACH-000198,0,-0.1221562483,WT,damaging
ACH-002463,0,-0.1486266555,WT,damaging
ACH-003176,0,-0.1384043174,WT,damaging
ACH-001465,0,-0.5306906916,WT,damaging
ACH-000444,0,-0.047535109,WT,damaging
ACH-000172,0,-0.2370897406,WT,damaging
ACH-000101,0,-0.2867642559,WT,damaging
ACH-000326,0,-0.4894155722,WT,damaging
ACH-002693,0,-0.4396159006,WT,damaging
ACH-002800,0,-0.2515029366,WT,damaging
ACH-002485,0,-0.1658726701,WT,damaging
ACH-000018,0,-0.4362190377,WT,damaging
ACH-002033,0,-0.2653405788,WT,damaging
ACH-003186,0,-0.5222069575,WT,damaging
ACH-003573,0,-0.4508981729,WT,damaging
ACH-000045,0,-0.0133090907,WT,damaging
ACH-000151,0,-0.276335062,WT,damaging
ACH-000393,0,-0.6117603471,WT,damaging
ACH-001791,0,-0.151585212,WT,damaging
ACH-002511,0,-0.23249755,WT,damaging
ACH-002678,0,-0.3253225714,WT,damaging
ACH-001421,0,-0.3715719424,WT,damaging
ACH-000464,0,-0.2448141451,WT,damaging
ACH-000232,0,-0.3276617207,WT,damaging
ACH-000211,0,-0.171845731,WT,damaging
ACH-001799,0,-0.3329011044,WT,damaging
ACH-001702,0,-0.1416571485,WT,damaging
ACH-000481,0,-0.2733958479,WT,damaging
ACH-002512,0,-0.3178276004,WT,damaging
ACH-000153,0,-0.6204199857,WT,damaging
ACH-000139,0,-0.6659710438,WT,damaging
ACH-001096,0,-1.898545381,WT,damaging
ACH-002499,0,-0.3010670152,WT,damaging
ACH-001422,0,-0.2294915674,WT,damaging
ACH-000145,0,-0.3153467541,WT,damaging
ACH-001129,0,-0.4174076701,WT,damaging
ACH-001533,0,-0.2563042176,WT,damaging
ACH-001211,0,-0.2579452241,WT,damaging
ACH-001606,0,-0.3571109421,WT,damaging
ACH-000014,0,-0.1645435442,WT,damaging
ACH-000022,0,-0.4674233683,WT,damaging
ACH-002014,0,-0.6691177929,WT,damaging
ACH-000025,0,-1.2977151561,WT,damaging
ACH-002465,0,-0.1531538981,WT,damaging
ACH-001075,0,-0.2574171475,WT,damaging
ACH-000688,0,-0.1215957187,WT,damaging
ACH-000048,0,-0.2473604029,WT,damaging
ACH-001613,0,-0.112306351,WT,damaging
ACH-001719,0,-1.0431179306,WT,damaging
ACH-000722,0,-0.4123135575,WT,damaging
ACH-001402,0,-0.2429449225,WT,damaging
ACH-001518,0,-0.2676615434,WT,damaging
ACH-001495,0,-0.3512073539,WT,damaging
ACH-001409,0,-0.3298036113,WT,damaging
ACH-000926,0,-0.3276839316,WT,damaging
ACH-001517,0,-0.3049105324,WT,damaging
ACH-001786,0,-0.4685040713,WT,damaging
ACH-001566,0,-0.2530375295,WT,damaging
ACH-000876,0,-0.2263940547,WT,damaging
ACH-001550,0,-0.2834241106,WT,damaging
ACH-000346,0,-0.1061320366,WT,damaging
ACH-000149,0,-0.0404613334,WT,damaging
ACH-000824,0,-0.1631686854,WT,damaging
ACH-001568,0,-0.2540002896,WT,damaging
ACH-000970,0,-0.0694957975,WT,damaging
ACH-002263,0,-0.2329970497,WT,damaging
ACH-002233,0,0.0813851696,WT,damaging
ACH-001605,0,-0.5038590263,WT,damaging
ACH-000993,0,-0.1732333158,WT,damaging
ACH-002179,0,-0.1779203895,WT,damaging
ACH-000274,0,-0.2508086431,WT,damaging
ACH-002202,0,-0.3537925892,WT,damaging
ACH-000991,0,-0.2252671162,WT,damaging
ACH-001664,0,-0.1901840592,WT,damaging
ACH-002210,0,-0.4460696489,WT,damaging
ACH-002295,0,-0.8125457421,WT,damaging
ACH-000491,0,-0.2389424046,WT,damaging
ACH-002140,0,-0.215827059,WT,damaging
ACH-000434,0,-1.107293991,WT,damaging
ACH-002110,0,-0.2551828841,WT,damaging
ACH-001820,0,-0.0668832354,WT,damaging
ACH-000501,0,-0.5040202412,WT,damaging
ACH-001137,0,-0.3617538374,WT,damaging
ACH-000619,0,-0.6367938319,WT,damaging
ACH-000026,0,-0.3357191459,WT,damaging
ACH-002247,0,-0.4240348427,WT,damaging
ACH-000425,0,-0.4138048198,WT,damaging
ACH-002278,0,-0.3610163847,WT,damaging
ACH-001345,0,-0.0280419761,WT,damaging
ACH-002183,0,-0.4384130176,WT,damaging
ACH-000296,0,-0.0642661608,WT,damaging
ACH-001552,0,-0.224496107,WT,damaging
ACH-000916,0,-0.880002552,WT,damaging
ACH-000823,0,-0.221840476,WT,damaging
ACH-000765,0,-0.2957586235,WT,damaging
ACH-000404,0,-0.0211203476,WT,damaging
ACH-001403,0,-0.4779302651,WT,damaging
ACH-001853,0,-0.2275985127,WT,damaging
ACH-001126,0,-0.0564460352,WT,damaging
ACH-002212,0,-1.7246178171,WT,damaging
ACH-000821,0,-0.0996111872,WT,damaging
ACH-001331,0,-0.2448844218,WT,damaging
ACH-001698,0,-0.4676322082,WT,damaging
ACH-001454,0,-0.2304894825,WT,damaging
ACH-000972,0,-0.7136594629,WT,damaging
ACH-001970,0,-0.198463692,WT,damaging
ACH-002249,0,-0.2450812877,WT,damaging
ACH-002265,0,-0.1875743028,WT,damaging
ACH-000860,0,-0.288627333,WT,damaging
ACH-001028,0,-0.2271833563,WT,damaging
ACH-000984,0,-0.2518906757,WT,damaging
ACH-000885,0,-0.3395788987,WT,damaging
ACH-000775,0,-0.4985434057,WT,damaging
ACH-001542,0,-0.2977356772,WT,damaging
ACH-000920,0,-0.616230952,WT,damaging
ACH-001145,0,-0.3955087412,WT,damaging
ACH-002234,0,-0.1394184641,WT,damaging
ACH-000873,0,-0.4678047699,WT,damaging
ACH-000717,0,-1.2621536878,WT,damaging
ACH-002251,0,-0.4241617205,WT,damaging
ACH-001497,0,-0.5104172269,WT,damaging
ACH-001838,0,-0.1665702961,WT,damaging
ACH-000884,0,-0.3999994567,WT,damaging
ACH-000208,0,-0.3840259573,WT,damaging
ACH-000549,0,-0.2150446824,WT,damaging
ACH-001570,0,-0.1131898364,WT,damaging
ACH-000672,0,-0.2410566076,WT,damaging
ACH-000562,0,-0.3624805792,WT,damaging
ACH-001864,0,-0.3217658581,WT,damaging
ACH-001498,0,-0.128621484,WT,damaging
ACH-002305,0,-0.2090831747,WT,damaging
ACH-000269,0,-0.5501201481,WT,damaging
ACH-000268,0,-0.5996141057,WT,damaging
ACH-001521,0,-0.4735125854,WT,damaging
ACH-001555,0,-0.1896223758,WT,damaging
ACH-000980,0,-0.2548030637,WT,damaging
ACH-002285,0,-0.1677017617,WT,damaging
ACH-001544,0,-0.14842464,WT,damaging
ACH-000638,0,-0.270333774,WT,damaging
ACH-000886,0,-0.4519746597,WT,damaging
ACH-000252,0,-0.3753021668,WT,damaging
ACH-001523,0,-0.3417664634,WT,damaging
ACH-001627,0,-0.1282060583,WT,damaging
ACH-000472,0,-0.7531168916,WT,damaging
ACH-000962,0,-0.4011229288,WT,damaging
ACH-001098,0,-0.1264430213,WT,damaging
ACH-001360,0,-0.2191679718,WT,damaging
ACH-001389,0,-0.1731132823,WT,damaging
ACH-001625,0,-0.7846231884,WT,damaging
ACH-000197,0,-0.3462663195,WT,damaging
ACH-000115,0,-0.2783273076,WT,damaging
ACH-002189,0,-0.1663941361,WT,damaging
ACH-001081,0,-0.0866571795,WT,damaging
ACH-000556,0,-0.2877221233,WT,damaging
ACH-001850,0,-0.6137419284,WT,damaging
ACH-000458,0,-0.3843508557,WT,damaging
ACH-001862,0,-0.3764121925,WT,damaging
ACH-001688,0,-0.1604758525,WT,damaging
ACH-001335,0,-0.3720797458,WT,damaging
ACH-001607,0,-0.1183117253,WT,damaging
ACH-002294,0,-0.6058636738,WT,damaging
ACH-001991,0,-0.0884288255,WT,damaging
ACH-001857,0,-0.7457033544,WT,damaging
ACH-001367,0,-0.3517182881,WT,damaging
ACH-001451,0,-0.2567306771,WT,damaging
ACH-000181,0,-0.0910116868,WT,damaging
ACH-001997,0,-0.4035493389,WT,damaging
ACH-001645,0,-0.1062709513,WT,damaging
ACH-001065,0,-0.2758371701,WT,damaging
ACH-000138,0,-1.5802412345,WT,damaging
ACH-002141,0,-0.075114029,WT,damaging
ACH-001016,0,-0.073264552,WT,damaging
ACH-000094,0,-0.3185121718,WT,damaging
ACH-002250,0,-0.242446306,WT,damaging
ACH-001233,0,-0.2837021354,WT,damaging
ACH-002243,0,-0.3176741717,WT,damaging
ACH-000106,0,-0.2689403629,WT,damaging
ACH-001639,0,-0.2929593531,WT,damaging
ACH-002280,0,-0.8367987553,WT,damaging
ACH-002156,0,-0.0711168898,WT,damaging
ACH-000864,0,-0.6827068038,WT,damaging
ACH-000518,0,-0.3694345573,WT,damaging
ACH-001408,0,-1.2470949973,WT,damaging
ACH-001394,0,-0.131350004,WT,damaging
ACH-001858,0,-1.3510585134,WT,damaging
ACH-002228,0,-0.7364920034,WT,damaging
ACH-000467,0,-0.507579616,WT,damaging
ACH-002282,0,-0.0943588403,WT,damaging
ACH-000512,0,-0.445625456,WT,damaging
ACH-001374,0,-0.3872931241,WT,damaging
ACH-001549,0,-0.3888096086,WT,damaging
ACH-000757,0,-0.1939938716,WT,damaging
ACH-001515,0,-0.2808746473,WT,damaging
ACH-001172,0,-0.356279712,WT,damaging
ACH-001415,0,-0.3287077,WT,damaging
ACH-001416,0,-0.327757711,WT,damaging
ACH-000558,0,-0.7192967999,WT,damaging
ACH-001563,0,-0.0738969703,WT,damaging
ACH-001843,0,-0.4388558456,WT,damaging
ACH-001652,0,-0.3430822823,WT,damaging
ACH-000161,0,-0.1130631081,WT,damaging
ACH-001341,0,-0.3701223098,WT,damaging
ACH-001328,0,-0.3097375698,WT,damaging
ACH-000242,0,-0.3446726727,WT,damaging
ACH-000489,0,-0.7830482665,WT,damaging
ACH-001346,0,-0.3145243783,WT,damaging
ACH-001407,0,-2.5035970749,WT,damaging
ACH-001392,0,-0.3035088498,WT,damaging
ACH-001039,0,-0.245024475,WT,damaging
ACH-002161,0,-0.6063142047,WT,damaging
ACH-002186,0,-0.95852081,WT,damaging
ACH-000303,0,-0.2629026833,WT,damaging
ACH-000702,0,-0.3688354401,WT,damaging
ACH-000519,0,-0.2186187415,WT,damaging
ACH-000271,0,-0.266825071,WT,damaging
ACH-001616,0,-0.0564798319,WT,damaging
ACH-001852,0,-0.2986533026,WT,damaging
ACH-001411,0,-0.0548426542,WT,damaging
ACH-001524,0,-1.2089308752,WT,damaging
ACH-001412,0,-0.2763774264,WT,damaging
ACH-001386,0,-0.2828827909,WT,damaging
ACH-000798,0,-0.048728566,WT,damaging
ACH-001538,0,-0.4823303643,WT,damaging
ACH-002109,0,-0.1220138066,WT,damaging
ACH-001567,0,-0.2360703586,WT,damaging
ACH-001690,0,-1.8071224286,WT,damaging
ACH-002261,0,-0.2740224925,WT,damaging
ACH-000695,0,-0.4526284263,WT,damaging
ACH-000561,0,-0.4954994991,WT,damaging
ACH-001632,0,-0.2338003699,WT,damaging
ACH-001861,0,-0.035865408,WT,damaging
ACH-000787,0,-0.28688307,WT,damaging
ACH-001973,0,-0.2747492639,WT,damaging
ACH-001413,0,-1.2426643571,WT,damaging
ACH-001443,0,-0.322076209,WT,damaging
ACH-000563,0,-0.3992867754,WT,damaging
ACH-002461,0,-1.304098248,WT,damaging
ACH-001522,0,-0.3167913969,WT,damaging
ACH-000546,0,-0.5482667402,WT,damaging
ACH-000239,0,-0.4272337046,WT,damaging
ACH-000567,0,-0.097021112,WT,damaging
ACH-000577,0,-0.2825018604,WT,damaging
ACH-001626,0,-0.680407805,WT,damaging
ACH-001033,0,-0.3434303516,WT,damaging
ACH-000631,0,-0.40518465,WT,damaging
ACH-002105,0,-0.3408318867,WT,damaging
ACH-002198,0,-0.2931536923,WT,damaging
ACH-000584,0,-0.1952962086,WT,damaging
ACH-000339,0,-0.8033308846,WT,damaging
ACH-000685,0,-0.4350965051,WT,damaging
ACH-000495,0,-0.2440981793,WT,damaging
ACH-000660,0,-0.5451090435,WT,damaging
ACH-002160,0,-0.0873397664,WT,damaging
ACH-000565,0,-0.722929514,WT,damaging
ACH-000430,0,0.0462038298,WT,damaging
ACH-000656,0,-0.2302252386,WT,damaging
ACH-001418,0,-1.5544742921,WT,damaging
ACH-000485,0,-0.1581384507,WT,damaging
ACH-001551,0,-0.5121356057,WT,damaging
ACH-000851,0,-0.4339954479,WT,damaging
ACH-001496,0,-0.3682141769,WT,damaging
ACH-000100,0,-0.3784719329,WT,damaging
ACH-002269,0,-0.3567148037,WT,damaging
ACH-001795,0,-0.2040109355,WT,damaging
ACH-001794,0,-0.1582082987,WT,damaging
ACH-001630,0,-0.1888325517,WT,damaging
ACH-001382,0,-1.029065571,WT,damaging
ACH-000862,0,-0.3728843328,WT,damaging
ACH-001500,0,-0.4413018886,WT,damaging
ACH-000067,0,-0.2270779796,WT,damaging
ACH-001536,0,-0.8368863535,WT,damaging
ACH-002298,0,-0.1277035611,WT,damaging
ACH-001194,0,-0.5438543935,WT,damaging
ACH-001347,0,-0.7566267843,WT,damaging
ACH-001513,0,-0.2022087772,WT,damaging
ACH-001844,0,-0.6274791828,WT,damaging
ACH-001377,0,-0.2786195909,WT,damaging
ACH-000414,0,-0.2679632275,WT,damaging
ACH-000606,0,-0.1265239039,WT,damaging
ACH-001687,0,-0.3146533903,WT,damaging
ACH-001391,0,-0.1835309584,WT,damaging
ACH-000571,0,-0.6115653593,WT,damaging
ACH-001532,0,-0.2987866194,WT,damaging
ACH-001414,0,-0.0519286713,WT,damaging
ACH-001554,0,-0.5223448561,WT,damaging
ACH-001559,0,-0.1265229747,WT,damaging
ACH-002297,0,-0.4300339459,WT,damaging
ACH-002239,0,-0.2708519626,WT,damaging
ACH-001841,0,-0.2506170002,WT,damaging
ACH-001655,0,-0.5735607869,WT,damaging
ACH-001628,0,-0.4179227307,WT,damaging
ACH-001558,0,-0.484734402,WT,damaging
ACH-000294,0,-0.6963672367,WT,damaging
ACH-000741,0,-0.2912901326,WT,damaging
ACH-000459,0,-0.122238105,WT,damaging
ACH-000396,0,-0.1832481205,WT,damaging
ACH-000609,0,-0.2645351375,WT,damaging
ACH-001229,0,-0.2401283008,WT,damaging
ACH-000863,0,-0.6705592674,WT,damaging
ACH-001450,0,0.1089645607,WT,damaging
ACH-001692,0,-1.4083696175,WT,damaging
ACH-001960,0,-0.2909960379,WT,damaging
ACH-001329,0,-0.1281511474,WT,damaging
ACH-001396,0,-0.2534762669,WT,damaging
ACH-001819,0,-0.4573270154,WT,damaging
ACH-001459,0,-1.2600978736,WT,damaging
ACH-001539,0,0.0042300197,WT,damaging
ACH-001460,0,-1.629628633,WT,damaging
ACH-002304,0,-0.3913545619,WT,damaging
ACH-001520,0,-0.0424452562,WT,damaging
ACH-001332,0,-0.4016638773,WT,damaging
ACH-000176,0,-0.7228175855,WT,damaging
ACH-000103,0,-0.6007151595,WT,damaging
ACH-000255,0,-0.3407900425,WT,damaging
ACH-001653,0,-0.1888125376,WT,damaging
ACH-001796,0,-0.2203875924,WT,damaging
ACH-002296,0,-0.1339239669,WT,damaging
ACH-002181,0,-0.4997839869,WT,damaging
ACH-000591,0,-0.9331976475,WT,damaging
ACH-000178,0,-0.6396168081,WT,damaging
ACH-000569,0,-0.2118863266,WT,damaging
ACH-001529,0,-0.1125245578,WT,damaging
ACH-000677,0,-0.1265338987,WT,damaging
ACH-001959,0,-0.2081073026,WT,damaging
ACH-001999,0,-1.0283214509,WT,damaging
ACH-001048,0,-0.3197023287,WT,damaging
ACH-001390,0,-0.0695222207,WT,damaging
ACH-000597,0,-0.3079287415,WT,damaging
ACH-002229,0,-0.2622395048,WT,damaging
ACH-000774,0,-0.2638229437,WT,damaging
ACH-001340,0,-1.7157932012,WT,damaging
ACH-000436,0,-0.1701455884,WT,damaging
ACH-001836,0,-0.0574306987,WT,damaging
ACH-001835,0,-0.1559294245,WT,damaging
ACH-001834,0,-0.0556010684,WT,damaging
ACH-001399,0,-0.8741495493,WT,damaging
ACH-001388,0,-0.2536484332,WT,damaging
ACH-000209,0,-0.1527919772,WT,damaging
ACH-001380,0,-0.0768185064,WT,damaging
ACH-002119,0,-0.3209607438,WT,damaging
ACH-001525,0,-1.145928627,WT,damaging
ACH-001375,0,-0.4369621775,WT,damaging
ACH-002114,0,-0.3278020243,WT,damaging
ACH-002116,0,-0.2045968169,WT,damaging
ACH-001356,0,-0.3458209296,WT,damaging
ACH-001654,0,-0.3319471433,WT,damaging
ACH-002230,0,-0.5334967302,WT,damaging
ACH-000213,0,-0.1235442239,WT,damaging
ACH-001557,0,-0.778033797,WT,damaging
ACH-001650,0,-0.2844471741,WT,damaging
ACH-001849,0,-0.3516053802,WT,damaging
ACH-001289,0,-0.3947467495,WT,damaging
ACH-001510,0,-0.1916412912,WT,damaging
ACH-001107,0,-0.4130200196,WT,damaging
ACH-001511,0,-0.3663717285,WT,damaging
ACH-000398,0,-0.2532436579,WT,damaging
ACH-000305,0,-0.4659640123,WT,damaging
ACH-000124,0,-0.2831551593,WT,damaging
ACH-000794,0,-0.392688736,WT,damaging
ACH-001041,0,-0.2467988347,WT,damaging
ACH-002284,0,-0.3503351803,WT,damaging
ACH-002106,0,-0.4289693805,WT,damaging
ACH-001673,0,-0.2364479808,WT,damaging
ACH-001556,0,-0.2035295174,WT,damaging
ACH-001370,0,-1.1861425476,WT,damaging
ACH-000442,0,-0.2692530543,WT,damaging
ACH-002150,0,-0.6536953795,WT,damaging
ACH-001648,0,-0.1082124664,WT,damaging
ACH-001419,0,-0.8504652211,WT,damaging
ACH-001856,0,-0.2203965184,WT,damaging
ACH-001842,0,-0.7515035024,WT,damaging
ACH-001353,0,-0.5921087189,WT,damaging
ACH-001379,0,-0.4609598518,WT,damaging
ACH-001961,0,-1.4052757467,WT,damaging
ACH-000646,0,-0.2990886765,WT,damaging
ACH-001634,0,-0.2498151547,WT,damaging
ACH-001603,0,-0.4216695578,WT,damaging
ACH-000446,0,-1.0499863949,WT,damaging
ACH-000055,0,-0.2579448134,WT,damaging
ACH-000266,0,-2.2221093485,WT,damaging
ACH-001839,0,-0.1031986957,WT,damaging
ACH-002257,0,-0.5236862168,WT,damaging
ACH-001376,0,-1.0883975131,WT,damaging
ACH-001651,0,-0.1266487279,WT,damaging
ACH-002083,0,-0.2519095589,WT,damaging
ACH-002143,0,-0.6303360181,WT,damaging
ACH-000604,0,-0.0419846748,WT,damaging
ACH-001458,0,-0.6630383693,WT,damaging
ACH-001453,0,-0.3293810742,WT,damaging
ACH-001270,0,-0.4944965828,WT,damaging
ACH-001050,0,-0.2733075142,WT,damaging
ACH-001484,0,-0.3074464804,WT,damaging
ACH-001163,0,-0.2810743049,WT,damaging
ACH-001368,0,-0.5076343868,WT,damaging
ACH-002462,0,-0.1571011221,WT,damaging
ACH-002467,0,-0.2980050339,WT,damaging
ACH-001310,0,-0.6984865639,WT,damaging
