CancerType,CNA,N,denominator,Percentage,Order
KICH,Deep Deletion,0,80,0,1
KICH,Shallow Deletion,58,80,72.5,1
KICH,Diploid,21,80,26.25,1
KICH,Gain,1,80,1.25,1
KICH,Amplification,0,80,0,1
ACC,Deep Deletion,0,91,0,2
ACC,Shallow Deletion,12,91,13.1868131868132,2
ACC,Diploid,67,91,73.6263736263736,2
ACC,Gain,7,91,7.69230769230769,2
ACC,Amplification,5,91,5.4945054945055,2
BLCA,Deep Deletion,0,414,0,3
BLCA,Shallow Deletion,30,414,7.2463768115942,3
BLCA,Diploid,241,414,58.2125603864734,3
BLCA,Gain,116,414,28.0193236714976,3
BLCA,Amplification,27,414,6.52173913043478,3
CESC,Deep Deletion,0,304,0,4
CESC,Shallow Deletion,5,304,1.64473684210526,4
CESC,Diploid,157,304,51.6447368421053,4
CESC,Gain,117,304,38.4868421052632,4
CESC,Amplification,25,304,8.22368421052632,4
CHOL,Deep Deletion,0,49,0,5
CHOL,Shallow Deletion,1,49,2.04081632653061,5
CHOL,Diploid,25,49,51.0204081632653,5
CHOL,Gain,16,49,32.6530612244898,5
CHOL,Amplification,7,49,14.2857142857143,5
COAD,Deep Deletion,0,473,0,6
COAD,Shallow Deletion,30,473,6.34249471458774,6
COAD,Diploid,353,473,74.6300211416491,6
COAD,Gain,74,473,15.6448202959831,6
COAD,Amplification,16,473,3.38266384778013,6
DLBC,Deep Deletion,0,48,0,7
DLBC,Shallow Deletion,2,48,4.16666666666667,7
DLBC,Diploid,30,48,62.5,7
DLBC,Gain,14,48,29.1666666666667,7
DLBC,Amplification,2,48,4.16666666666667,7
ESCA,Deep Deletion,0,186,0,8
ESCA,Shallow Deletion,12,186,6.45161290322581,8
ESCA,Diploid,105,186,56.4516129032258,8
ESCA,Gain,56,186,30.1075268817204,8
ESCA,Amplification,13,186,6.98924731182796,8
GBM,Deep Deletion,0,606,0,9
GBM,Shallow Deletion,12,606,1.98019801980198,9
GBM,Diploid,545,606,89.9339933993399,9
GBM,Gain,45,606,7.42574257425743,9
GBM,Amplification,4,606,0.66006600660066,9
HNSC,Deep Deletion,0,527,0,10
HNSC,Shallow Deletion,22,527,4.17457305502846,10
HNSC,Diploid,391,527,74.1935483870968,10
HNSC,Gain,94,527,17.8368121442125,10
HNSC,Amplification,20,527,3.79506641366224,10
KIRC,Deep Deletion,0,536,0,11
KIRC,Shallow Deletion,33,536,6.15671641791045,11
KIRC,Diploid,454,536,84.7014925373134,11
KIRC,Gain,43,536,8.02238805970149,11
KIRC,Amplification,6,536,1.11940298507463,11
KIRP,Deep Deletion,0,291,0,12
KIRP,Shallow Deletion,15,291,5.15463917525773,12
KIRP,Diploid,262,291,90.0343642611684,12
KIRP,Gain,7,291,2.40549828178694,12
KIRP,Amplification,7,291,2.40549828178694,12
LAML,Deep Deletion,0,197,0,13
LAML,Shallow Deletion,0,197,0,13
LAML,Diploid,195,197,98.9847715736041,13
LAML,Gain,2,197,1.01522842639594,13
LAML,Amplification,0,197,0,13
LGG,Deep Deletion,0,533,0,14
LGG,Shallow Deletion,7,533,1.31332082551595,14
LGG,Diploid,499,533,93.6210131332083,14
LGG,Gain,26,533,4.87804878048781,14
LGG,Amplification,1,533,0.187617260787992,14
LUSC,Deep Deletion,0,504,0,15
LUSC,Shallow Deletion,16,504,3.17460317460317,15
LUSC,Diploid,265,504,52.5793650793651,15
LUSC,Gain,155,504,30.7539682539683,15
LUSC,Amplification,68,504,13.4920634920635,15
MESO,Deep Deletion,0,87,0,16
MESO,Shallow Deletion,5,87,5.74712643678161,16
MESO,Diploid,64,87,73.5632183908046,16
MESO,Gain,14,87,16.0919540229885,16
MESO,Amplification,4,87,4.59770114942529,16
OV,Deep Deletion,0,594,0,17
OV,Shallow Deletion,27,594,4.54545454545455,17
OV,Diploid,288,594,48.4848484848485,17
OV,Gain,207,594,34.8484848484849,17
OV,Amplification,72,594,12.1212121212121,17
PAAD,Deep Deletion,0,186,0,18
PAAD,Shallow Deletion,4,186,2.1505376344086,18
PAAD,Diploid,135,186,72.5806451612903,18
PAAD,Gain,40,186,21.505376344086,18
PAAD,Amplification,7,186,3.76344086021505,18
PCPG,Deep Deletion,0,183,0,19
PCPG,Shallow Deletion,11,183,6.01092896174863,19
PCPG,Diploid,153,183,83.6065573770492,19
PCPG,Gain,19,183,10.3825136612022,19
PCPG,Amplification,0,183,0,19
PRAD,Deep Deletion,0,499,0,20
PRAD,Shallow Deletion,11,499,2.20440881763527,20
PRAD,Diploid,469,499,93.9879759519038,20
PRAD,Gain,17,499,3.40681362725451,20
PRAD,Amplification,2,499,0.400801603206413,20
READ,Deep Deletion,0,168,0,21
READ,Shallow Deletion,12,168,7.14285714285714,21
READ,Diploid,109,168,64.8809523809524,21
READ,Gain,40,168,23.8095238095238,21
READ,Amplification,7,168,4.16666666666667,21
SARC,Deep Deletion,0,261,0,22
SARC,Shallow Deletion,33,261,12.6436781609195,22
SARC,Diploid,177,261,67.816091954023,22
SARC,Gain,35,261,13.4099616858238,22
SARC,Amplification,16,261,6.13026819923372,22
SKCM,Deep Deletion,0,472,0,23
SKCM,Shallow Deletion,27,472,5.72033898305085,23
SKCM,Diploid,225,472,47.6694915254237,23
SKCM,Gain,163,472,34.5338983050848,23
SKCM,Amplification,57,472,12.0762711864407,23
STAD,Deep Deletion,0,442,0,24
STAD,Shallow Deletion,10,442,2.26244343891403,24
STAD,Diploid,295,442,66.7420814479638,24
STAD,Gain,111,442,25.1131221719457,24
STAD,Amplification,26,442,5.88235294117647,24
TGCT,Deep Deletion,0,269,0,25
TGCT,Shallow Deletion,5,269,1.85873605947955,25
TGCT,Diploid,153,269,56.8773234200744,25
TGCT,Gain,104,269,38.6617100371747,25
TGCT,Amplification,7,269,2.60223048327138,25
THCA,Deep Deletion,0,511,0,26
THCA,Shallow Deletion,4,511,0.782778864970646,26
THCA,Diploid,479,511,93.7377690802348,26
THCA,Gain,24,511,4.69667318982387,26
THCA,Amplification,4,511,0.782778864970646,26
THYM,Deep Deletion,0,124,0,27
THYM,Shallow Deletion,0,124,0,27
THYM,Diploid,96,124,77.4193548387097,27
THYM,Gain,21,124,16.9354838709677,27
THYM,Amplification,7,124,5.64516129032258,27
UCEC,Deep Deletion,0,549,0,28
UCEC,Shallow Deletion,5,549,0.910746812386157,28
UCEC,Diploid,343,549,62.4772313296904,28
UCEC,Gain,121,549,22.040072859745,28
UCEC,Amplification,80,549,14.5719489981785,28
UCS,Deep Deletion,0,56,0,29
UCS,Shallow Deletion,6,56,10.7142857142857,29
UCS,Diploid,24,56,42.8571428571429,29
UCS,Gain,19,56,33.9285714285714,29
UCS,Amplification,7,56,12.5,29
UVM,Deep Deletion,0,80,0,30
UVM,Shallow Deletion,1,80,1.25,30
UVM,Diploid,71,80,88.75,30
UVM,Gain,7,80,8.75,30
UVM,Amplification,1,80,1.25,30
LUAD,Deep Deletion,0,533,0,31
LUAD,Shallow Deletion,13,533,2.4390243902439,31
LUAD,Diploid,185,533,34.7091932457786,31
LUAD,Gain,234,533,43.9024390243902,31
LUAD,Amplification,101,533,18.9493433395872,31
BRCA,Deep Deletion,0,1109,0,32
BRCA,Shallow Deletion,16,1109,1.44274120829576,32
BRCA,Diploid,322,1109,29.0351668169522,32
BRCA,Gain,449,1109,40.4869251577998,32
BRCA,Amplification,322,1109,29.0351668169522,32
LIHC,Deep Deletion,0,377,0,33
LIHC,Shallow Deletion,10,377,2.6525198938992,33
LIHC,Diploid,114,377,30.2387267904509,33
LIHC,Gain,175,377,46.4190981432361,33
LIHC,Amplification,78,377,20.6896551724138,33
