term,estimate,std.error,statistic,p.value,N,GDCRelease,DataLayer
(Intercept),3.86411292527467,0.0760147604923564,50.83371834952,0,10542,DR46,gdc_DR46
CN,0.201073386062131,0.00708760796799157,28.3697104820415,1.16268549540614e-170,10542,DR46,gdc_DR46
CancerTypeBLCA,1.09900857457454,0.0819557009439144,13.4097879942072,1.14345139574798e-40,10542,DR46,gdc_DR46
CancerTypeBRCA,1.58287248899394,0.0776565252629157,20.3829940064268,1.31978633427924e-90,10542,DR46,gdc_DR46
CancerTypeCESC,1.50786914292145,0.0841703420641104,17.9144946538645,1.01872556465389e-70,10542,DR46,gdc_DR46
CancerTypeCHOL,1.09839016362867,0.134645373598019,8.15765246348447,3.80577758387037e-16,10542,DR46,gdc_DR46
CancerTypeCOAD,1.21660204508257,0.0808942630022914,15.0394107063948,1.35942610144318e-50,10542,DR46,gdc_DR46
CancerTypeDLBC,0.764812866550052,0.121669624823125,6.28598031482288,3.38717621999734e-10,10542,DR46,gdc_DR46
CancerTypeESCA,1.49677762012596,0.0894354212473871,16.7358480482328,4.55454918980845e-62,10542,DR46,gdc_DR46
CancerTypeGBM,0.464313717838684,0.0843901309414157,5.50199072639209,3.84333073078601e-08,10542,DR46,gdc_DR46
CancerTypeHNSC,1.61004580144271,0.0803681838422655,20.0333729651358,1.20583311504622e-87,10542,DR46,gdc_DR46
CancerTypeKICH,0.656911969739303,0.110695066707569,5.93442859991866,3.04183826705302e-09,10542,DR46,gdc_DR46
CancerTypeKIRC,1.0610510051298,0.0802592964019392,13.2202879005573,1.38630239827339e-39,10542,DR46,gdc_DR46
CancerTypeKIRP,0.473942919067128,0.0844096301012428,5.61479677731878,2.01790909390101e-08,10542,DR46,gdc_DR46
CancerTypeLAML,1.35503752328528,0.094258385925467,14.3757768603926,2.02187026962695e-46,10542,DR46,gdc_DR46
CancerTypeLGG,0.80349818688984,0.0803983001179226,9.99396984403059,2.06008988179994e-23,10542,DR46,gdc_DR46
CancerTypeLIHC,-0.115702442229279,0.0825415659045794,-1.40174760390462,0.161020166206616,10542,DR46,gdc_DR46
CancerTypeLUAD,1.11372527010966,0.0803146247774753,13.8670294880343,2.41490828473142e-43,10542,DR46,gdc_DR46
CancerTypeLUSC,1.53500243221169,0.0806559554666922,19.0314828375642,2.01183877373982e-79,10542,DR46,gdc_DR46
CancerTypeMESO,0.920834642429181,0.103194264613253,8.92331221972699,5.27806037942789e-19,10542,DR46,gdc_DR46
CancerTypeOV,0.434056919496516,0.0815379875813816,5.32337052178645,1.0396125663338e-07,10542,DR46,gdc_DR46
CancerTypePAAD,1.04609697367704,0.0897981702569595,11.6494241551205,3.58993061441351e-31,10542,DR46,gdc_DR46
CancerTypePCPG,0.750767484442025,0.0895576616427498,8.38306260649006,5.81595529821555e-17,10542,DR46,gdc_DR46
CancerTypePRAD,1.09262584893803,0.0805845434086299,13.5587521219487,1.57049297574392e-41,10542,DR46,gdc_DR46
CancerTypeREAD,0.9668011462909,0.090772849158791,10.6507744909456,2.35603250199319e-26,10542,DR46,gdc_DR46
CancerTypeSARC,0.978655537763723,0.0855665075780366,11.437366856082,4.09853412012782e-30,10542,DR46,gdc_DR46
CancerTypeSKCM,0.849590399852035,0.0810285931204649,10.4850691235494,1.35308174549964e-25,10542,DR46,gdc_DR46
CancerTypeSTAD,1.05686791540792,0.0817315469992865,12.9309667345113,5.859463583874e-38,10542,DR46,gdc_DR46
CancerTypeTGCT,0.378810019133518,0.0917971570282829,4.1265985940807,3.71008546564164e-05,10542,DR46,gdc_DR46
CancerTypeTHCA,1.23063687134372,0.0804793034607476,15.2913459538568,3.18121003058156e-52,10542,DR46,gdc_DR46
CancerTypeTHYM,1.12995492436178,0.0962656054890626,11.7378882999927,1.28350071321851e-31,10542,DR46,gdc_DR46
CancerTypeUCEC,0.495610022659138,0.0801381504420647,6.18444548476865,6.46389402373114e-10,10542,DR46,gdc_DR46
CancerTypeUCS,0.409227825171905,0.116202441523516,3.52168009386522,0.0004306400005822,10542,DR46,gdc_DR46
CancerTypeUVM,-0.0913836930024492,0.105312767867405,-0.867736124051993,0.385558620907694,10542,DR46,gdc_DR46
