CancerType,CNA,N,denominator,prevalence
UCEC,Diploid,409,539,0.758812615955473
LGG,Diploid,425,513,0.828460038986355
GBM,Diploid,445,577,0.771230502599653
BRCA,Diploid,573,1080,0.530555555555556
CESC,Diploid,181,295,0.613559322033898
LUAD,Gain,57,516,0.11046511627907
SKCM,Diploid,213,367,0.580381471389646
ESCA,Shallow deletion,101,184,0.548913043478261
SARC,Diploid,137,257,0.53307392996109
KIRP,Diploid,235,288,0.815972222222222
LIHC,Diploid,248,370,0.67027027027027
PRAD,Diploid,348,492,0.707317073170732
STAD,Deep deletion,13,441,0.0294784580498866
SKCM,Shallow deletion,99,367,0.269754768392371
LAML,Diploid,187,191,0.979057591623037
SARC,Shallow deletion,78,257,0.303501945525292
UCEC,Shallow deletion,89,539,0.165120593692022
STAD,Diploid,199,441,0.45124716553288
PRAD,Shallow deletion,117,492,0.237804878048781
BRCA,Gain,153,1080,0.141666666666667
HNSC,Shallow deletion,260,522,0.498084291187739
KIRC,Diploid,406,528,0.768939393939394
HNSC,Deep deletion,19,522,0.0363984674329502
BRCA,Shallow deletion,327,1080,0.302777777777778
THYM,Diploid,112,123,0.910569105691057
READ,Shallow deletion,139,165,0.842424242424242
COAD,Shallow deletion,271,451,0.600886917960089
LUSC,Gain,88,501,0.17564870259481
THCA,Diploid,488,499,0.977955911823647
MESO,Diploid,68,87,0.781609195402299
PAAD,Diploid,54,184,0.293478260869565
OV,Diploid,151,579,0.260794473229706
PRAD,Deep deletion,20,492,0.040650406504065
LUAD,Deep deletion,8,516,0.0155038759689922
OV,Shallow deletion,353,579,0.609671848013817
TGCT,Diploid,25,150,0.166666666666667
CESC,Shallow deletion,79,295,0.267796610169492
KIRC,Shallow deletion,94,528,0.178030303030303
LUAD,Diploid,207,516,0.401162790697674
PAAD,Deep deletion,7,184,0.0380434782608696
OV,Gain,54,579,0.0932642487046632
PCPG,Diploid,144,162,0.888888888888889
PAAD,Shallow deletion,117,184,0.635869565217391
COAD,Diploid,159,451,0.352549889135255
LUAD,Shallow deletion,241,516,0.467054263565892
UVM,Diploid,77,80,0.9625
HNSC,Diploid,209,522,0.400383141762452
TGCT,Shallow deletion,120,150,0.8
LGG,Shallow deletion,70,513,0.1364522417154
MESO,Shallow deletion,16,87,0.183908045977012
SKCM,Gain,55,367,0.149863760217984
GBM,Shallow deletion,71,577,0.123050259965338
BLCA,Shallow deletion,171,408,0.419117647058824
LUSC,Diploid,198,501,0.395209580838323
LUSC,Shallow deletion,203,501,0.405189620758483
UCS,Diploid,22,56,0.392857142857143
LIHC,Shallow deletion,90,370,0.243243243243243
OV,Amplification,7,579,0.0120898100172712
PRAD,Gain,7,492,0.0142276422764228
BLCA,Diploid,176,408,0.431372549019608
ESCA,Gain,21,184,0.114130434782609
THCA,Shallow deletion,5,499,0.0100200400801603
BLCA,Deep deletion,8,408,0.0196078431372549
GBM,Gain,61,577,0.105719237435009
COAD,Deep deletion,13,451,0.0288248337028825
ACC,Diploid,48,90,0.533333333333333
LUSC,Deep deletion,10,501,0.0199600798403194
STAD,Shallow deletion,188,441,0.426303854875283
HNSC,Gain,34,522,0.0651340996168582
KICH,Diploid,42,66,0.636363636363636
CHOL,Gain,5,36,0.138888888888889
SARC,Gain,32,257,0.124513618677043
CESC,Gain,33,295,0.111864406779661
OV,Deep deletion,14,579,0.0241796200345423
ESCA,Diploid,50,184,0.271739130434783
ACC,Shallow deletion,38,90,0.422222222222222
READ,Diploid,20,165,0.121212121212121
KIRP,Gain,8,288,0.0277777777777778
DLBC,Gain,14,48,0.291666666666667
KICH,Gain,16,66,0.242424242424242
BRCA,Deep deletion,10,1080,0.00925925925925926
UCS,Shallow deletion,24,56,0.428571428571429
KIRP,Shallow deletion,45,288,0.15625
DLBC,Shallow deletion,2,48,0.0416666666666667
BLCA,Gain,53,408,0.129901960784314
ESCA,Deep deletion,10,184,0.0543478260869565
LIHC,Gain,31,370,0.0837837837837838
THYM,Gain,3,123,0.024390243902439
STAD,Gain,40,441,0.090702947845805
LIHC,Deep deletion,1,370,0.0027027027027027
TGCT,Deep deletion,4,150,0.0266666666666667
KIRC,Gain,25,528,0.0473484848484848
KICH,Shallow deletion,8,66,0.121212121212121
BRCA,Amplification,17,1080,0.0157407407407407
DLBC,Diploid,29,48,0.604166666666667
LUSC,Amplification,2,501,0.00399201596806387
PCPG,Shallow deletion,7,162,0.0432098765432099
UCEC,Gain,32,539,0.0593692022263451
SARC,Amplification,7,257,0.0272373540856031
CHOL,Shallow deletion,13,36,0.361111111111111
UCEC,Deep deletion,8,539,0.0148423005565863
UCS,Gain,10,56,0.178571428571429
SARC,Deep deletion,3,257,0.0116731517509728
PAAD,Gain,6,184,0.0326086956521739
UVM,Shallow deletion,2,80,0.025
CHOL,Diploid,18,36,0.5
COAD,Gain,8,451,0.0177383592017738
PCPG,Gain,10,162,0.0617283950617284
THYM,Shallow deletion,8,123,0.0650406504065041
ACC,Gain,4,90,0.0444444444444444
MESO,Gain,3,87,0.0344827586206897
KIRC,Deep deletion,2,528,0.00378787878787879
PCPG,Amplification,1,162,0.00617283950617284
LAML,Shallow deletion,4,191,0.0209424083769634
LGG,Gain,15,513,0.0292397660818713
THCA,Gain,6,499,0.0120240480961924
LGG,Amplification,3,513,0.00584795321637427
DLBC,Amplification,3,48,0.0625
ESCA,Amplification,2,184,0.0108695652173913
READ,Deep deletion,4,165,0.0242424242424242
READ,Gain,2,165,0.0121212121212121
UVM,Gain,1,80,0.0125
KIRC,Amplification,1,528,0.00189393939393939
STAD,Amplification,1,441,0.00226757369614512
LUAD,Amplification,3,516,0.00581395348837209
UCEC,Amplification,1,539,0.00185528756957328
CESC,Amplification,1,295,0.00338983050847458
CESC,Deep deletion,1,295,0.00338983050847458
TGCT,Gain,1,150,0.00666666666666667
