CancerType,Workflow,GDCRelease,DataLayer,N_samples,N_finite,CN_median
ACC,ABSOLUTE LiftOver,DR46,gdc_DR46,90,90,2
ACC,AscatNGS,DR46,gdc_DR46,1,1,2
BLCA,ABSOLUTE LiftOver,DR46,gdc_DR46,403,402,2
BLCA,ASCAT3,DR46,gdc_DR46,8,8,2
BLCA,ASCAT2,DR46,gdc_DR46,3,3,2
BRCA,ABSOLUTE LiftOver,DR46,gdc_DR46,1057,1056,2
BRCA,ASCAT3,DR46,gdc_DR46,43,43,2
BRCA,ASCAT2,DR46,gdc_DR46,9,9,2
CESC,ABSOLUTE LiftOver,DR46,gdc_DR46,296,295,2
CESC,ASCAT3,DR46,gdc_DR46,7,7,2
CESC,ASCAT2,DR46,gdc_DR46,1,1,2
CHOL,ABSOLUTE LiftOver,DR46,gdc_DR46,36,36,2
CHOL,AscatNGS,DR46,gdc_DR46,13,13,2
COAD,ABSOLUTE LiftOver,DR46,gdc_DR46,447,447,2
COAD,ASCAT3,DR46,gdc_DR46,12,12,2
COAD,ASCAT2,DR46,gdc_DR46,14,14,2
DLBC,ABSOLUTE LiftOver,DR46,gdc_DR46,47,47,2
DLBC,ASCAT3,DR46,gdc_DR46,1,1,2
ESCA,ABSOLUTE LiftOver,DR46,gdc_DR46,163,162,2
ESCA,ASCAT2,DR46,gdc_DR46,2,2,1
ESCA,ASCAT3,DR46,gdc_DR46,21,21,2
GBM,ABSOLUTE LiftOver,DR46,gdc_DR46,572,572,2
GBM,ASCAT3,DR46,gdc_DR46,27,27,2
GBM,ASCAT2,DR46,gdc_DR46,7,7,2
HNSC,ABSOLUTE LiftOver,DR46,gdc_DR46,517,517,2
HNSC,ASCAT3,DR46,gdc_DR46,9,9,2
HNSC,ASCAT2,DR46,gdc_DR46,1,1,2
KICH,ABSOLUTE LiftOver,DR46,gdc_DR46,66,66,2
KICH,AscatNGS,DR46,gdc_DR46,14,14,2
KIRC,ABSOLUTE LiftOver,DR46,gdc_DR46,521,521,2
KIRC,ASCAT3,DR46,gdc_DR46,11,11,2
KIRC,ASCAT2,DR46,gdc_DR46,4,4,2
KIRP,ABSOLUTE LiftOver,DR46,gdc_DR46,284,284,2
KIRP,ASCAT3,DR46,gdc_DR46,6,6,2
KIRP,AscatNGS,DR46,gdc_DR46,1,1,4
LAML,ASCAT3,DR46,gdc_DR46,70,70,2
LAML,ABSOLUTE LiftOver,DR46,gdc_DR46,124,124,2
LAML,ASCAT2,DR46,gdc_DR46,3,3,2
LGG,ABSOLUTE LiftOver,DR46,gdc_DR46,520,520,2
LGG,ASCAT2,DR46,gdc_DR46,9,9,2
LGG,ASCAT3,DR46,gdc_DR46,4,4,2
LIHC,ABSOLUTE LiftOver,DR46,gdc_DR46,365,365,2
LIHC,ASCAT3,DR46,gdc_DR46,9,9,2
LIHC,ASCAT2,DR46,gdc_DR46,3,3,2
LUAD,ABSOLUTE LiftOver,DR46,gdc_DR46,507,507,2
LUAD,AscatNGS,DR46,gdc_DR46,1,1,2
LUAD,ASCAT2,DR46,gdc_DR46,10,10,2
LUAD,ASCAT3,DR46,gdc_DR46,15,15,2
LUSC,ABSOLUTE LiftOver,DR46,gdc_DR46,498,496,2
LUSC,ASCAT3,DR46,gdc_DR46,5,5,2
LUSC,AscatNGS,DR46,gdc_DR46,1,1,4
MESO,ABSOLUTE LiftOver,DR46,gdc_DR46,81,81,2
MESO,ASCAT3,DR46,gdc_DR46,6,6,2
OV,ABSOLUTE LiftOver,DR46,gdc_DR46,559,559,2
OV,ASCAT3,DR46,gdc_DR46,18,18,3
OV,AscatNGS,DR46,gdc_DR46,1,1,1
OV,ASCAT2,DR46,gdc_DR46,16,16,2
PAAD,ABSOLUTE LiftOver,DR46,gdc_DR46,166,166,1
PAAD,AscatNGS,DR46,gdc_DR46,1,1,2
PAAD,ASCAT3,DR46,gdc_DR46,19,19,2
PCPG,AscatNGS,DR46,gdc_DR46,2,2,4.5
PCPG,ABSOLUTE LiftOver,DR46,gdc_DR46,165,165,2
PCPG,ASCAT2,DR46,gdc_DR46,1,1,2
PCPG,ASCAT3,DR46,gdc_DR46,15,15,2
PRAD,ABSOLUTE LiftOver,DR46,gdc_DR46,474,474,2
PRAD,ASCAT3,DR46,gdc_DR46,21,21,2
PRAD,ASCAT2,DR46,gdc_DR46,4,4,2
READ,ABSOLUTE LiftOver,DR46,gdc_DR46,164,164,2
READ,ASCAT3,DR46,gdc_DR46,2,2,1.5
READ,ASCAT2,DR46,gdc_DR46,2,2,1
SARC,ABSOLUTE LiftOver,DR46,gdc_DR46,248,247,2
SARC,ASCAT3,DR46,gdc_DR46,13,13,2
SKCM,ABSOLUTE LiftOver,DR46,gdc_DR46,463,462,2
SKCM,ASCAT3,DR46,gdc_DR46,8,8,2
SKCM,ASCAT2,DR46,gdc_DR46,1,1,3
STAD,ABSOLUTE LiftOver,DR46,gdc_DR46,429,429,2
STAD,ASCAT2,DR46,gdc_DR46,1,1,3
STAD,ASCAT3,DR46,gdc_DR46,12,12,2
TGCT,AscatNGS,DR46,gdc_DR46,113,113,2
TGCT,ABSOLUTE LiftOver,DR46,gdc_DR46,155,155,2
TGCT,ASCAT3,DR46,gdc_DR46,1,1,3
THCA,ABSOLUTE LiftOver,DR46,gdc_DR46,482,482,2
THCA,ASCAT3,DR46,gdc_DR46,28,28,2
THCA,ASCAT2,DR46,gdc_DR46,1,1,2
THYM,ABSOLUTE LiftOver,DR46,gdc_DR46,106,106,2
THYM,ASCAT3,DR46,gdc_DR46,18,18,2
UCEC,ABSOLUTE LiftOver,DR46,gdc_DR46,537,536,2
UCEC,ASCAT3,DR46,gdc_DR46,8,8,2
UCEC,ASCAT2,DR46,gdc_DR46,4,4,2
UCS,ASCAT3,DR46,gdc_DR46,1,1,2
UCS,ABSOLUTE LiftOver,DR46,gdc_DR46,55,55,3
UVM,ABSOLUTE LiftOver,DR46,gdc_DR46,80,80,2
