CancerType,N,Pearson_r,Pearson_P,Spearman_rho,Spearman_P,CN_median,Expression_median,Pearson_CI_low,Pearson_CI_high,eligible,Pearson_FDR,Spearman_FDR,GDCRelease,DataLayer
ACC,78,0.0627207517507059,0.585389792007832,0.0635456340746888,0.580456529124361,2,4.49643012517841,-0.162072092481252,0.28132497177611,TRUE,0.643928771208616,0.598595795659497,DR46,gdc_DR46
BLCA,406,0.307618912124839,2.3971985534415e-10,0.340676329592886,1.72071039320317e-12,2,5.5342701130586,0.216785447011601,0.393171619119737,TRUE,8.78972802928548e-10,8.11192042510066e-12,DR46,gdc_DR46
BRCA,1103,0.342025287431915,1.260078996748e-31,0.35137156772158,2.12682710994851e-33,2,6.05135252339854,0.288829897971965,0.393115307168188,TRUE,4.15826068926839e-30,7.01852946283009e-32,DR46,gdc_DR46
CESC,300,0.300572177491099,1.1110184370309e-07,0.28433930355316,5.49725353194954e-07,2,5.91531955569685,0.19393221811054,0.400191674354335,TRUE,3.05530070183498e-07,1.29578118967382e-06,DR46,gdc_DR46
CHOL,35,0.394904416969215,0.0188865011228302,0.408565708032252,0.0148207318639147,2,5.41343499268132,0.0710017390711991,0.643469970797652,TRUE,0.0296787874787332,0.022231097795872,DR46,gdc_DR46
COAD,471,0.359480692301525,8.17007563639957e-16,0.426940473984823,2.73982941043125e-22,2,5.48964247713863,0.27816311238687,0.435682071518092,TRUE,4.49354160001976e-15,2.26035926360578e-21,DR46,gdc_DR46
DLBC,48,0.45613836978065,0.00112064695858644,0.452610869812379,0.00123789579186034,2,5.26034362784602,0.197615588214154,0.655338139956769,TRUE,0.00231133435208453,0.00226947561841062,DR46,gdc_DR46
ESCA,184,0.396653618827333,2.48713675081677e-08,0.449104129479449,1.61234806030489e-10,2,5.78894003468328,0.267332210303775,0.511939390288236,TRUE,7.4614102524503e-08,5.32074859900615e-10,DR46,gdc_DR46
GBM,292,0.173193457378499,0.00298471154390861,0.164322678486944,0.00487675963894088,2,4.8804641581851,0.0595943105207904,0.282363984240001,TRUE,0.00547197116383245,0.00766347943262139,DR46,gdc_DR46
HNSC,519,0.348122352069966,3.12135656102517e-16,0.392031032360767,1.63592096340747e-20,2,5.91134164994205,0.270147547765475,0.421560434777409,TRUE,2.06009533027661e-15,1.07970783584893e-19,DR46,gdc_DR46
KICH,66,0.0380305078555252,0.761761997982475,0.187361714622299,0.131957762173335,2,4.98424003371667,-0.205897476104649,0.277508915176177,TRUE,0.785567060419428,0.161281709322965,DR46,gdc_DR46
KIRC,533,0.112002988746667,0.00965724965228569,0.173963618583335,5.398701345917e-05,2,5.48994427066258,0.0273326878712685,0.19507762469724,TRUE,0.0159344619262714,0.000111348215259538,DR46,gdc_DR46
KIRP,290,0.116661932264981,0.0471574526292387,0.119520404646996,0.0419652382930147,2,4.78249017025108,0.00150253610962435,0.228767551804576,TRUE,0.0632134631532318,0.0602109940725863,DR46,gdc_DR46
LAML,134,0.191328361142431,0.0267918898786895,0.252702974647201,0.00322111113625628,2,5.70085713481935,0.0224690112063405,0.349574108652847,TRUE,0.0401878348180343,0.00531483337482286,DR46,gdc_DR46
LGG,533,0.0927069441008161,0.0323635548500841,0.0695102546976704,0.108947788797563,2,5.20280165775652,0.00783835879071066,0.176249522435017,TRUE,0.0464346656544685,0.138279885781522,DR46,gdc_DR46
LIHC,371,0.162854640946513,0.0016481238586848,0.16861276231834,0.00111363640523743,2,4.25301352932094,0.0620676449716795,0.260353807812217,TRUE,0.00319929925509402,0.00216176478663737,DR46,gdc_DR46
LUAD,530,0.377447433251977,2.17290808342243e-19,0.37441043634987,4.41925132803279e-19,2,5.48995595113097,0.301984934662843,0.448209202220126,TRUE,1.7926491688235e-18,2.43058823041803e-18,DR46,gdc_DR46
LUSC,499,0.468594411607886,1.32804007092379e-28,0.469720379013838,9.46206493605095e-29,2,5.89630091557381,0.397151773636717,0.534392014246683,TRUE,2.19126611702426e-27,1.56124071444841e-27,DR46,gdc_DR46
MESO,87,0.286980277223539,0.0070389355808252,0.326625049140044,0.00201749660242345,2,5.17577208150178,0.0812433381633245,0.469260824352683,TRUE,0.0122255196930122,0.00350407304631442,DR46,gdc_DR46
OV,428,0.482345531813167,2.52978036650529e-26,0.487275790926481,6.61684888274187e-27,2,4.74949670290858,0.40612684197035,0.551899496988219,TRUE,2.78275840315582e-25,7.27853377101606e-26,DR46,gdc_DR46
PAAD,179,0.127926511241148,0.0879023080029967,0.146309594728844,0.0506651679833089,1,5.25110553276739,-0.0191042274657427,0.269541314784525,TRUE,0.111568314003803,0.0696646059770497,DR46,gdc_DR46
PCPG,183,-0.0805784153662568,0.278214212526827,-0.0542129921881667,0.466068475425933,2,5.17800945222861,-0.223028214044429,0.0652407968946779,TRUE,0.316588586668459,0.512675322968526,DR46,gdc_DR46
PRAD,498,0.189597512682403,2.05250938390951e-05,0.277670804845384,2.87606817452033e-10,2,5.43066742842402,0.103454339002321,0.27291754819946,TRUE,4.51552064460093e-05,8.628204523561e-10,DR46,gdc_DR46
READ,167,0.355370419345857,2.44509126970358e-06,0.349631587512248,3.63350487099546e-06,2,5.26372553163855,0.215116177851225,0.48126138189451,TRUE,5.76342942144414e-06,7.99371071619002e-06,DR46,gdc_DR46
SARC,259,0.400852752436976,2.04035413518591e-11,0.39984332346307,2.31455484529016e-11,2,5.3804835765839,0.293294254764031,0.498390373890696,TRUE,8.41646080764188e-11,8.48670109939727e-11,DR46,gdc_DR46
SKCM,470,0.230421030142723,4.41297718478831e-07,0.251643404766592,3.19845178520768e-08,2,5.34512625777087,0.142951873814468,0.314318692110584,TRUE,1.12021728536934e-06,8.11914683937334e-08,DR46,gdc_DR46
STAD,412,0.342116215189099,9.35509996786944e-13,0.327960858991799,8.70928955383442e-12,2,5.35925406814568,0.253896406702956,0.424690852269781,TRUE,4.41026141342416e-12,3.5925819409567e-11,DR46,gdc_DR46
TGCT,156,0.0398980437359899,0.620942100314978,0.0567406634110377,0.481708015936389,2,4.73607974758156,-0.117982411549695,0.195811136299896,TRUE,0.66100288098046,0.512785952448414,DR46,gdc_DR46
THCA,509,-0.053828946126328,0.225386206263268,-0.0539460140915667,0.224377489352534,2,5.63652022074327,-0.140084782328827,0.0332377515269377,TRUE,0.265633743095995,0.255326108573573,DR46,gdc_DR46
THYM,120,-0.146519639032347,0.110294008287905,-0.130869802432727,0.154233323528311,2,5.55186856147579,-0.317424652444688,0.033604226902282,TRUE,0.13480378790744,0.181774988444081,DR46,gdc_DR46
UCEC,546,0.241427691412497,1.10903098911047e-08,0.264668458969393,3.32920848076862e-10,2,4.90711350579717,0.160772421945416,0.318879899834083,TRUE,3.65980226406454e-08,9.15532332211371e-10,DR46,gdc_DR46
UCS,56,0.265589687366401,0.0478889872372968,0.239876412925582,0.0749643206036538,3,4.91262984682788,0.00289101726044139,0.493997500463902,TRUE,0.0632134631532318,0.098952903196823,DR46,gdc_DR46
UVM,80,0.0252577680577724,0.824008524439656,-0.0428571025664176,0.705827245930193,2,4.27301590647105,-0.195544312704051,0.243622666022901,TRUE,0.824008524439656,0.705827245930193,DR46,gdc_DR46
