database,release,dataset,filename,original_url,download_date,file_size,SHA256,status,relative_path,publisher_md5,MD5,etag,last_modified,error
DepMap,26Q1,CRISPRGeneDependency.csv,CRISPRGeneDependency.csv,,,,,skipped_by_user,data/raw/depmap/26Q1/CRISPRGeneDependency.csv,c77718247936dd31246cf6e0627e2b31,,,,User explicitly requested skipping DepMap downloads after official endpoint required browser verification.
DepMap,26Q1,CRISPRGeneEffect.csv,CRISPRGeneEffect.csv,,,,,skipped_by_user,data/raw/depmap/26Q1/CRISPRGeneEffect.csv,e4f75f92348388459c91401d20a9724e,,,,User explicitly requested skipping DepMap downloads after official endpoint required browser verification.
DepMap,26Q1,CRISPRScreenMap.csv,CRISPRScreenMap.csv,,,,,skipped_by_user,data/raw/depmap/26Q1/CRISPRScreenMap.csv,31e6beabaf716e9f0e2ee23a29309974,,,,User explicitly requested skipping DepMap downloads after official endpoint required browser verification.
DepMap,26Q1,Model.csv,Model.csv,,,,,skipped_by_user,data/raw/depmap/26Q1/Model.csv,a15d75dffcc5219111ca39598948df9a,,,,User explicitly requested skipping DepMap downloads after official endpoint required browser verification.
DepMap,26Q1,ModelCondition.csv,ModelCondition.csv,,,,,skipped_by_user,data/raw/depmap/26Q1/ModelCondition.csv,ed90c04828d7beb0adc6b2e3067c2185,,,,User explicitly requested skipping DepMap downloads after official endpoint required browser verification.
DepMap,26Q1,OmicsCNGene.csv,OmicsCNGene.csv,,,,,unavailable_optional,data/raw/depmap/26Q1/OmicsCNGene.csv,,,,,Not supplied in selected release; no older release substituted.
DepMap,26Q1,OmicsCNGeneWGS.csv,OmicsCNGeneWGS.csv,,,,,skipped_by_user,data/raw/depmap/26Q1/OmicsCNGeneWGS.csv,96a13bf6531b7140ce4b8188d7d73bc6,,,,User explicitly requested skipping DepMap downloads after official endpoint required browser verification.
DepMap,26Q1,OmicsExpressionTPMLogp1HumanAllGenesStranded.csv,OmicsExpressionTPMLogp1HumanAllGenesStranded.csv,,,,,skipped_by_user,data/raw/depmap/26Q1/OmicsExpressionTPMLogp1HumanAllGenesStranded.csv,dc25ade6ffa04a0ed013e22b94847ffd,,,,User explicitly requested skipping DepMap downloads after official endpoint required browser verification.
DepMap,26Q1,OmicsExpressionTPMLogp1HumanProteinCodingGenes.csv,OmicsExpressionTPMLogp1HumanProteinCodingGenes.csv,,,,,skipped_by_user,data/raw/depmap/26Q1/OmicsExpressionTPMLogp1HumanProteinCodingGenes.csv,559245dfb8dc496a8e30bba4c97d9b25,,,,User explicitly requested skipping DepMap downloads after official endpoint required browser verification.
DepMap,26Q1,OmicsFusionFilteredSupplementary.csv,OmicsFusionFilteredSupplementary.csv,,,,,skipped_by_user,data/raw/depmap/26Q1/OmicsFusionFilteredSupplementary.csv,f4fbecd5990e4f204d99eac1ad6420ab,,,,User explicitly requested skipping DepMap downloads after official endpoint required browser verification.
DepMap,26Q1,OmicsGlobalSignatures.csv,OmicsGlobalSignatures.csv,,,,,skipped_by_user,data/raw/depmap/26Q1/OmicsGlobalSignatures.csv,70795931333b44e188773c9097fb5c0d,,,,User explicitly requested skipping DepMap downloads after official endpoint required browser verification.
DepMap,26Q1,OmicsInferredMolecularSubtypes.csv,OmicsInferredMolecularSubtypes.csv,,,,,skipped_by_user,data/raw/depmap/26Q1/OmicsInferredMolecularSubtypes.csv,9acb7b0974fc5b2007b04e4351a1fd73,,,,User explicitly requested skipping DepMap downloads after official endpoint required browser verification.
DepMap,26Q1,OmicsProfiles.csv,OmicsProfiles.csv,,,,,skipped_by_user,data/raw/depmap/26Q1/OmicsProfiles.csv,5943032f3359af5894c30523ca32f2a8,,,,User explicitly requested skipping DepMap downloads after official endpoint required browser verification.
DepMap,26Q1,OmicsSomaticMutations.csv,OmicsSomaticMutations.csv,,,,,skipped_by_user,data/raw/depmap/26Q1/OmicsSomaticMutations.csv,d5b0b87ba8852c50da54ba1442b7518f,,,,User explicitly requested skipping DepMap downloads after official endpoint required browser verification.
DepMap,26Q1,OmicsSomaticMutationsMatrixDamaging.csv,OmicsSomaticMutationsMatrixDamaging.csv,,,,,skipped_by_user,data/raw/depmap/26Q1/OmicsSomaticMutationsMatrixDamaging.csv,e3a8019fd4c52d7e4e9ca51fccdf3c31,,,,User explicitly requested skipping DepMap downloads after official endpoint required browser verification.
DepMap,26Q1,OmicsSomaticMutationsMatrixHotspot.csv,OmicsSomaticMutationsMatrixHotspot.csv,,,,,skipped_by_user,data/raw/depmap/26Q1/OmicsSomaticMutationsMatrixHotspot.csv,5a402d51d95f625ae79bcd5bb71bcf77,,,,User explicitly requested skipping DepMap downloads after official endpoint required browser verification.
DepMap,26Q1,ScreenSequenceMap.csv,ScreenSequenceMap.csv,,,,,skipped_by_user,data/raw/depmap/26Q1/ScreenSequenceMap.csv,57d6c76444a5a413353c07c4c75eb10e,,,,User explicitly requested skipping DepMap downloads after official endpoint required browser verification.
TCGA,PANCAN,TCGA.PANCAN.sampleMap/Gistic2_CopyNumber_Gistic2_all_data_by_genes,Gistic2_CopyNumber_Gistic2_all_data_by_genes.tsv.gz,https://tcga.xenahubs.net/download/TCGA.PANCAN.sampleMap%2FGistic2_CopyNumber_Gistic2_all_data_by_genes.gz,2026-10-02T16:03:42+08:00,468113188,9f98810361c9d0e262c79da256ab5b663b0530f890348200b9ce0ed40dd9b1b6,verified,data/raw/tcga/pancanatlas_reference/Gistic2_CopyNumber_Gistic2_all_data_by_genes.tsv.gz,,5c3365aa3fdc4c8b239ab952ecc7135f,"""b92143b433c121e6e3ae2e12f879f9ce-56""","Thu, 08 Apr 2021 17:30:43 GMT",
TCGA,PANCAN,TCGA.PANCAN.sampleMap/Gistic2_CopyNumber_Gistic2_all_thresholded.by_genes,Gistic2_CopyNumber_Gistic2_all_thresholded.by_genes.tsv.gz,https://tcga.xenahubs.net/download/TCGA.PANCAN.sampleMap%2FGistic2_CopyNumber_Gistic2_all_thresholded.by_genes.gz,2026-10-02T16:04:04+08:00,84674099,818e3a5ed5a9c0b8e7d7da73cacba48d79a75e0fa515694e381f4ae7e58ae6ce,verified,data/raw/tcga/pancanatlas_reference/Gistic2_CopyNumber_Gistic2_all_thresholded.by_genes.tsv.gz,,6fdbb1829df29de9c93ec608003d2ef4,"""793b7af7ae6e6a1fe6b1db1148e5e787-11""","Thu, 08 Apr 2021 17:30:43 GMT",
TCGA,PANCAN,TCGA_phenotype_denseDataOnlyDownload.tsv,TCGA_phenotype_denseDataOnlyDownload.tsv.gz,https://pancanatlas.xenahubs.net/download/TCGA_phenotype_denseDataOnlyDownload.tsv.gz,2026-10-02T16:08:51+08:00,61165,ac3923bb155ada3391b653a811f6c8c9c4734593b0c2b0a1555728928d83e5a2,verified,data/raw/tcga/pancanatlas_reference/TCGA_phenotype_denseDataOnlyDownload.tsv.gz,,f3c026b3d8182f61cb9dc3020b3355de,"""f3c026b3d8182f61cb9dc3020b3355de""","Wed, 27 Jan 2021 21:39:35 GMT",
TCGA,PANCAN,MC3 v0.2.8 PUBLIC MAF,mc3.v0.2.8.PUBLIC.maf.gz,https://api.gdc.cancer.gov/data/1c8cfe5f-e52d-41ba-94da-f15ea1337efc,,,,failed,data/raw/tcga/pancanatlas_reference/mc3.v0.2.8.PUBLIC.maf.gz,,,,,"Command '['C:\\Program Files\\Git\\mingw64\\bin\\curl.exe', '--fail', '--location', '--silent', '--show-error', '--connect-timeout', '30', '--head', '--max-time', '90', '--retry', '2', 'https://api.gdc.cancer.gov/data/1c8cfe5f-e52d-41ba-94da-f15ea1337efc']' returned non-zero exit status 22."
TCGA,PANCAN,mc3.v0.2.8.PUBLIC.xena,mc3.v0.2.8.PUBLIC.xena.tsv.gz,https://pancanatlas.xenahubs.net/download/mc3.v0.2.8.PUBLIC.xena.gz,2026-10-02T16:13:25+08:00,64540936,50f6301defc8468fb4bdb7407236d75545edaade3bb73778da3c4bb954485cc6,verified,data/raw/tcga/pancanatlas_reference/mc3.v0.2.8.PUBLIC.xena.tsv.gz,,3d7fe3130d0ec452592a437285d32aea,"""5127b951a27ef0229bf19202550fce6e-8""","Wed, 27 Jan 2021 21:39:36 GMT",
TCGA,PANCAN,tcga_RSEM_Hugo_norm_count,tcga_RSEM_Hugo_norm_count.tsv.gz,https://toil.xenahubs.net/download/tcga_RSEM_Hugo_norm_count.gz,2026-10-02T16:08:44+08:00,935272500,fdf320a8fb80ab9dc9b9ca230a3221b66be4023efde10fa6a71aea1569b4c023,verified,data/raw/tcga/pancanatlas_reference/tcga_RSEM_Hugo_norm_count.tsv.gz,,3339a324f73132ef30319ea658a709e7,"""ed27febbb84ed2a844341fc55c2e3ccd-112""","Fri, 09 Apr 2021 20:04:51 GMT",
