canonical_name,original_name,path,size_MB,rows,columns,model_count,gene_count,sha256,active,modified_at,notes
CopyNumber_WGS_26Q1.csv,Copy_Number_WGS_Public_26Q1_subsetted_NAsdropped.csv,data/raw/depmap/26Q1/CopyNumber_WGS_26Q1.csv,268.314,1118,18614,1118,18613,a99614c6ab67278b789940501b3c33cb4aeb8d6315db39153960334ee0adc93d,True,2026-10-02T16:54:54.384697,User-supplied 26Q1 portal export; gene-symbol columns. Analyze all supplied columns; official full-release completeness not asserted.
CRISPRScreenMap.csv,CRISPRScreenMap.csv,data/raw/depmap/26Q1/CRISPRScreenMap.csv,0.038,1451,2,1208,0,9bec9f1fcc7ce5219c41c5f4d91be054f0828e8c289fca9f7b7d79337bc21a97,True,2026-10-02T16:55:35.629052,User-supplied metadata/export.
CRISPR_Chronos_26Q1.csv,"CRISPR_(DepMap_Public_26Q1+Score,_Chronos)_subsetted.csv",data/raw/depmap/26Q1/CRISPR_Chronos_26Q1.csv,290.987,1208,18532,1208,18531,55fdef5bccdf78116aa4c790febc09a6815b143e7c11a7095cbb930adf8dc51d,True,2026-10-02T16:52:30.951529,User-supplied 26Q1 portal export; gene-symbol columns. Analyze all supplied columns; official full-release completeness not asserted.
CRISPR_GeneDependency_26Q1.csv,CRISPR_Gene_Dependency_subsetted.csv,data/raw/depmap/26Q1/CRISPR_GeneDependency_26Q1.csv,274.919,1208,18532,1208,18531,cdc744644e22e10f3d60dc61c4a182f3bf7d2b0bc8fc3c133a2cfc3a5c1be653,True,2026-10-02T16:53:15.857202,User-supplied 26Q1 portal export; gene-symbol columns. Analyze all supplied columns; official full-release completeness not asserted.
Mutation_Damaging_26Q1.csv,Damaging_Mutations_(Public_26Q1)_subsetted.csv,data/raw/depmap/26Q1/Mutation_Damaging_26Q1.csv,153.694,1968,19506,1968,19505,41a7bfe17974d62a98487e07a45f96419a5520808d5e4b1b5631b7017f446bd6,True,2026-10-02T16:54:43.776835,User-supplied 26Q1 portal export; gene-symbol columns. Analyze all supplied columns; official full-release completeness not asserted.
Expression_26Q1.csv,Expression_(Short-read)_Public_26Q1_subsetted.csv,data/raw/depmap/26Q1/Expression_26Q1.csv,374.394,1719,19216,1719,19215,620fa7a35fb4e08372f302a59dd5f01f8422f6aacff228b38d4f0d72c2257185,True,2026-10-02T16:49:06.996982,User-supplied 26Q1 portal export; gene-symbol columns. Analyze all supplied columns; official full-release completeness not asserted.
Mutation_Hotspot_26Q1.csv,Hotspot_Mutations_(Public_26Q1)_subsetted.csv,data/raw/depmap/26Q1/Mutation_Hotspot_26Q1.csv,4.378,1968,554,1968,553,b5c6a8f8ecf4ce17092d17e871f1486303be852d7b19d116aa9b64f2092c1350,True,2026-10-02T16:53:00.042439,User-supplied 26Q1 portal export; gene-symbol columns. Analyze all supplied columns; official full-release completeness not asserted.
MolecularSubtypes_26Q1.csv,Inferred_Molecular_Subtypes_Public_26Q1_subsetted.csv,data/raw/depmap/26Q1/MolecularSubtypes_26Q1.csv,0.306,2044,40,2044,0,6c67bad531b9ba3e910e48af1df040f2578b7d792de85db49fcef82dbc15496e,True,2026-10-02T16:46:14.023249,User-supplied metadata/export.
Model.csv,Model.csv,data/raw/depmap/26Q1/Model.csv,0.697,2154,49,2154,0,ea4e0b2a3bc806f81df62689a5ae75f1a100135727a3d7b8a4c7ccc8815183f8,True,2026-10-02T16:54:55.011503,User-supplied metadata/export.
ModelCondition.csv,ModelCondition.csv,data/raw/depmap/26Q1/ModelCondition.csv,0.224,2826,16,2044,0,8060accf252366d165618d80808e4e903ce5142de22fbd400a785ed195c1eb60,True,2026-10-02T16:55:10.247995,User-supplied metadata/export.
OmicsProfiles.csv,OmicsProfiles.csv,data/raw/depmap/26Q1/OmicsProfiles.csv,0.672,4819,18,2044,0,978f9ff9a11214e9d923619c20d2bc36bf4ca3e30fd46a6d9a424ea0e7c49bd2,True,2026-10-02T16:55:24.492594,User-supplied metadata/export.
OmicsSignatures_26Q1.csv,Omics_Signatures_Public_26Q1_subsetted.csv,data/raw/depmap/26Q1/OmicsSignatures_26Q1.csv,0.11,1968,7,1968,0,c09aaaf2ee00ff993959ac42309e7768cf219d042182c1067e3cde83a2f380ed,True,2026-10-02T16:53:07.879236,User-supplied metadata/export.
ScreenSequenceMap.csv,ScreenSequenceMap.csv,data/raw/depmap/26Q1/ScreenSequenceMap.csv,0.381,3346,14,1257,0,cd053d229750d2e35abb1dcd71410ab336f3f9eef122a8168108cb57f98359d3,True,2026-10-02T16:56:17.097664,User-supplied metadata/export.
